{"type":"FeatureCollection", "features": [
{"type":"Feature","geometry":{"type":"Polygon","coordinates":[[[105.9251128,21.2942133],[105.9279454,21.295105],[105.9305009,21.2950365],[105.931523,21.2943776],[105.9318462,21.2934503],[105.9315093,21.2922001],[105.9306713,21.2913517],[105.9280147,21.2907313],[105.9259368,21.2897446],[105.9234655,21.2877803],[105.9229727,21.2863858],[105.9226808,21.2830302],[105.9225623,21.2764617],[105.9229008,21.2717418],[105.9231805,21.2700345],[105.9254629,21.2665922],[105.9289222,21.2625629],[105.9297852,21.2612697],[105.9308341,21.2587414],[105.9338022,21.2536076],[105.9359908,21.2507284],[105.9378117,21.2486372],[105.9388419,21.2469041],[105.9389124,21.2451239],[105.9378752,21.2433987],[105.9362699,21.2410556],[105.935563,21.2383113],[105.9361071,21.236982],[105.9402752,21.233755],[105.9419443,21.2328471],[105.9439406,21.2327752],[105.9477645,21.2341999],[105.9512562,21.2348448],[105.9533047,21.2342198],[105.9542883,21.2332562],[105.9564022,21.2280675],[105.9575315,21.2270588],[105.9589155,21.2271821],[105.9602529,21.2295758],[105.9617441,21.2304446],[105.9641046,21.2302946],[105.9662733,21.2288752],[105.9668316,21.2266454],[105.9674048,21.2255567],[105.9689204,21.2246472],[105.9727102,21.2234315],[105.9754019,21.2230112],[105.9770904,21.2231341],[105.9781705,21.2236279],[105.9788954,21.2245116],[105.9797108,21.228562],[105.9807086,21.2313422],[105.9822214,21.2328823],[105.9839197,21.233649],[105.9880012,21.2345783],[105.9903178,21.2357712],[105.9909994,21.2366805],[105.9915761,21.2393837],[105.9913641,21.2412052],[105.9906758,21.2427476],[105.989012,21.2451106],[105.9870768,21.2493497],[105.9867349,21.2516507],[105.9872907,21.2548263],[105.9884334,21.2570515],[105.9911706,21.2612129],[105.9923036,21.26316],[105.9900406,21.2646687],[105.9896605,21.2654374],[105.9880825,21.2654712],[105.9870871,21.2665796],[105.9843357,21.2663751],[105.9841656,21.2679926],[105.9853184,21.2706334],[105.9847908,21.2720373],[105.9855267,21.2739428],[105.9870717,21.2745826],[105.9879729,21.2759923],[105.9878763,21.2790745],[105.9885415,21.2803642],[105.9882358,21.2822329],[105.9890994,21.2829077],[105.9882465,21.2866513],[105.9875277,21.2868263],[105.987356,21.2883342],[105.9881284,21.2900713],[105.9879729,21.2919987],[105.9873721,21.2947927],[105.9865674,21.2963921],[105.986664,21.2978066],[105.9849849,21.2995912],[105.9837302,21.3002559],[105.9826627,21.2996662],[105.9792777,21.3004309],[105.9790685,21.3022401],[105.9783121,21.3058189],[105.9774967,21.3065486],[105.9788057,21.3075482],[105.9790041,21.3097621],[105.9781512,21.3114813],[105.9769764,21.3126807],[105.9746053,21.3116375],[105.9731301,21.3116975],[105.9709146,21.3137165],[105.9705927,21.3160042],[105.967535,21.3148347],[105.9663656,21.3148594],[105.9677141,21.3174486],[105.9661617,21.3184364],[105.9650996,21.3187062],[105.9629002,21.3186363],[105.9620848,21.3177467],[105.9605344,21.3173371],[105.9582546,21.3142986],[105.9590914,21.3128094],[105.9579434,21.3119698],[105.957922,21.3108903],[105.9563985,21.3104905],[105.9558035,21.3081547],[105.9539344,21.3083012],[105.9528709,21.3080315],[105.9521705,21.3055888],[105.9501577,21.3067026],[105.9483869,21.3057652],[105.9473453,21.3081405],[105.946795,21.3081365],[105.9445245,21.3109892],[105.9424861,21.3102588],[105.940714,21.3109213],[105.9410178,21.3135345],[105.9374252,21.3147054],[105.9367118,21.3142357],[105.935714,21.3150128],[105.9340617,21.3137291],[105.9328672,21.313282],[105.9317655,21.3111225],[105.9307057,21.3103012],[105.9292875,21.3097982],[105.9282527,21.3081302],[105.9263375,21.3078479],[105.9243031,21.3088478],[105.9229183,21.3068532],[105.9230326,21.305898],[105.9221586,21.3050453],[105.9228272,21.303145],[105.9227979,21.3022063],[105.9240599,21.3002234],[105.9251128,21.2942133]]]},"properties":{"@id":"relation/16190351","UArea":"54.32","admin_level":"6","boundary":"administrative","name":"Xã Xuân Cẩm","name:lzh":"春錦社","name:vi-Hani":"社春錦","name:zh":"春錦社","name:zh-Hans":"春锦社","name:zh-Hant":"春錦社","population":"73763","type":"boundary","wikidata":"Q1841574","wikipedia":"vi:Xuân Cẩm"},"id":"relation/16190351"},
{"type":"Feature","geometry":{"type":"Polygon","coordinates":[[[106.101962,21.0397586],[106.10411,21.04013],[106.1065769,21.0398872],[106.1090819,21.0381501],[106.1105802,21.0398216],[106.1117908,21.0389552],[106.1125418,21.0396562],[106.1202383,21.0385193],[106.1210417,21.0400488],[106.123172,21.0399273],[106.124164,21.0394113],[106.1246844,21.0407773],[106.1264894,21.0403978],[106.1324413,21.0361329],[106.1330105,21.0349793],[106.1352058,21.0335526],[106.1366931,21.0316707],[106.1379081,21.0341097],[106.1379251,21.0354607],[106.1372641,21.0362807],[106.1371061,21.0382347],[106.1391991,21.0393037],[106.1405901,21.0406677],[106.1391201,21.0416267],[106.1390941,21.0444297],[106.1406131,21.0436937],[106.1406051,21.0489107],[106.1416211,21.0501877],[106.1414061,21.0516638],[106.1381401,21.0513728],[106.1348371,21.0602388],[106.1321371,21.0678618],[106.1307361,21.0723268],[106.1291121,21.0717578],[106.1282141,21.0735388],[106.1295631,21.0740328],[106.1300841,21.0751238],[106.1333422,21.0784114],[106.1286513,21.0799168],[106.11766,21.0917744],[106.1146569,21.0932543],[106.1130782,21.0936351],[106.1108449,21.0934614],[106.1088329,21.0919931],[106.1078343,21.0892312],[106.105788,21.0801718],[106.10375,21.0770261],[106.0997037,21.0738325],[106.0945897,21.0711011],[106.0958637,21.0669002],[106.0979087,21.0674727],[106.1001014,21.0619809],[106.0992606,21.0607086],[106.0971361,21.0600513],[106.0972724,21.0589699],[106.0967953,21.0574537],[106.0976474,21.0547713],[106.098372,21.0548704],[106.1002644,21.0488903],[106.1017913,21.0473191],[106.1024717,21.0443296],[106.1012725,21.0429766],[106.101962,21.0397586]]]},"properties":{"@id":"relation/17776226","admin_level":"6","boundary":"administrative","name":"Phường Mão Điền","name:en":"Mao Dien Ward","name:lzh":"卯田社","name:vi-Hani":"社卯田","name:zh":"卯田社","name:zh-Hans":"卯田社","name:zh-Hant":"卯田社","population":"42785","population:date":"2025-07-01","source:population":"gis.vn","type":"boundary","wikidata":"Q10796210","wikipedia":"vi:Mão Điền"},"id":"relation/17776226"},
{"type":"Feature","geometry":{"type":"Polygon","coordinates":[[[106.1378646,21.0012428],[106.1406562,21.0009023],[106.1405296,21.0078348],[106.1413194,21.0085322],[106.1414054,21.0099905],[106.1403061,21.0102856],[106.1404731,21.0149546],[106.1410731,21.0257767],[106.1430441,21.0249147],[106.1436051,21.0258597],[106.1424651,21.0263817],[106.1426661,21.0277877],[106.1415961,21.0287337],[106.1398791,21.0285107],[106.1382661,21.0294597],[106.1377341,21.0307817],[106.1366931,21.0316707],[106.1352058,21.0335526],[106.1330105,21.0349793],[106.1324413,21.0361329],[106.1264894,21.0403978],[106.1246844,21.0407773],[106.124164,21.0394113],[106.123172,21.0399273],[106.1210417,21.0400488],[106.1202383,21.0385193],[106.1125418,21.0396562],[106.1117908,21.0389552],[106.1105802,21.0398216],[106.1090819,21.0381501],[106.1065769,21.0398872],[106.10411,21.04013],[106.101962,21.0397586],[106.1010425,21.0376522],[106.0981315,21.0379064],[106.0954587,21.0360474],[106.0934329,21.0351893],[106.0971271,21.0319002],[106.0981132,21.0307639],[106.0959792,21.0287406],[106.0976527,21.0272414],[106.0953452,21.0242297],[106.094387,21.0238646],[106.0938371,21.0217998],[106.094211,21.0206885],[106.0960044,21.0192903],[106.09943,21.0199873],[106.1017716,21.0199873],[106.1018679,21.0208795],[106.1032314,21.0209003],[106.1032017,21.0218686],[106.1051432,21.0218617],[106.1059064,21.0207965],[106.1124873,21.0212743],[106.1146775,21.0211101],[106.1147197,21.0183694],[106.1171445,21.0203956],[106.1180922,21.0198817],[106.1179901,21.0178874],[106.1169176,21.0173074],[106.1164573,21.0151299],[106.1164567,21.0125311],[106.1156368,21.0102873],[106.11449,21.0115174],[106.1140048,21.0104447],[106.1112725,21.0110883],[106.1108469,21.0096819],[106.1098511,21.0100871],[106.1095616,21.0069564],[106.1107769,21.0069495],[106.1108065,21.0050956],[106.1116068,21.0046982],[106.1082575,21.0006721],[106.1092601,20.9998468],[106.1118156,20.9973177],[106.1128446,20.9965935],[106.1156881,20.9959605],[106.1157938,20.98988],[106.1145481,20.9875088],[106.1149341,20.9832473],[106.1179386,20.984146],[106.1191557,20.9848427],[106.1271708,20.9834372],[106.1288508,20.9867713],[106.129387,20.9874482],[106.1289012,20.9896107],[106.1294469,20.9915759],[106.1290036,20.992967],[106.1304945,20.9935014],[106.1310983,20.9941869],[106.132245,20.9967695],[106.1319908,20.9991456],[106.1378646,21.0012428]]]},"properties":{"@id":"relation/17776228","admin_level":"6","boundary":"administrative","name":"Phường Trạm Lộ","name:en":"Tram Lo Ward","name:lzh":"湛露坊","name:vi-Hani":"坊湛露","name:zh":"湛露坊","name:zh-Hans":"湛露坊","name:zh-Hant":"湛露坊","population":"21132","population:date":"2025-07-01","source:population":"gis.vn","type":"boundary","wikidata":"Q10829210","wikipedia":"vi:Trạm Lộ"},"id":"relation/17776228"},
{"type":"Feature","geometry":{"type":"Polygon","coordinates":[[[106.0938371,21.0217998],[106.0913136,21.0189315],[106.0901088,21.0185566],[106.0884182,21.0193326],[106.0846075,21.0206752],[106.0842246,21.0218261],[106.0833186,21.0221835],[106.0822632,21.0233866],[106.0785956,21.0245856],[106.077509,21.0235864],[106.0772255,21.0226545],[106.0747114,21.0236899],[106.0725177,21.0233448],[106.0713822,21.0211936],[106.0587542,21.0270812],[106.0580602,21.0233742],[106.0553484,21.0244299],[106.054076,21.0211189],[106.0533995,21.0174558],[106.0536241,21.0164941],[106.0534524,21.0143486],[106.0521315,21.0145706],[106.0513125,21.015483],[106.0510087,21.012906],[106.0446157,21.0113893],[106.0439156,21.0104275],[106.0432684,21.0085779],[106.0421853,21.0081957],[106.0424627,21.00478],[106.0437439,21.003214],[106.0417179,21.0025342],[106.0426499,21.0017608],[106.0441371,21.0029486],[106.0462857,21.0036138],[106.0473803,21.0032974],[106.0499787,21.0037784],[106.0489414,21.0052865],[106.051142,21.0069902],[106.0520209,21.0062107],[106.0551181,21.0068682],[106.0552843,21.0055963],[106.0544507,21.0046938],[106.055105,21.0037907],[106.0565633,21.0027706],[106.0571176,21.0010179],[106.0580342,21.0004428],[106.0594878,21.000275],[106.0657918,21.0010731],[106.0675693,21.0006982],[106.0679018,20.9998068],[106.0704396,20.9987622],[106.0703856,20.9970998],[106.0736812,20.9959875],[106.07402,20.996902],[106.0751331,20.9967342],[106.0749128,20.9955545],[106.0767853,20.9949513],[106.0774451,20.9963561],[106.0799771,20.9956349],[106.0813794,20.9980498],[106.0821673,20.9999918],[106.0836296,21.0046092],[106.0851441,21.0049724],[106.0856603,21.0056145],[106.0878819,21.0043457],[106.0892015,21.0062364],[106.090814,21.0062407],[106.0922439,21.0048498],[106.0932515,21.0054261],[106.0938661,21.0045526],[106.0961091,21.0028165],[106.0958612,21.0017073],[106.097104,21.0011129],[106.0974524,21.0018594],[106.099273,21.0005329],[106.102086,20.9972962],[106.1043449,20.9980572],[106.1051702,20.9975142],[106.1064045,20.9988316],[106.1083388,20.9991707],[106.1092601,20.9998468],[106.1082575,21.0006721],[106.1116068,21.0046982],[106.1108065,21.0050956],[106.1107769,21.0069495],[106.1095616,21.0069564],[106.1098511,21.0100871],[106.1108469,21.0096819],[106.1112725,21.0110883],[106.1140048,21.0104447],[106.11449,21.0115174],[106.1156368,21.0102873],[106.1164567,21.0125311],[106.1164573,21.0151299],[106.1169176,21.0173074],[106.1179901,21.0178874],[106.1180922,21.0198817],[106.1171445,21.0203956],[106.1147197,21.0183694],[106.1146775,21.0211101],[106.1124873,21.0212743],[106.1059064,21.0207965],[106.1051432,21.0218617],[106.1032017,21.0218686],[106.1032314,21.0209003],[106.1018679,21.0208795],[106.1017716,21.0199873],[106.09943,21.0199873],[106.0960044,21.0192903],[106.094211,21.0206885],[106.0938371,21.0217998]]]},"properties":{"@id":"relation/17776230","admin_level":"6","boundary":"administrative","name":"Phường Ninh Xá","name:en":"Ninh Xa Ward","name:lzh":"寧舍坊","name:vi-Hani":"坊寧舍","name:zh":"寧舍坊","name:zh-Hans":"宁舍坊","name:zh-Hant":"寧舍坊","population":"22369","population:date":"2025-07-01","source:population":"gis.vn","type":"boundary","wikidata":"Q10801404","wikipedia":"vi:Ninh Xá, Thuận Thành"},"id":"relation/17776230"},
{"type":"Feature","geometry":{"type":"Polygon","coordinates":[[[106.0189589,21.0390681],[106.0163849,21.0343677],[106.0129962,21.0304664],[106.012433,21.0301625],[106.0064648,21.0288541],[106.0094391,21.0243752],[106.0069665,21.0242585],[106.0045846,21.0220389],[106.0032778,21.0174818],[106.0061647,21.0150592],[106.0044677,21.0116699],[106.0066249,21.0115833],[106.0091672,21.012353],[106.0098148,21.012257],[106.0100388,21.0107875],[106.0089207,21.0105301],[106.0084532,21.0082679],[106.0048614,21.0085301],[106.0048278,21.0079687],[106.0022493,21.0077852],[106.0010455,21.0069701],[106.0011979,21.0056718],[105.9995379,21.0054657],[106.0008399,21.0011991],[106.0047426,21.0012617],[106.0054455,21.0004602],[106.0051789,20.9983229],[106.0110068,20.9982517],[106.0109773,20.9997992],[106.0125974,21.0010087],[106.0128295,21.0022234],[106.0139659,21.0017824],[106.0155183,21.0021674],[106.0170018,21.001675],[106.0171671,21.0001514],[106.0181576,20.9974429],[106.0194896,20.9975974],[106.0203588,20.9954703],[106.0228233,20.9945304],[106.024589,20.9958102],[106.0257778,20.994488],[106.0272604,20.9933902],[106.0287609,20.9930611],[106.0302966,20.9940748],[106.030966,20.9956646],[106.0328725,20.9973736],[106.0334972,20.9970473],[106.035199,20.9977944],[106.0378541,20.9985825],[106.0375696,20.9993916],[106.038529,21.0004979],[106.0417179,21.0025342],[106.0437439,21.003214],[106.0424627,21.00478],[106.0421853,21.0081957],[106.0432684,21.0085779],[106.0439156,21.0104275],[106.0446157,21.0113893],[106.0510087,21.012906],[106.0513125,21.015483],[106.0521315,21.0145706],[106.0534524,21.0143486],[106.0536241,21.0164941],[106.0533995,21.0174558],[106.054076,21.0211189],[106.0553484,21.0244299],[106.0539221,21.0252405],[106.0449506,21.0287573],[106.0436338,21.02966],[106.0421418,21.0292526],[106.0407822,21.0335454],[106.0396232,21.0351822],[106.0382441,21.034433],[106.0360121,21.0369377],[106.0353412,21.037323],[106.0302314,21.0378636],[106.0301425,21.0370752],[106.0288906,21.0370165],[106.0289552,21.0326333],[106.0250204,21.0322057],[106.0247358,21.0333648],[106.0249573,21.03702],[106.0189589,21.0390681]]]},"properties":{"@id":"relation/17777467","admin_level":"6","boundary":"administrative","name":"Phường Song Liễu","name:en":"Song Lieu Ward","name:lzh":"雙柳社","name:vi-Hani":"社雙柳","name:zh":"雙柳社","name:zh-Hans":"双柳社","name:zh-Hant":"雙柳社","population":"31758","population:date":"2025-07-01","source:population":"gis.vn","type":"boundary","wikidata":"Q10820186","wikipedia":"vi:Song Liễu"},"id":"relation/17777467"},
{"type":"Feature","geometry":{"type":"Polygon","coordinates":[[[106.0195728,21.0735639],[106.0047615,21.070356],[106.0025929,21.0687109],[106.0067481,21.0628828],[106.0086965,21.0642205],[106.009572,21.0623169],[106.0085896,21.0607069],[106.0086087,21.0592895],[106.0079133,21.0585786],[106.0082246,21.0555325],[106.0098744,21.056015],[106.0101728,21.0577274],[106.0110549,21.0569732],[106.0143741,21.0559555],[106.0136764,21.0537797],[106.0152474,21.0528359],[106.0139013,21.0509548],[106.0187968,21.0481436],[106.0200298,21.047621],[106.0197307,21.0450574],[106.019955,21.0413874],[106.0189589,21.0390681],[106.0249573,21.03702],[106.0247358,21.0333648],[106.0250204,21.0322057],[106.0289552,21.0326333],[106.0288906,21.0370165],[106.0301425,21.0370752],[106.0302314,21.0378636],[106.0353412,21.037323],[106.0360121,21.0369377],[106.0382441,21.034433],[106.0396232,21.0351822],[106.0407822,21.0335454],[106.0421418,21.0292526],[106.0436338,21.02966],[106.0449506,21.0287573],[106.0539221,21.0252405],[106.0553484,21.0244299],[106.0580602,21.0233742],[106.0587542,21.0270812],[106.053561,21.0294578],[106.0555854,21.031942],[106.0564962,21.0325156],[106.0577622,21.0317044],[106.0595359,21.0332729],[106.0592903,21.0355849],[106.0627021,21.0352457],[106.0625888,21.0409802],[106.0655901,21.0425657],[106.0655759,21.045816],[106.0666173,21.0454967],[106.0689664,21.0549928],[106.0674813,21.0549754],[106.0668987,21.0565275],[106.0512629,21.057442],[106.0515637,21.059817],[106.0481325,21.0592631],[106.0465225,21.0638992],[106.0451321,21.0639599],[106.0451565,21.065872],[106.0440745,21.0659133],[106.0437848,21.0680357],[106.0414414,21.0709744],[106.0360176,21.0701308],[106.0263046,21.0712737],[106.0195728,21.0735639]]]},"properties":{"@id":"relation/17777471","admin_level":"6","boundary":"administrative","name":"Phường Trí Quả","name:en":"Tri Qua Ward","name:lzh":"致果坊","name:vi-Hani":"坊致果","name:zh":"致果坊","name:zh-Hans":"致果坊","name:zh-Hant":"致果坊","population":"34574","population:date":"2025-07-01","source:population":"gis.vn","type":"boundary","wikidata":"Q10828626","wikipedia":"vi:Trí Quả"},"id":"relation/17777471"},
{"type":"Feature","geometry":{"type":"Polygon","coordinates":[[[106.1461211,21.1339622],[106.1454694,21.1376044],[106.1407783,21.137071],[106.1394827,21.1376544],[106.1357366,21.1381298],[106.1345752,21.1386741],[106.1342309,21.1406298],[106.1319715,21.1347176],[106.1310148,21.1346302],[106.1309379,21.1336172],[106.129664,21.133636],[106.1295344,21.1312662],[106.1268082,21.1311044],[106.1290911,21.1273633],[106.1259239,21.1261563],[106.1257698,21.1281788],[106.1229924,21.1280885],[106.1231473,21.130266],[106.1212474,21.1302831],[106.1188808,21.1330225],[106.1155444,21.1326436],[106.1140814,21.1320449],[106.1139747,21.1329738],[106.1054837,21.1318989],[106.1071394,21.1262469],[106.1088681,21.1198498],[106.1096001,21.1186028],[106.1100731,21.1142568],[106.1107741,21.1110818],[106.1123617,21.1056281],[106.1095901,21.1051587],[106.1060261,21.1060488],[106.1021021,21.1066538],[106.0996971,21.1066478],[106.0945881,21.1058068],[106.0920591,21.1051897],[106.0925941,21.1029007],[106.0917611,21.1005697],[106.0919591,21.0976297],[106.0911221,21.0968657],[106.0914661,21.0940157],[106.0923111,21.0919757],[106.0918671,21.0911887],[106.0922861,21.0900477],[106.0894931,21.0888337],[106.0962581,21.0793976],[106.0953511,21.0783696],[106.0969251,21.0759576],[106.0983571,21.0764336],[106.0997037,21.0738325],[106.10375,21.0770261],[106.105788,21.0801718],[106.1078343,21.0892312],[106.1088329,21.0919931],[106.1108449,21.0934614],[106.1130782,21.0936351],[106.1146569,21.0932543],[106.11766,21.0917744],[106.1286513,21.0799168],[106.1333422,21.0784114],[106.1374265,21.0786273],[106.1409244,21.0801364],[106.1434614,21.083252],[106.145256,21.0916858],[106.1463938,21.101143],[106.1486254,21.1059475],[106.1514324,21.1089441],[106.1496542,21.110243],[106.1508138,21.1117522],[106.1500656,21.1124065],[106.147335,21.1126246],[106.1425378,21.112075],[106.1417768,21.111511],[106.1392416,21.1109498],[106.1364057,21.1118517],[106.1352796,21.1111993],[106.1323637,21.1162423],[106.1324907,21.1174573],[106.1315513,21.1189783],[106.1301597,21.1202608],[106.129441,21.1239988],[106.1304846,21.1228142],[106.1318785,21.123141],[106.1312655,21.1251833],[106.1353232,21.1262997],[106.1353494,21.1291025],[106.1375617,21.128793],[106.1403272,21.1294585],[106.1409632,21.1302324],[106.1419582,21.1298053],[106.1428581,21.1310832],[106.1430185,21.1337865],[106.1461211,21.1339622]]]},"properties":{"@id":"relation/17781589","admin_level":"6","boundary":"administrative","name":"Xã Chi Lăng","name:en":"Chi Lang Commune","name:lzh":"枝陵社","name:vi-Hani":"社枝陵","name:zh":"枝陵社","name:zh-Hans":"枝陵社","name:zh-Hant":"枝陵社","type":"boundary","wikidata":"Q10746126","wikipedia":"vi:Chi Lăng, Quế Võ"},"id":"relation/17781589"},
{"type":"Feature","geometry":{"type":"Polygon","coordinates":[[[105.9631901,21.1668622],[105.9621503,21.1665451],[105.9589793,21.1645484],[105.9573552,21.1643827],[105.9576908,21.1605804],[105.9576565,21.1568615],[105.9535648,21.1562588],[105.9529777,21.1532528],[105.9523777,21.1532958],[105.9526392,21.1486039],[105.95547,21.1478578],[105.9578239,21.1408843],[105.9605528,21.141625],[105.9607681,21.1409413],[105.9675515,21.1423166],[105.9675008,21.1407838],[105.9721624,21.1398942],[105.9724239,21.1414439],[105.97696,21.1403919],[105.9792048,21.1393316],[105.9797749,21.1387368],[105.9814408,21.1304415],[105.984371,21.1315803],[105.9845315,21.1309637],[105.9870389,21.1314129],[105.9884967,21.1292461],[105.9930829,21.1251293],[105.9928309,21.1249814],[105.9951329,21.1217523],[105.9985968,21.1224557],[105.9968123,21.1301996],[105.9959151,21.1339269],[105.9961341,21.1349559],[105.9991771,21.1361919],[105.9984451,21.1391669],[105.9986571,21.1405899],[105.9978051,21.1407549],[105.9977061,21.1419139],[105.9986241,21.1420669],[105.9993931,21.1454589],[105.9999671,21.1453349],[106.0007501,21.1476679],[106.0047815,21.1459039],[106.0055853,21.1502074],[106.0048173,21.1504154],[106.0053115,21.1542643],[106.0018932,21.1556151],[106.0001971,21.156834],[105.9996221,21.1563819],[105.9962671,21.159349],[105.9963401,21.159955],[105.9948461,21.161229],[105.991202,21.162151],[105.9902441,21.162753],[105.9861131,21.162612],[105.9846731,21.163088],[105.9803891,21.16329],[105.9787551,21.162924],[105.9770141,21.163341],[105.9725421,21.161929],[105.9723501,21.1614],[105.9687958,21.1624929],[105.9672967,21.1630031],[105.9663521,21.1650078],[105.9646727,21.1662576],[105.9631901,21.1668622]]]},"properties":{"@id":"relation/18270239","admin_level":"6","boundary":"administrative","name":"Phường Tam Sơn","name:en":"Tam Son Ward","name:lzh":"三山坊","name:vi-Hani":"坊三山","name:zh":"三山坊","name:zh-Hans":"三山坊","name:zh-Hant":"三山坊","population":"28562","population:date":"2025-07-01","source:population":"gis.vn","type":"boundary","wikidata":"Q10823832","wikipedia":"vi:Tam Sơn (phường)"},"id":"relation/18270239"},
{"type":"Feature","geometry":{"type":"Polygon","coordinates":[[[106.1475657,21.1699147],[106.146565,21.1727901],[106.1447137,21.1727225],[106.1429613,21.1734527],[106.1423399,21.1728272],[106.1413271,21.1743327],[106.1393181,21.1730848],[106.1388104,21.1721699],[106.1378029,21.1734659],[106.1366085,21.1724683],[106.1354521,21.173126],[106.1312332,21.1734027],[106.1310271,21.1715954],[106.1322282,21.1694082],[106.1309478,21.1683317],[106.1280948,21.1711636],[106.1269533,21.1715672],[106.1252813,21.1708237],[106.1224234,21.1725166],[106.12059,21.1704342],[106.1195291,21.1696837],[106.1180214,21.1702197],[106.1171016,21.1714274],[106.1150473,21.1709844],[106.1138585,21.1744375],[106.1124636,21.1744658],[106.1118138,21.1771961],[106.1115556,21.1793147],[106.108813,21.1806971],[106.1082387,21.1796378],[106.1071364,21.1805012],[106.1082586,21.1817651],[106.1060852,21.1815072],[106.1022956,21.1819504],[106.1019256,21.1800427],[106.1022409,21.1785541],[106.0990638,21.1777973],[106.1014535,21.1762211],[106.0971485,21.1728579],[106.0963806,21.1725299],[106.0977626,21.1716106],[106.1006367,21.171325],[106.1008519,21.1700303],[106.1035588,21.168303],[106.1079801,21.1684803],[106.1083706,21.1664316],[106.1103294,21.1659545],[106.1130774,21.1633136],[106.1134855,21.1621523],[106.1124162,21.160771],[106.1152578,21.159244],[106.1149261,21.1581465],[106.1165956,21.1575647],[106.1157444,21.1544874],[106.116689,21.1536472],[106.12328,21.1513918],[106.1248788,21.1519045],[106.1251679,21.1507308],[106.1287656,21.1483582],[106.130673,21.1472825],[106.1311467,21.1462858],[106.13279,21.1462136],[106.1329105,21.1449291],[106.1335712,21.1432657],[106.133628,21.1414669],[106.1342309,21.1406298],[106.1345752,21.1386741],[106.1357366,21.1381298],[106.1394827,21.1376544],[106.1407783,21.137071],[106.1454694,21.1376044],[106.1461211,21.1339622],[106.1491375,21.1344238],[106.1490941,21.1350778],[106.150546,21.1356334],[106.1518615,21.1372134],[106.153816,21.1376243],[106.1529598,21.1411546],[106.1541387,21.1411257],[106.1543062,21.1426188],[106.1542823,21.1436454],[106.152248,21.144102],[106.1519257,21.1458559],[106.1518117,21.1487867],[106.1510929,21.1502076],[106.148518,21.1506379],[106.1487433,21.1518686],[106.1462,21.1527785],[106.1488077,21.157824],[106.1482068,21.1581042],[106.14899,21.1598451],[106.1483141,21.1611558],[106.1477791,21.1632748],[106.1496437,21.1638065],[106.1475657,21.1699147]]]},"properties":{"@id":"relation/18305003","admin_level":"6","boundary":"administrative","name":"Phường Phương Liễu","name:en":"Phuong Lieu Ward","name:lzh":"芳柳坊","name:vi-Hani":"坊芳柳","name:zh":"芳柳坊","name:zh-Hans":"芳柳坊","name:zh-Hant":"芳柳坊","population":"42255","population:date":"2025-07-01","source:population":"gis.vn","type":"boundary","wikidata":"Q10806307"},"id":"relation/18305003"},
{"type":"Feature","geometry":{"type":"Polygon","coordinates":[[[106.0960345,21.1728415],[106.0953079,21.1726358],[106.0950075,21.1711581],[106.0952362,21.1677904],[106.0782139,21.1604328],[106.0775591,21.1614339],[106.075773,21.1607063],[106.0760562,21.1599999],[106.0750477,21.159215],[106.0752612,21.1581877],[106.0741814,21.157575],[106.0750433,21.1563162],[106.0753621,21.1545054],[106.0761654,21.1542142],[106.0809049,21.147169],[106.0840721,21.1412212],[106.0833768,21.1407488],[106.0845785,21.1387315],[106.0845871,21.1373385],[106.0859604,21.1371704],[106.0866556,21.1364659],[106.0860548,21.135233],[106.0880117,21.1340242],[106.0871019,21.1317585],[106.0908971,21.1302497],[106.0965496,21.1283001],[106.098962,21.1264672],[106.1022662,21.1274548],[106.1030402,21.1253264],[106.1071394,21.1262469],[106.1054837,21.1318989],[106.1139747,21.1329738],[106.1140814,21.1320449],[106.1155444,21.1326436],[106.1188808,21.1330225],[106.1212474,21.1302831],[106.1231473,21.130266],[106.1229924,21.1280885],[106.1257698,21.1281788],[106.1259239,21.1261563],[106.1290911,21.1273633],[106.1268082,21.1311044],[106.1295344,21.1312662],[106.129664,21.133636],[106.1309379,21.1336172],[106.1310148,21.1346302],[106.1319715,21.1347176],[106.1342309,21.1406298],[106.133628,21.1414669],[106.1335712,21.1432657],[106.1329105,21.1449291],[106.13279,21.1462136],[106.1311467,21.1462858],[106.130673,21.1472825],[106.1287656,21.1483582],[106.1251679,21.1507308],[106.1248788,21.1519045],[106.12328,21.1513918],[106.116689,21.1536472],[106.1157444,21.1544874],[106.1165956,21.1575647],[106.1149261,21.1581465],[106.1152578,21.159244],[106.1124162,21.160771],[106.1134855,21.1621523],[106.1130774,21.1633136],[106.1103294,21.1659545],[106.1083706,21.1664316],[106.1079801,21.1684803],[106.1035588,21.168303],[106.1008519,21.1700303],[106.1006367,21.171325],[106.0977626,21.1716106],[106.0963806,21.1725299],[106.0960345,21.1728415]]]},"properties":{"@id":"relation/18305124","admin_level":"6","boundary":"administrative","name":"Phường Nam Sơn","name:de":"Stadtviertel Nam Sơn","name:en":"Nam Son Ward","name:lzh":"南山坊","name:vi-Hani":"坊南山","name:zh":"南山坊","name:zh-Hans":"南山坊","name:zh-Hant":"南山坊","population":"43511","population:date":"2025-07-01","source:population":"gis.vn","type":"boundary","wikidata":"Q24957202"},"id":"relation/18305124"},
{"type":"Feature","geometry":{"type":"Polygon","coordinates":[[[106.1219678,21.1980979],[106.1220658,21.1956037],[106.1210132,21.1930869],[106.1197269,21.1935165],[106.1184312,21.1925019],[106.1167582,21.1921319],[106.1159676,21.1903038],[106.1163858,21.1894387],[106.1150428,21.1884915],[106.1153658,21.1872477],[106.1140097,21.186439],[106.1131673,21.1830717],[106.1124503,21.1828752],[106.1134308,21.1813155],[106.1115556,21.1793147],[106.1118138,21.1771961],[106.1124636,21.1744658],[106.1138585,21.1744375],[106.1150473,21.1709844],[106.1171016,21.1714274],[106.1180214,21.1702197],[106.1195291,21.1696837],[106.12059,21.1704342],[106.1224234,21.1725166],[106.1252813,21.1708237],[106.1269533,21.1715672],[106.1280948,21.1711636],[106.1309478,21.1683317],[106.1322282,21.1694082],[106.1310271,21.1715954],[106.1312332,21.1734027],[106.1354521,21.173126],[106.1366085,21.1724683],[106.1378029,21.1734659],[106.1388104,21.1721699],[106.1393181,21.1730848],[106.1413271,21.1743327],[106.1423399,21.1728272],[106.1429613,21.1734527],[106.1447137,21.1727225],[106.146565,21.1727901],[106.1475657,21.1699147],[106.1547857,21.1750638],[106.1568242,21.1741321],[106.1586473,21.1768804],[106.1599657,21.175747],[106.1611407,21.1768717],[106.1617693,21.1765496],[106.1637399,21.1778855],[106.1657785,21.1805282],[106.1682588,21.1823631],[106.1671535,21.1838211],[106.1670321,21.1850003],[106.1683627,21.1855167],[106.1660306,21.1898896],[106.1649884,21.1914727],[106.1610237,21.1960395],[106.1543778,21.2065379],[106.1528545,21.2085477],[106.1506122,21.2107174],[106.1492361,21.2117497],[106.1471787,21.2127453],[106.1349376,21.2166974],[106.1326952,21.2166696],[106.1304028,21.2158612],[106.1283623,21.2145552],[106.1263953,21.212597],[106.1252716,21.2108068],[106.1244536,21.2074609],[106.1248263,21.2017794],[106.1243168,21.2000434],[106.1235371,21.1988947],[106.1219678,21.1980979]]]},"properties":{"@id":"relation/18305255","admin_level":"6","boundary":"administrative","name":"Phường Nhân Hòa","name:en":"Nhan Hoa Ward","name:lzh":"仁和坊","name:vi-Hani":"坊仁和","name:zh":"仁和坊","name:zh-Hans":"仁和坊","name:zh-Hant":"仁和坊","population":"30909","population:date":"2025-07-01","source:population":"gis.vn","type":"boundary","wikidata":"Q10800946","wikipedia":"vi:Nhân Hòa (phường)"},"id":"relation/18305255"},
{"type":"Feature","geometry":{"type":"Polygon","coordinates":[[[106.1461211,21.1339622],[106.1430185,21.1337865],[106.1428581,21.1310832],[106.1419582,21.1298053],[106.1409632,21.1302324],[106.1403272,21.1294585],[106.1375617,21.128793],[106.1353494,21.1291025],[106.1353232,21.1262997],[106.1312655,21.1251833],[106.1318785,21.123141],[106.1304846,21.1228142],[106.129441,21.1239988],[106.1301597,21.1202608],[106.1315513,21.1189783],[106.1324907,21.1174573],[106.1323637,21.1162423],[106.1352796,21.1111993],[106.1364057,21.1118517],[106.1392416,21.1109498],[106.1417768,21.111511],[106.1425378,21.112075],[106.147335,21.1126246],[106.1500656,21.1124065],[106.1508138,21.1117522],[106.1496542,21.110243],[106.1514324,21.1089441],[106.1550928,21.1098563],[106.1604234,21.110024],[106.1653591,21.1100251],[106.1689539,21.1091248],[106.1771308,21.1043955],[106.1822812,21.1003686],[106.1870097,21.0979753],[106.1925997,21.0966699],[106.1980824,21.0974],[106.1961862,21.0998525],[106.196141,21.1007071],[106.1949516,21.1040369],[106.1950412,21.1045841],[106.1915667,21.1045562],[106.188507,21.1064871],[106.1882417,21.1083134],[106.1900014,21.1101711],[106.187883,21.1128687],[106.1877375,21.1176665],[106.1890814,21.1179828],[106.1921307,21.1212781],[106.1934182,21.1208337],[106.1969986,21.1264786],[106.2001249,21.1310934],[106.197784,21.1323565],[106.200355,21.1369159],[106.2014055,21.1369978],[106.1998922,21.1397995],[106.1954015,21.1389493],[106.1948387,21.139016],[106.1935887,21.1388667],[106.1929021,21.1371295],[106.1914344,21.1368613],[106.1900739,21.1372536],[106.1844907,21.136313],[106.1838169,21.1359087],[106.182126,21.1329826],[106.1812583,21.1319774],[106.1802163,21.132186],[106.1792378,21.1315215],[106.1793151,21.1303967],[106.1773606,21.1298914],[106.1772513,21.1331063],[106.1760917,21.1336349],[106.1737785,21.133965],[106.1732604,21.1353013],[106.170061,21.1348154],[106.1669351,21.1375091],[106.1642114,21.1371314],[106.1633818,21.1376966],[106.1614593,21.1374087],[106.1616207,21.1363154],[106.1584581,21.1361121],[106.1581296,21.1397459],[106.1576285,21.1412062],[106.1568442,21.1410214],[106.1559919,21.1418136],[106.1543062,21.1426188],[106.1541387,21.1411257],[106.1529598,21.1411546],[106.153816,21.1376243],[106.1518615,21.1372134],[106.150546,21.1356334],[106.1490941,21.1350778],[106.1491375,21.1344238],[106.1461211,21.1339622]]]},"properties":{"@id":"relation/18305437","admin_level":"6","boundary":"administrative","name":"Phường Bồng Lai","name:en":"Bong Lai Ward","name:lzh":"蓬萊坊","name:vi-Hani":"坊蓬萊","name:zh":"蓬萊坊","name:zh-Hans":"蓬莱坊","name:zh-Hant":"蓬萊坊","population":"25375","population:date":"2025-07-01","source:population":"gis.vn","type":"boundary","wikidata":"Q49053910"},"id":"relation/18305437"},
{"type":"Feature","geometry":{"type":"Polygon","coordinates":[[[106.0472697,21.1470145],[106.046922,21.1410261],[106.046242,21.140137],[106.0405974,21.1376132],[106.0411146,21.136431],[106.0427864,21.1370812],[106.0457378,21.1335096],[106.0474082,21.1307176],[106.0505834,21.1305898],[106.0504883,21.1296808],[106.0602891,21.1285933],[106.0595595,21.1262812],[106.0621144,21.1254662],[106.0616909,21.1239445],[106.0654616,21.1231072],[106.0699993,21.1226196],[106.0714871,21.1237945],[106.0730571,21.1243112],[106.0730785,21.1277386],[106.0756836,21.1276671],[106.0833723,21.1256331],[106.0838782,21.1269325],[106.0875797,21.1253887],[106.0881288,21.1269509],[106.0892537,21.1267142],[106.0908971,21.1302497],[106.0871019,21.1317585],[106.0880117,21.1340242],[106.0860548,21.135233],[106.0866556,21.1364659],[106.0859604,21.1371704],[106.0845871,21.1373385],[106.0845785,21.1387315],[106.0833768,21.1407488],[106.0840721,21.1412212],[106.0809049,21.147169],[106.0761654,21.1542142],[106.0753621,21.1545054],[106.0750433,21.1563162],[106.0741814,21.157575],[106.0752612,21.1581877],[106.0750477,21.159215],[106.0760562,21.1599999],[106.075773,21.1607063],[106.071731,21.1587848],[106.0709218,21.1598919],[106.0693103,21.1590475],[106.0689929,21.1579103],[106.0677071,21.1597813],[106.0638295,21.1586484],[106.0641594,21.1562871],[106.062365,21.1557906],[106.0624834,21.1551653],[106.0586806,21.152533],[106.0575807,21.1542656],[106.0559527,21.1533044],[106.0538915,21.1557945],[106.0510819,21.1529133],[106.0491426,21.1480475],[106.0472697,21.1470145]]]},"properties":{"@id":"relation/18305439","admin_level":"6","boundary":"administrative","name":"Phường Hạp Lĩnh","name:de":"Stadtviertel Hạp Lĩnh","name:en":"Hap Linh Ward","name:lzh":"合嶺坊","name:vi-Hani":"坊合嶺","name:zh":"合嶺坊","name:zh-Hans":"合岭坊","name:zh-Hant":"合嶺坊","population":"22630","population:date":"2025-07-01","source:population":"gis.vn","type":"boundary","wikidata":"Q10771588"},"id":"relation/18305439"},
{"type":"Feature","geometry":{"type":"Polygon","coordinates":[[[106.1219678,21.1980979],[106.1199034,21.1982091],[106.1174752,21.1995999],[106.11503,21.2005474],[106.1129464,21.2010062],[106.1053496,21.2018119],[106.1016077,21.2023366],[106.0930836,21.2041956],[106.0900711,21.2052942],[106.0880579,21.2063015],[106.0860241,21.2079905],[106.0857079,21.2103092],[106.0846103,21.2103218],[106.0832544,21.2095666],[106.080205,21.2113149],[106.0797548,21.2107276],[106.0774974,21.2110614],[106.0759266,21.2091528],[106.0728085,21.2059424],[106.0728855,21.2049132],[106.0709522,21.2044656],[106.0678587,21.2044952],[106.0673805,21.2015956],[106.0665866,21.2018864],[106.0647672,21.1966834],[106.0654799,21.1960469],[106.0687323,21.1961043],[106.0686411,21.1942498],[106.0696616,21.1942222],[106.0709318,21.1927579],[106.071617,21.1910183],[106.0728911,21.1915911],[106.0740817,21.1911849],[106.0759442,21.1883178],[106.0806315,21.1845993],[106.0778454,21.1814535],[106.0802541,21.1807035],[106.0816875,21.1822682],[106.0828891,21.1821021],[106.0819957,21.1803052],[106.0865123,21.1793031],[106.0960345,21.1728415],[106.0963806,21.1725299],[106.0971485,21.1728579],[106.1014535,21.1762211],[106.0990638,21.1777973],[106.1022409,21.1785541],[106.1019256,21.1800427],[106.1022956,21.1819504],[106.1060852,21.1815072],[106.1082586,21.1817651],[106.1071364,21.1805012],[106.1082387,21.1796378],[106.108813,21.1806971],[106.1115556,21.1793147],[106.1134308,21.1813155],[106.1124503,21.1828752],[106.1131673,21.1830717],[106.1140097,21.186439],[106.1153658,21.1872477],[106.1150428,21.1884915],[106.1163858,21.1894387],[106.1159676,21.1903038],[106.1167582,21.1921319],[106.1184312,21.1925019],[106.1197269,21.1935165],[106.1210132,21.1930869],[106.1220658,21.1956037],[106.1219678,21.1980979]]]},"properties":{"@id":"relation/18307849","admin_level":"6","boundary":"administrative","name":"Phường Vũ Ninh","name:de":"Stadtviertel Vũ Ninh","name:en":"Vu Ninh Ward","name:lzh":"武寧坊","name:vi-Hani":"坊武寧","name:zh":"武寧坊","name:zh-Hans":"武宁坊","name:zh-Hant":"武寧坊","population":"45480","population:date":"2025-07-01","source:population":"gis.vn","type":"boundary","wikidata":"Q10833864"},"id":"relation/18307849"},
{"type":"Feature","geometry":{"type":"Polygon","coordinates":[[[106.0778454,21.1814535],[106.0806315,21.1845993],[106.0759442,21.1883178],[106.0740817,21.1911849],[106.0728911,21.1915911],[106.071617,21.1910183],[106.0709318,21.1927579],[106.0696616,21.1942222],[106.0686411,21.1942498],[106.0687323,21.1961043],[106.0654799,21.1960469],[106.0647672,21.1966834],[106.0665866,21.2018864],[106.0673805,21.2015956],[106.0678587,21.2044952],[106.0709522,21.2044656],[106.0728855,21.2049132],[106.0728085,21.2059424],[106.0759266,21.2091528],[106.0774974,21.2110614],[106.0797548,21.2107276],[106.080205,21.2113149],[106.0832544,21.2095666],[106.0846103,21.2103218],[106.0857079,21.2103092],[106.0870684,21.2129328],[106.0873815,21.2142634],[106.0869262,21.2153342],[106.0863914,21.2161963],[106.0829666,21.2196626],[106.0815992,21.2202104],[106.0794857,21.2197645],[106.0758103,21.2168918],[106.0737786,21.2169171],[106.0690591,21.2223287],[106.0673374,21.22358],[106.0648635,21.2249391],[106.0620026,21.2261969],[106.0576126,21.2273932],[106.0539573,21.2279921],[106.0522576,21.2274065],[106.0498831,21.2255055],[106.0482626,21.2231144],[106.0469585,21.2200197],[106.0463532,21.2192031],[106.0437075,21.217152],[106.0428677,21.215943],[106.0423048,21.2141071],[106.0423566,21.2122117],[106.0428408,21.2097971],[106.0446962,21.2070245],[106.0470646,21.2043839],[106.0469126,21.2030363],[106.0461959,21.2024776],[106.0431869,21.2013055],[106.0416905,21.2017227],[106.0403703,21.2028839],[106.0368322,21.2085868],[106.0360124,21.2068059],[106.0386455,21.2024578],[106.037199,21.2014784],[106.034835,21.2003711],[106.0337577,21.1992181],[106.034653,21.197375],[106.0340375,21.1962667],[106.0335867,21.1943626],[106.0348854,21.1921825],[106.0325786,21.1870825],[106.035005,21.1869285],[106.0366638,21.1873562],[106.03654,21.1862944],[106.037939,21.1839415],[106.0394325,21.1794197],[106.0412402,21.1757922],[106.0432829,21.1761797],[106.0476753,21.1766979],[106.0493598,21.1763397],[106.0520913,21.1763037],[106.0527651,21.1760176],[106.0556039,21.172498],[106.0563485,21.1738927],[106.0586371,21.1747245],[106.0592624,21.1738695],[106.0607988,21.1746911],[106.0638338,21.1727435],[106.06621,21.1729664],[106.0664293,21.1721666],[106.0682974,21.1730536],[106.0676738,21.1749613],[106.0683072,21.1757083],[106.0686055,21.1771701],[106.0682301,21.1782469],[106.069631,21.1813938],[106.0709837,21.1781352],[106.0743386,21.176774],[106.0752944,21.1784651],[106.0778454,21.1814535]]]},"properties":{"@id":"relation/18309842","admin_level":"6","boundary":"administrative","name":"Phường Kinh Bắc","name:de":"Stadtviertel Kinh Bắc","name:en":"Kinh Bac Ward","name:lzh":"京北坊","name:vi-Hani":"坊京北","name:zh":"京北坊","name:zh-Hans":"京北坊","name:zh-Hant":"京北坊","population":"84275","population:date":"2025-07-01","source:population":"gis.vn","type":"boundary","wikidata":"Q18459099"},"id":"relation/18309842"},
{"type":"Feature","geometry":{"type":"Polygon","coordinates":[[[106.018459,21.1754894],[106.0218863,21.1730698],[106.025458,21.1718762],[106.0267911,21.1709604],[106.0276593,21.1689028],[106.0266604,21.1659871],[106.0262272,21.1657298],[106.027236,21.1639307],[106.0248019,21.1627722],[106.026393,21.1606276],[106.032349,21.1553387],[106.0333231,21.1554028],[106.0351312,21.1538862],[106.0333892,21.1497352],[106.0343432,21.1488888],[106.0368891,21.1488997],[106.0388078,21.1475404],[106.0404374,21.1489391],[106.0407722,21.147659],[106.0425337,21.1488027],[106.042907,21.1483436],[106.0443842,21.1489917],[106.0448082,21.1484652],[106.0462312,21.1493725],[106.0473167,21.1478249],[106.0472697,21.1470145],[106.0491426,21.1480475],[106.0510819,21.1529133],[106.0538915,21.1557945],[106.0559527,21.1533044],[106.0575807,21.1542656],[106.0586806,21.152533],[106.0624834,21.1551653],[106.062365,21.1557906],[106.0641594,21.1562871],[106.0638295,21.1586484],[106.0677071,21.1597813],[106.0689929,21.1579103],[106.0693103,21.1590475],[106.0709218,21.1598919],[106.071731,21.1587848],[106.075773,21.1607063],[106.0775591,21.1614339],[106.0782139,21.1604328],[106.0952362,21.1677904],[106.0950075,21.1711581],[106.0953079,21.1726358],[106.0960345,21.1728415],[106.0865123,21.1793031],[106.0819957,21.1803052],[106.0828891,21.1821021],[106.0816875,21.1822682],[106.0802541,21.1807035],[106.0778454,21.1814535],[106.0752944,21.1784651],[106.0743386,21.176774],[106.0709837,21.1781352],[106.069631,21.1813938],[106.0682301,21.1782469],[106.0686055,21.1771701],[106.0683072,21.1757083],[106.0676738,21.1749613],[106.0682974,21.1730536],[106.0664293,21.1721666],[106.06621,21.1729664],[106.0638338,21.1727435],[106.0607988,21.1746911],[106.0592624,21.1738695],[106.0586371,21.1747245],[106.0563485,21.1738927],[106.0556039,21.172498],[106.0527651,21.1760176],[106.0520913,21.1763037],[106.0493598,21.1763397],[106.0476753,21.1766979],[106.0432829,21.1761797],[106.0412402,21.1757922],[106.0394325,21.1794197],[106.037939,21.1839415],[106.03654,21.1862944],[106.0366638,21.1873562],[106.035005,21.1869285],[106.0325786,21.1870825],[106.02987,21.1873772],[106.0293691,21.1860009],[106.0285949,21.1853241],[106.0265605,21.1855747],[106.0266997,21.1865953],[106.0213843,21.1872071],[106.0199802,21.1777339],[106.0193062,21.1754859],[106.018459,21.1754894]]]},"properties":{"@id":"relation/18309844","admin_level":"6","boundary":"administrative","name":"Phường Võ Cường","name:de":"Stadtviertel Võ Cường","name:en":"Vo Cuong Ward","name:lzh":"武強坊","name:vi-Hani":"坊武強","name:zh":"武強坊","name:zh-Hans":"武强坊","name:zh-Hant":"武強坊","population":"67255","population:date":"2025-07-01","source:population":"gis.vn","type":"boundary","wikidata":"Q10833236"},"id":"relation/18309844"},
{"type":"Feature","geometry":{"type":"Polygon","coordinates":[[[106.2333131,21.1103405],[106.247545,21.1149397],[106.2517939,21.115716],[106.2574587,21.1153957],[106.2686167,21.112193],[106.2743691,21.1098837],[106.2794314,21.1070685],[106.2845502,21.1024761],[106.2898026,21.1086295],[106.2951793,21.1082809],[106.2954131,21.112581],[106.2959634,21.114943],[106.2971147,21.1182382],[106.2992819,21.1219509],[106.294747,21.126958],[106.2924743,21.1288596],[106.2899723,21.1300825],[106.2870208,21.1309947],[106.2831483,21.13194],[106.2811383,21.1319553],[106.2777847,21.1315619],[106.2763289,21.1311018],[106.2747093,21.1310616],[106.2723246,21.1329638],[106.2714996,21.1344356],[106.2693903,21.1391882],[106.2686277,21.1414446],[106.2673644,21.143914],[106.2659277,21.1457044],[106.2622113,21.1486632],[106.2595693,21.1499129],[106.257676,21.150555],[106.2567905,21.1515037],[106.2560255,21.1534984],[106.2556818,21.1591014],[106.2560007,21.160486],[106.2580363,21.1634543],[106.2581068,21.165181],[106.2566232,21.1680707],[106.2544105,21.1705995],[106.2518762,21.1714295],[106.2479574,21.1716353],[106.2426416,21.169691],[106.2404746,21.1683168],[106.2376407,21.1661136],[106.2354006,21.1640829],[106.2310994,21.1592912],[106.2288442,21.1573433],[106.2260982,21.1557274],[106.2242757,21.1551341],[106.2185249,21.1545948],[106.2127845,21.1548551],[106.2149391,21.152166],[106.2164815,21.1488217],[106.2169695,21.1488355],[106.2198016,21.1472401],[106.2212164,21.1483358],[106.22283,21.147115],[106.2234566,21.1460103],[106.2265293,21.1456341],[106.2287351,21.1447215],[106.232921,21.1396816],[106.234412,21.1384346],[106.2371245,21.1403624],[106.2383646,21.1393642],[106.2394971,21.1375895],[106.2415552,21.1351398],[106.2412522,21.1332665],[106.243794,21.1297427],[106.2429474,21.1285199],[106.2431003,21.1273631],[106.2442498,21.127585],[106.2447453,21.1269802],[106.2434597,21.1204129],[106.2374734,21.1211855],[106.235731,21.1196963],[106.2346281,21.1199205],[106.2337535,21.1156581],[106.2327399,21.1155631],[106.2333131,21.1103405]]]},"properties":{"@id":"relation/18312917","admin_level":"6","boundary":"administrative","name":"Xã Phù Lãng","name:en":"Phu Lang Commune","name:lzh":"扶朗社","name:vi-Hani":"社扶朗","name:zh":"扶朗社","name:zh-Hans":"扶朗社","name:zh-Hant":"扶朗社","type":"boundary","wikidata":"Q49053989"},"id":"relation/18312917"},
{"type":"Feature","geometry":{"type":"Polygon","coordinates":[[[105.9951329,21.1217523],[105.9910534,21.1209367],[105.9909241,21.1203217],[105.9880977,21.1187459],[105.9872355,21.1186674],[105.9847589,21.1172547],[105.9857185,21.1157559],[105.9854282,21.1146174],[105.9865378,21.1145739],[105.9884163,21.111608],[105.9871396,21.1103688],[105.9902581,21.1096268],[105.9859948,21.1025453],[105.9839744,21.1028584],[105.9827373,21.1012821],[105.9816691,21.1012817],[105.9794731,21.1025587],[105.9763561,21.1017857],[105.9766701,21.0997727],[105.9774071,21.0999237],[105.9780441,21.0973807],[105.9805561,21.0942917],[105.9816863,21.0935138],[105.9804348,21.0872973],[105.9826763,21.0844738],[105.9803179,21.0797807],[105.9846583,21.0699504],[105.9866455,21.0699818],[105.9937029,21.0689285],[105.9995369,21.0744238],[105.9994348,21.0737639],[106.0003106,21.0722876],[106.0014089,21.0688777],[106.0025929,21.0687109],[106.0047615,21.070356],[106.0195728,21.0735639],[106.0189526,21.0759603],[106.0204431,21.0772613],[106.0206757,21.0782739],[106.0190798,21.0783227],[106.0229248,21.083846],[106.0206309,21.0846591],[106.0202323,21.0891539],[106.0193231,21.088754],[106.0191635,21.092453],[106.0178108,21.0925564],[106.0182247,21.0959922],[106.020495,21.0987697],[106.0182117,21.1015134],[106.0161861,21.0999794],[106.0173583,21.0988645],[106.0141496,21.0983366],[106.0131421,21.0989358],[106.0136795,21.1005416],[106.0113253,21.1020512],[106.013325,21.105549],[106.0129702,21.1064639],[106.013538,21.1077725],[106.0116061,21.1107889],[106.0106182,21.110971],[106.0063126,21.1147967],[106.0060916,21.1183391],[106.0076762,21.1194616],[106.0074434,21.1221788],[106.0095032,21.1255067],[106.0094077,21.1278443],[106.0082756,21.1278718],[106.005649,21.1301731],[105.999634,21.1288535],[105.9992286,21.1306424],[105.9968123,21.1301996],[105.9985968,21.1224557],[105.9951329,21.1217523]]]},"properties":{"@id":"relation/18316811","admin_level":"6","boundary":"administrative","name":"Xã Đại Đồng","name:de":"Gemeinde Đại Đồng","name:en":"Dai Dong Commune","name:lzh":"大同社","name:vi-Hani":"社大同","name:zh":"大同社","name:zh-Hans":"大同社","name:zh-Hant":"大同社","type":"boundary","wikidata":"Q10841274"},"id":"relation/18316811"},
{"type":"Feature","geometry":{"type":"Polygon","coordinates":[[[105.9414753,21.1191089],[105.9450928,21.1186536],[105.945364,21.1191646],[105.9480107,21.1178744],[105.9490474,21.1177712],[105.9490796,21.1159096],[105.9465798,21.1159146],[105.9474703,21.1147586],[105.9482964,21.1145084],[105.9510392,21.1150707],[105.9523159,21.1160165],[105.952847,21.1152809],[105.955712,21.1166965],[105.9549167,21.1181262],[105.9592184,21.1201753],[105.9597597,21.118821],[105.9708519,21.1247858],[105.9736249,21.1206288],[105.9753207,21.1224061],[105.9768687,21.121422],[105.9773038,21.1204908],[105.9816048,21.1154637],[105.9854282,21.1146174],[105.9857185,21.1157559],[105.9847589,21.1172547],[105.9872355,21.1186674],[105.9880977,21.1187459],[105.9909241,21.1203217],[105.9910534,21.1209367],[105.9951329,21.1217523],[105.9928309,21.1249814],[105.9930829,21.1251293],[105.9884967,21.1292461],[105.9870389,21.1314129],[105.9845315,21.1309637],[105.984371,21.1315803],[105.9814408,21.1304415],[105.9797749,21.1387368],[105.9792048,21.1393316],[105.97696,21.1403919],[105.9724239,21.1414439],[105.9721624,21.1398942],[105.9675008,21.1407838],[105.9675515,21.1423166],[105.9607681,21.1409413],[105.9605528,21.141625],[105.9578239,21.1408843],[105.95547,21.1478578],[105.9526392,21.1486039],[105.9523777,21.1532958],[105.9517441,21.1533253],[105.9512668,21.148804],[105.9502716,21.1482681],[105.9486497,21.1485118],[105.9473969,21.1459262],[105.944189,21.1424874],[105.9414719,21.1410514],[105.940945,21.1404023],[105.9403145,21.1379379],[105.9395754,21.136842],[105.9381541,21.1338297],[105.9391757,21.1309978],[105.9376903,21.1285539],[105.9404199,21.1280982],[105.9397201,21.1241023],[105.9406008,21.1209336],[105.9414753,21.1191089]]]},"properties":{"@id":"relation/18317420","admin_level":"6","boundary":"administrative","name":"Phường Đồng Nguyên","name:en":"Dong Nguyen Ward","name:lzh":"同原坊","name:vi-Hani":"坊同原","name:zh":"同原坊","name:zh-Hans":"同原坊","name:zh-Hant":"同原坊","population":"46023","population:date":"2025-07-01","source:population":"gis.vn","type":"boundary","wikidata":"Q10841972"},"id":"relation/18317420"},
{"type":"Feature","geometry":{"type":"Polygon","coordinates":[[[105.9535648,21.1562588],[105.9498524,21.1568005],[105.9520959,21.1597787],[105.9525222,21.1609828],[105.9504131,21.1622403],[105.9482081,21.161999],[105.9469361,21.16394],[105.9458411,21.164012],[105.9441041,21.163213],[105.9415331,21.16314],[105.9412351,21.164026],[105.9370571,21.164388],[105.9327491,21.16441],[105.9310911,21.164168],[105.9248511,21.164409],[105.9242227,21.1634888],[105.9225565,21.1631282],[105.9229154,21.1617116],[105.9211585,21.1595367],[105.920396,21.1565058],[105.9196392,21.1553141],[105.9221023,21.1518658],[105.9229904,21.1486334],[105.9235891,21.1472946],[105.9256536,21.1469203],[105.9251402,21.1451192],[105.9267356,21.1445232],[105.92619,21.142283],[105.9252582,21.1415871],[105.9263232,21.1405158],[105.9238471,21.1381543],[105.9253605,21.1363651],[105.9251796,21.1345],[105.9245969,21.1333192],[105.923614,21.1330856],[105.9218934,21.1353555],[105.9177977,21.132107],[105.9192856,21.1299253],[105.9155937,21.1270964],[105.9142591,21.1272432],[105.9129209,21.126243],[105.9145478,21.1229519],[105.915387,21.122021],[105.9155906,21.1189427],[105.9196505,21.1189986],[105.9214751,21.1184814],[105.9224881,21.1206647],[105.9232036,21.1201042],[105.9210677,21.1164267],[105.9243911,21.1153287],[105.9255362,21.1143843],[105.9248075,21.1132318],[105.9273212,21.1117232],[105.9275502,21.1125034],[105.9294226,21.1118279],[105.9301523,21.111962],[105.9314291,21.1100484],[105.9309656,21.1087915],[105.933906,21.1066558],[105.9348624,21.1049381],[105.9373575,21.1067905],[105.9373904,21.1077829],[105.9362507,21.1093365],[105.9365393,21.1097455],[105.939753,21.1084621],[105.9377838,21.1117712],[105.937774,21.1127557],[105.9414753,21.1191089],[105.9406008,21.1209336],[105.9397201,21.1241023],[105.9404199,21.1280982],[105.9376903,21.1285539],[105.9391757,21.1309978],[105.9381541,21.1338297],[105.9395754,21.136842],[105.9403145,21.1379379],[105.940945,21.1404023],[105.9414719,21.1410514],[105.944189,21.1424874],[105.9473969,21.1459262],[105.9486497,21.1485118],[105.9502716,21.1482681],[105.9512668,21.148804],[105.9517441,21.1533253],[105.9523777,21.1532958],[105.9529777,21.1532528],[105.9535648,21.1562588]]]},"properties":{"@id":"relation/18317425","admin_level":"6","boundary":"administrative","name":"Phường Phù Khê","name:en":"Phu Khe Ward","name:lzh":"浮溪坊","name:vi-Hani":"坊浮溪","name:zh":"浮溪坊","name:zh-Hans":"浮溪坊","name:zh-Hant":"浮溪坊","population":"50574","population:date":"2025-07-01","source:population":"gis.vn","type":"boundary","wikidata":"Q10805793"},"id":"relation/18317425"},
{"type":"Feature","geometry":{"type":"Polygon","coordinates":[[[106.2167063,21.167844],[106.2086488,21.1703631],[106.2078035,21.1698497],[106.2070782,21.170705],[106.202938,21.1717483],[106.2015492,21.1707475],[106.2001279,21.1710811],[106.1991392,21.1707839],[106.1977016,21.1687003],[106.1972495,21.1667107],[106.1972593,21.1651002],[106.1943094,21.1652124],[106.1941728,21.1631712],[106.1925206,21.1633016],[106.1906407,21.1602685],[106.1899219,21.1606143],[106.1885559,21.1582485],[106.1888731,21.1568637],[106.1862915,21.1524661],[106.1891312,21.1506177],[106.1963852,21.1456374],[106.1959491,21.1448451],[106.1970251,21.14428],[106.1948387,21.139016],[106.1954015,21.1389493],[106.1998922,21.1397995],[106.2014055,21.1369978],[106.200355,21.1369159],[106.197784,21.1323565],[106.2001249,21.1310934],[106.1969986,21.1264786],[106.1934182,21.1208337],[106.1921307,21.1212781],[106.1890814,21.1179828],[106.1877375,21.1176665],[106.187883,21.1128687],[106.1900014,21.1101711],[106.1882417,21.1083134],[106.188507,21.1064871],[106.1915667,21.1045562],[106.1950412,21.1045841],[106.1949516,21.1040369],[106.196141,21.1007071],[106.1961862,21.0998525],[106.1980824,21.0974],[106.2234399,21.1058926],[106.2333131,21.1103405],[106.2327399,21.1155631],[106.2337535,21.1156581],[106.2346281,21.1199205],[106.235731,21.1196963],[106.2374734,21.1211855],[106.2434597,21.1204129],[106.2447453,21.1269802],[106.2442498,21.127585],[106.2431003,21.1273631],[106.2429474,21.1285199],[106.243794,21.1297427],[106.2412522,21.1332665],[106.2415552,21.1351398],[106.2394971,21.1375895],[106.2383646,21.1393642],[106.2371245,21.1403624],[106.234412,21.1384346],[106.232921,21.1396816],[106.2287351,21.1447215],[106.2265293,21.1456341],[106.2234566,21.1460103],[106.22283,21.147115],[106.2212164,21.1483358],[106.2198016,21.1472401],[106.2169695,21.1488355],[106.2164815,21.1488217],[106.2149391,21.152166],[106.2127845,21.1548551],[106.2086988,21.1551262],[106.2074996,21.1566029],[106.208025,21.1578253],[106.2093943,21.1595884],[106.2138237,21.1638735],[106.2167063,21.167844]]]},"properties":{"@id":"relation/18317719","admin_level":"6","boundary":"administrative","name":"Phường Đào Viên","name:en":"Dao Vien Ward","name:lzh":"桃園社","name:vi-Hani":"社桃園","name:zh":"桃園社","name:zh-Hans":"桃园社","name:zh-Hant":"桃園社","population":"34724","population:date":"2025-07-01","source:population":"gis.vn","type":"boundary","wikidata":"Q10840480","wikipedia":"vi:Đào Viên, Quế Võ"},"id":"relation/18317719"},
{"type":"Feature","geometry":{"type":"Polygon","coordinates":[[[106.2161614,21.0539158],[106.2155838,21.0555615],[106.2167071,21.0558407],[106.2190232,21.0551415],[106.2206303,21.0552161],[106.2205723,21.0569308],[106.2216312,21.0579071],[106.2232173,21.0576841],[106.2243917,21.0581684],[106.224764,21.0602657],[106.2263644,21.0613955],[106.2310348,21.0615215],[106.2328938,21.0588162],[106.2337786,21.0580121],[106.2349819,21.0576828],[106.2361148,21.0581771],[106.2377779,21.0582824],[106.2389346,21.0561599],[106.2402234,21.0564912],[106.2429825,21.059797],[106.2461644,21.062376],[106.2482684,21.0629088],[106.2495412,21.0625314],[106.2505899,21.061032],[106.2517122,21.0605891],[106.2549766,21.0612662],[106.256258,21.0611054],[106.2570477,21.0603716],[106.2591899,21.0603883],[106.2631809,21.0611485],[106.2645676,21.0619011],[106.2667824,21.0637208],[106.268283,21.0660523],[106.2688037,21.0673098],[106.2690887,21.0694409],[106.2704907,21.0719255],[106.2704059,21.0740868],[106.2722862,21.0797754],[106.2701496,21.0802421],[106.2678199,21.0824358],[106.2657884,21.0823532],[106.2628226,21.0834125],[106.2623386,21.0814692],[106.2578117,21.0852827],[106.2529757,21.0889099],[106.2526354,21.0901738],[106.2486759,21.0920429],[106.2489277,21.0925313],[106.2468434,21.0938926],[106.248278,21.0978091],[106.2486034,21.0979027],[106.2492692,21.1021266],[106.2461809,21.1061288],[106.2463913,21.1072935],[106.2447631,21.1073405],[106.2444576,21.1101013],[106.2466265,21.109859],[106.247545,21.1149397],[106.2333131,21.1103405],[106.2234399,21.1058926],[106.2246662,21.1039931],[106.2246601,21.1026177],[106.2258188,21.1020371],[106.2254146,21.1003385],[106.2273812,21.0971433],[106.2284547,21.0936971],[106.2305966,21.0919274],[106.2291317,21.090243],[106.2295747,21.0886538],[106.2266268,21.0893836],[106.2251815,21.0868115],[106.2252522,21.0849622],[106.2263635,21.0836149],[106.2277155,21.0835885],[106.2276108,21.077924],[106.2254778,21.0779319],[106.2264565,21.0768992],[106.2266435,21.0744758],[106.2252994,21.0747779],[106.2172046,21.075184],[106.2174111,21.0746214],[106.2147537,21.074771],[106.2111403,21.0663665],[106.208663,21.067084],[106.2076457,21.0650084],[106.2087724,21.06297],[106.2113081,21.0620293],[106.2135094,21.0590333],[106.2138336,21.0571655],[106.2144744,21.0559233],[106.2143635,21.0544627],[106.2161614,21.0539158]]]},"properties":{"@id":"relation/18439792","admin_level":"6","boundary":"administrative","name":"Xã Nhân Thắng","name:en":"Nhan Thang Commune","name:lzh":"仁勝社","name:vi-Hani":"社仁勝","name:zh":"仁勝社","name:zh-Hans":"仁胜社","name:zh-Hant":"仁勝社","type":"boundary","wikidata":"Q10800965","wikipedia":"vi:Nhân Thắng"},"id":"relation/18439792"},
{"type":"Feature","geometry":{"type":"Polygon","coordinates":[[[106.1822812,21.1003686],[106.1804769,21.0982217],[106.1815402,21.0964409],[106.1818779,21.0952754],[106.1811171,21.0936567],[106.1823931,21.0929651],[106.1833396,21.091518],[106.1833563,21.0890171],[106.182467,21.0867036],[106.1810941,21.0857257],[106.1800137,21.0879745],[106.1786902,21.089239],[106.1773454,21.0885467],[106.1753439,21.0908085],[106.1723268,21.092978],[106.1711836,21.0934063],[106.1702314,21.0944877],[106.1687949,21.0946361],[106.1679949,21.095864],[106.1652066,21.0955627],[106.1647655,21.0966393],[106.1660184,21.0974238],[106.1677934,21.0979751],[106.1665303,21.1008436],[106.1637122,21.0982572],[106.1629766,21.09803],[106.1627071,21.0964989],[106.1604733,21.0951154],[106.158948,21.0945834],[106.1561848,21.0940677],[106.1566969,21.0908218],[106.1578552,21.0912654],[106.1589661,21.090177],[106.1559608,21.0863792],[106.1563699,21.0860291],[106.1587786,21.089044],[106.1592018,21.0887276],[106.1589907,21.087009],[106.1593049,21.0858276],[106.162129,21.0849679],[106.1627868,21.0832066],[106.1639565,21.0827765],[106.1644438,21.0814647],[106.1656541,21.0806],[106.168815,21.0801134],[106.1722758,21.0791558],[106.176342,21.0771636],[106.1782786,21.0766759],[106.1781391,21.0759451],[106.1817655,21.0753995],[106.1815233,21.0742986],[106.179294,21.0745816],[106.1787279,21.0706127],[106.180911,21.0709146],[106.1824015,21.0706671],[106.183268,21.0710017],[106.1834936,21.072728],[106.1828373,21.0727884],[106.18353,21.0764775],[106.1923269,21.0788784],[106.1945414,21.0804713],[106.196398,21.083277],[106.2019512,21.0833621],[106.2031421,21.0846935],[106.2076705,21.0809693],[106.2082059,21.0814422],[106.2113088,21.0792994],[106.2101548,21.077668],[106.2109231,21.0765585],[106.2147537,21.074771],[106.2174111,21.0746214],[106.2172046,21.075184],[106.2252994,21.0747779],[106.2266435,21.0744758],[106.2264565,21.0768992],[106.2254778,21.0779319],[106.2276108,21.077924],[106.2277155,21.0835885],[106.2263635,21.0836149],[106.2252522,21.0849622],[106.2251815,21.0868115],[106.2266268,21.0893836],[106.2295747,21.0886538],[106.2291317,21.090243],[106.2305966,21.0919274],[106.2284547,21.0936971],[106.2273812,21.0971433],[106.2254146,21.1003385],[106.2258188,21.1020371],[106.2246601,21.1026177],[106.2246662,21.1039931],[106.2234399,21.1058926],[106.1980824,21.0974],[106.1925997,21.0966699],[106.1870097,21.0979753],[106.1822812,21.1003686]]]},"properties":{"@id":"relation/18439966","admin_level":"6","boundary":"administrative","name":"Xã Đại Lai","name:en":"Dai Lai Commune","name:lzh":"大來坊","name:vi-Hani":"坊大來","name:zh":"大來坊","name:zh-Hans":"大来坊","name:zh-Hant":"大來坊","type":"boundary","wikidata":"Q10841106","wikipedia":"vi:Đại Lai"},"id":"relation/18439966"},
{"type":"Feature","geometry":{"type":"Polygon","coordinates":[[[106.247545,21.1149397],[106.2466265,21.109859],[106.2444576,21.1101013],[106.2447631,21.1073405],[106.2463913,21.1072935],[106.2461809,21.1061288],[106.2492692,21.1021266],[106.2486034,21.0979027],[106.248278,21.0978091],[106.2468434,21.0938926],[106.2489277,21.0925313],[106.2486759,21.0920429],[106.2526354,21.0901738],[106.2529757,21.0889099],[106.2578117,21.0852827],[106.2623386,21.0814692],[106.2628226,21.0834125],[106.2657884,21.0823532],[106.2678199,21.0824358],[106.2701496,21.0802421],[106.2722862,21.0797754],[106.2728942,21.0806433],[106.2770641,21.0742266],[106.2790851,21.0752896],[106.2809221,21.0735796],[106.2808281,21.0719316],[106.2827441,21.0710876],[106.2830501,21.0694366],[106.2839561,21.0694216],[106.2840571,21.0713406],[106.2838251,21.0733576],[106.2852531,21.0730886],[106.2901721,21.0707016],[106.2926541,21.0689176],[106.2930371,21.0665706],[106.2957381,21.0651966],[106.2974591,21.0664356],[106.2986511,21.0666346],[106.2986811,21.0650116],[106.2998121,21.0653936],[106.2999661,21.0662956],[106.3012531,21.0682056],[106.3031251,21.0690396],[106.3053387,21.0694619],[106.3040735,21.0719204],[106.3033048,21.0744544],[106.3026021,21.0791922],[106.3024433,21.0855799],[106.3018286,21.0888467],[106.2994161,21.0956882],[106.2975272,21.1003892],[106.2963334,21.1037983],[106.2951793,21.1082809],[106.2898026,21.1086295],[106.2845502,21.1024761],[106.2794314,21.1070685],[106.2743691,21.1098837],[106.2686167,21.112193],[106.2574587,21.1153957],[106.2517939,21.115716],[106.247545,21.1149397]]]},"properties":{"@id":"relation/18465772","admin_level":"6","boundary":"administrative","name":"Xã Cao Đức","name:en":"Cao Duc Commune","name:lzh":"高德社","name:vi-Hani":"社高德","name:zh":"高德社","name:zh-Hans":"高德社","name:zh-Hant":"高德社","type":"boundary","wikidata":"Q10744337","wikipedia":"vi:Cao Đức"},"id":"relation/18465772"},
{"type":"Feature","geometry":{"type":"Polygon","coordinates":[[[106.1414061,21.0516638],[106.1438078,21.0517488],[106.1443013,21.0527601],[106.1422087,21.0590469],[106.1440431,21.0600883],[106.1488955,21.0581517],[106.1490804,21.0584852],[106.1535727,21.0568848],[106.1536246,21.0561701],[106.1559144,21.055108],[106.1592297,21.055171],[106.1596593,21.0558153],[106.1611403,21.0560264],[106.1648094,21.0540174],[106.1645069,21.0533078],[106.1671145,21.0536318],[106.1662731,21.0545641],[106.167752,21.058927],[106.1705596,21.0609242],[106.1715367,21.0623424],[106.176154,21.0631036],[106.1762841,21.0638055],[106.178433,21.0638524],[106.180911,21.0709146],[106.1787279,21.0706127],[106.179294,21.0745816],[106.1815233,21.0742986],[106.1817655,21.0753995],[106.1781391,21.0759451],[106.1782786,21.0766759],[106.176342,21.0771636],[106.1722758,21.0791558],[106.168815,21.0801134],[106.1656541,21.0806],[106.1644438,21.0814647],[106.1639565,21.0827765],[106.1627868,21.0832066],[106.162129,21.0849679],[106.1593049,21.0858276],[106.1589907,21.087009],[106.1592018,21.0887276],[106.1587786,21.089044],[106.1563699,21.0860291],[106.1559608,21.0863792],[106.1589661,21.090177],[106.1578552,21.0912654],[106.1566969,21.0908218],[106.1561848,21.0940677],[106.158948,21.0945834],[106.1604733,21.0951154],[106.1627071,21.0964989],[106.1629766,21.09803],[106.1637122,21.0982572],[106.1665303,21.1008436],[106.1677934,21.0979751],[106.1660184,21.0974238],[106.1647655,21.0966393],[106.1652066,21.0955627],[106.1679949,21.095864],[106.1687949,21.0946361],[106.1702314,21.0944877],[106.1711836,21.0934063],[106.1723268,21.092978],[106.1753439,21.0908085],[106.1773454,21.0885467],[106.1786902,21.089239],[106.1800137,21.0879745],[106.1810941,21.0857257],[106.182467,21.0867036],[106.1833563,21.0890171],[106.1833396,21.091518],[106.1823931,21.0929651],[106.1811171,21.0936567],[106.1818779,21.0952754],[106.1815402,21.0964409],[106.1804769,21.0982217],[106.1822812,21.1003686],[106.1771308,21.1043955],[106.1689539,21.1091248],[106.1653591,21.1100251],[106.1604234,21.110024],[106.1550928,21.1098563],[106.1514324,21.1089441],[106.1486254,21.1059475],[106.1463938,21.101143],[106.145256,21.0916858],[106.1434614,21.083252],[106.1409244,21.0801364],[106.1374265,21.0786273],[106.1333422,21.0784114],[106.1300841,21.0751238],[106.1295631,21.0740328],[106.1282141,21.0735388],[106.1291121,21.0717578],[106.1307361,21.0723268],[106.1321371,21.0678618],[106.1348371,21.0602388],[106.1381401,21.0513728],[106.1414061,21.0516638]]]},"properties":{"@id":"relation/18469581","admin_level":"6","boundary":"administrative","name":"Xã Đông Cứu","name:en":"Dong Cuu Commune","name:lzh":"東究社","name:vi-Hani":"社東究","name:zh":"東究社","name:zh-Hans":"东究社","name:zh-Hant":"東究社","type":"boundary","wikidata":"Q10840706","wikipedia":"vi:Đông Cứu"},"id":"relation/18469581"},
{"type":"Feature","geometry":{"type":"Polygon","coordinates":[[[106.2570477,21.0603716],[106.2537512,21.0591997],[106.2527618,21.0579544],[106.2524154,21.0558711],[106.2525586,21.054426],[106.254125,21.0523114],[106.2562638,21.051201],[106.2584977,21.0505047],[106.2684204,21.0484225],[106.2680962,21.0469821],[106.2701734,21.0466127],[106.2695172,21.0412274],[106.2628821,21.0418662],[106.2528143,21.0419168],[106.2507515,21.0413915],[106.248404,21.0394444],[106.2480713,21.0383012],[106.2483546,21.0350176],[106.2494583,21.0302801],[106.2509017,21.0274845],[106.2532084,21.0254633],[106.260665,21.0206903],[106.2622314,21.0180664],[106.2659865,21.0155626],[106.270278,21.01384],[106.2725311,21.0123778],[106.2771361,21.0078013],[106.2786338,21.0090077],[106.2872294,21.0147321],[106.292401,21.018024],[106.2937601,21.0192083],[106.2945786,21.0205575],[106.2951179,21.0231146],[106.2946038,21.027261],[106.2929895,21.032171],[106.2927763,21.0352281],[106.293105,21.0367878],[106.2940601,21.0393535],[106.2981408,21.044675],[106.2997197,21.0464548],[106.3045147,21.0512195],[106.3076778,21.053906],[106.3098674,21.0562783],[106.3107463,21.0605846],[106.3092472,21.0631674],[106.3082495,21.0644385],[106.3053387,21.0694619],[106.3031251,21.0690396],[106.3012531,21.0682056],[106.2999661,21.0662956],[106.2998121,21.0653936],[106.2986811,21.0650116],[106.2986511,21.0666346],[106.2974591,21.0664356],[106.2957381,21.0651966],[106.2930371,21.0665706],[106.2926541,21.0689176],[106.2901721,21.0707016],[106.2852531,21.0730886],[106.2838251,21.0733576],[106.2840571,21.0713406],[106.2839561,21.0694216],[106.2830501,21.0694366],[106.2827441,21.0710876],[106.2808281,21.0719316],[106.2809221,21.0735796],[106.2790851,21.0752896],[106.2770641,21.0742266],[106.2728942,21.0806433],[106.2722862,21.0797754],[106.2704059,21.0740868],[106.2704907,21.0719255],[106.2690887,21.0694409],[106.2688037,21.0673098],[106.268283,21.0660523],[106.2667824,21.0637208],[106.2645676,21.0619011],[106.2631809,21.0611485],[106.2591899,21.0603883],[106.2570477,21.0603716]]]},"properties":{"@id":"relation/18469701","admin_level":"6","boundary":"administrative","name":"Xã Trung Kênh","name:en":"Trung Kenh Commune","name:lzh":"中涇社","name:vi-Hani":"社中涇","name:zh":"中涇社","name:zh-Hans":"中泾社","name:zh-Hant":"中涇社","type":"boundary","wikidata":"Q10828322","wikipedia":"vi:Trung Kênh"},"id":"relation/18469701"},
{"type":"Feature","geometry":{"type":"Polygon","coordinates":[[[106.2483546,21.0350176],[106.2432412,21.0349722],[106.2425614,21.0335751],[106.2377192,21.0336086],[106.2376385,21.0309669],[106.2349128,21.0304229],[106.2322993,21.0304325],[106.2323555,21.0288265],[106.2287502,21.0286913],[106.2288304,21.0259648],[106.223157,21.0244554],[106.2183312,21.0209105],[106.2183342,21.0169457],[106.2171591,21.0170001],[106.216833,21.0152467],[106.2127449,21.0167553],[106.212328,21.0162773],[106.207824,21.0161367],[106.2076759,21.014148],[106.2036651,21.0106358],[106.2075816,21.0080798],[106.2061625,21.0053956],[106.2066358,21.0052153],[106.2044442,21.0021819],[106.2030354,21.0022687],[106.2024891,21.0052381],[106.1959049,21.0042688],[106.1956998,21.003028],[106.1927916,21.0035395],[106.1927457,21.0026684],[106.1901881,21.0033321],[106.1900338,21.0021317],[106.1889036,20.99823],[106.1909181,20.9975938],[106.1916194,20.9989718],[106.1925396,20.9988727],[106.1924192,20.9971281],[106.1972882,20.9928514],[106.1991068,20.9898544],[106.1987208,20.9882684],[106.2018088,20.9875544],[106.2026923,20.9832339],[106.2051167,20.983335],[106.2075115,20.9842988],[106.2100436,20.9849302],[106.2113339,20.9861516],[106.2133919,20.9866954],[106.2147067,20.9885613],[106.2165055,20.9887211],[106.2185187,20.9897011],[106.2205832,20.9898543],[106.2211239,20.9903816],[106.2203604,20.9915677],[106.2208301,20.9934805],[106.2204178,20.9956494],[106.2214827,20.9958778],[106.2241004,20.9951098],[106.2255278,20.9941687],[106.2276679,20.9941124],[106.2291418,20.9946921],[106.2300497,20.9928556],[106.2313993,20.993032],[106.2323014,20.9952096],[106.2333958,20.9954922],[106.2364546,20.9943304],[106.2371159,20.9930588],[106.2383478,20.9936128],[106.2393521,20.992929],[106.2406584,20.9913802],[106.2422231,20.9924494],[106.2438577,20.9920242],[106.2448619,20.9907556],[106.2462443,20.9977529],[106.2478927,20.997222],[106.2493864,20.996261],[106.252466,20.9967045],[106.2534277,20.9955801],[106.2550425,20.9945375],[106.2568224,20.9929658],[106.2581457,20.9924239],[106.258697,20.9904767],[106.2601546,20.9900734],[106.2613451,20.9903997],[106.2621508,20.989963],[106.2629703,20.9886742],[106.2658394,20.98792],[106.2672281,20.9881125],[106.2685544,20.9890072],[106.2701453,20.99082],[106.2716239,20.9918582],[106.2728186,20.9918904],[106.2725391,20.9929976],[106.2719351,20.9990082],[106.2720801,21.0002121],[106.2729197,21.0026181],[106.2752553,21.0060235],[106.2771361,21.0078013],[106.2725311,21.0123778],[106.270278,21.01384],[106.2659865,21.0155626],[106.2622314,21.0180664],[106.260665,21.0206903],[106.2532084,21.0254633],[106.2509017,21.0274845],[106.2494583,21.0302801],[106.2483546,21.0350176]]]},"properties":{"@id":"relation/18481212","admin_level":"6","boundary":"administrative","name":"Xã Trung Chính","name:en":"Trung Chinh Commune","name:lzh":"忠貞社","name:vi-Hani":"社忠貞","name:zh":"忠貞社","name:zh-Hans":"忠贞社","name:zh-Hant":"忠貞社","type":"boundary","wikidata":"Q10828284","wikipedia":"vi:Trung Chính, Lương Tài"},"id":"relation/18481212"},
{"type":"Feature","geometry":{"type":"Polygon","coordinates":[[[106.1430441,21.0249147],[106.1410731,21.0257767],[106.1404731,21.0149546],[106.1403061,21.0102856],[106.1414054,21.0099905],[106.1413194,21.0085322],[106.1405296,21.0078348],[106.1406562,21.0009023],[106.1378646,21.0012428],[106.1393598,20.9986148],[106.1428274,20.9975482],[106.1427896,20.9963777],[106.1434432,20.9959922],[106.1435882,20.9947209],[106.146145,20.9944405],[106.1490918,20.9920885],[106.149638,20.9902702],[106.1506706,20.9888845],[106.1534304,20.9885573],[106.155797,20.9885895],[106.1570691,20.988236],[106.158508,20.9900822],[106.160787,20.9900059],[106.1648293,20.9873985],[106.1660784,20.9886955],[106.1679441,20.9875271],[106.1689892,20.9861468],[106.1695131,20.9848204],[106.1676129,20.9815913],[106.1649981,20.9775556],[106.1632723,20.9755245],[106.1652169,20.9733774],[106.1667905,20.9719684],[106.1667909,20.9702852],[106.1673397,20.9693737],[106.168743,20.9697489],[106.1715378,20.9724352],[106.1727848,20.9731668],[106.1750902,20.9751295],[106.1760649,20.9755737],[106.1770868,20.9752579],[106.1799734,20.9773811],[106.1829166,20.9787093],[106.1854227,20.9785057],[106.1873614,20.9798862],[106.1877224,20.9809326],[106.1908913,20.9789988],[106.1928789,20.9792165],[106.1976062,20.9806727],[106.2007255,20.9822445],[106.2018135,20.9823321],[106.2026923,20.9832339],[106.2018088,20.9875544],[106.1987208,20.9882684],[106.1991068,20.9898544],[106.1972882,20.9928514],[106.1924192,20.9971281],[106.1925396,20.9988727],[106.1916194,20.9989718],[106.1909181,20.9975938],[106.1889036,20.99823],[106.1900338,21.0021317],[106.1901881,21.0033321],[106.1902289,21.0044377],[106.1876529,21.004695],[106.1876578,21.007548],[106.1868566,21.0075382],[106.1865958,21.0120205],[106.1871474,21.0132758],[106.1851961,21.0136024],[106.1840351,21.0124944],[106.1819301,21.0124244],[106.1812401,21.0133914],[106.1796011,21.0129304],[106.1765943,21.0139494],[106.1754261,21.0174444],[106.1766221,21.0206534],[106.1752251,21.0211144],[106.1759366,21.0245204],[106.1750596,21.0247224],[106.1759421,21.0312585],[106.1764521,21.0359061],[106.1745631,21.035582],[106.1737379,21.0345136],[106.1720246,21.0341187],[106.1703437,21.035232],[106.1682963,21.0358676],[106.1668033,21.0380376],[106.1639455,21.0382354],[106.1625448,21.0392783],[106.161862,21.0412905],[106.1601264,21.0413795],[106.1588719,21.0433492],[106.157352,21.0431888],[106.1569471,21.0411325],[106.1551131,21.0385475],[106.1541711,21.0356225],[106.1521771,21.0348135],[106.1506641,21.0345465],[106.1507041,21.0329015],[106.1499071,21.0319875],[106.1492461,21.0295485],[106.1531881,21.0286185],[106.1530961,21.0279025],[106.1546571,21.0277455],[106.1550171,21.0237774],[106.1542001,21.0219144],[106.1531701,21.0218274],[106.1527541,21.0206254],[106.1519481,21.0208024],[106.1475971,21.0227354],[106.1430441,21.0249147]]]},"properties":{"@id":"relation/18481319","admin_level":"6","boundary":"administrative","name":"Xã Lâm Thao","name:en":"Lam Thao Commune","name:lzh":"臨洮社","name:vi-Hani":"社臨洮","name:zh":"臨洮社","name:zh-Hans":"临洮社","name:zh-Hant":"臨洮社","type":"boundary","wikidata":"Q10787495","wikipedia":"vi:Lâm Thao (xã)"},"id":"relation/18481319"},
{"type":"Feature","geometry":{"type":"Polygon","coordinates":[[[106.1071394,21.1262469],[106.1030402,21.1253264],[106.1022662,21.1274548],[106.098962,21.1264672],[106.0965496,21.1283001],[106.0908971,21.1302497],[106.0892537,21.1267142],[106.0881288,21.1269509],[106.0875797,21.1253887],[106.0838782,21.1269325],[106.0833723,21.1256331],[106.0756836,21.1276671],[106.0730785,21.1277386],[106.0730571,21.1243112],[106.0714871,21.1237945],[106.0699993,21.1226196],[106.0654616,21.1231072],[106.0616909,21.1239445],[106.0607751,21.120709],[106.0593161,21.1205987],[106.0574911,21.1210921],[106.0573885,21.1188957],[106.0564394,21.1154693],[106.0573008,21.1142169],[106.0585889,21.1142242],[106.0593799,21.1118759],[106.0632014,21.1105572],[106.0636594,21.111823],[106.0662006,21.1114598],[106.0681702,21.1017071],[106.0677665,21.0997303],[106.0689203,21.098393],[106.0726842,21.0975926],[106.0750814,21.0980471],[106.0774051,21.0891659],[106.0757353,21.0848548],[106.0762349,21.0846565],[106.0748822,21.0817654],[106.0805673,21.0778521],[106.0834842,21.0733691],[106.0878187,21.0699717],[106.0906626,21.069699],[106.0930749,21.0703612],[106.0945897,21.0711011],[106.0997037,21.0738325],[106.0983571,21.0764336],[106.0969251,21.0759576],[106.0953511,21.0783696],[106.0962581,21.0793976],[106.0894931,21.0888337],[106.0922861,21.0900477],[106.0918671,21.0911887],[106.0923111,21.0919757],[106.0914661,21.0940157],[106.0911221,21.0968657],[106.0919591,21.0976297],[106.0917611,21.1005697],[106.0925941,21.1029007],[106.0920591,21.1051897],[106.0945881,21.1058068],[106.0996971,21.1066478],[106.1021021,21.1066538],[106.1060261,21.1060488],[106.1095901,21.1051587],[106.1123617,21.1056281],[106.1107741,21.1110818],[106.1100731,21.1142568],[106.1096001,21.1186028],[106.1088681,21.1198498],[106.1071394,21.1262469]]]},"properties":{"@id":"relation/18481557","admin_level":"6","boundary":"administrative","name":"Xã Tân Chi","name:de":"Gemeinde Tân Chi","name:en":"Tan Chi Commune","name:lzh":"新芝社","name:vi-Hani":"社新芝","name:zh":"新芝社","name:zh-Hans":"新芝社","name:zh-Hant":"新芝社","type":"boundary","wikidata":"Q10830392","wikipedia":"vi:Tân Chi"},"id":"relation/18481557"},
{"type":"Feature","geometry":{"type":"Polygon","coordinates":[[[106.0677665,21.0997303],[106.0671794,21.0999448],[106.0659239,21.0989621],[106.0654636,21.097509],[106.0637965,21.0967677],[106.0610774,21.0962926],[106.0562332,21.0961901],[106.0534106,21.0964838],[106.052275,21.0970286],[106.048784,21.0969089],[106.0452379,21.0974539],[106.0438676,21.0971958],[106.0430179,21.1018912],[106.0409502,21.1027734],[106.0409252,21.1050765],[106.0391251,21.1052676],[106.0383544,21.1069853],[106.037421,21.1060708],[106.036201,21.1055865],[106.0324158,21.1046802],[106.0303032,21.1049029],[106.024089,21.107032],[106.0209616,21.1088074],[106.0193502,21.1080395],[106.0164107,21.1095676],[106.0170436,21.1113494],[106.0181745,21.111002],[106.0201777,21.116049],[106.0175657,21.1170557],[106.013538,21.1077725],[106.0129702,21.1064639],[106.013325,21.105549],[106.0113253,21.1020512],[106.0136795,21.1005416],[106.0131421,21.0989358],[106.0141496,21.0983366],[106.0173583,21.0988645],[106.0161861,21.0999794],[106.0182117,21.1015134],[106.020495,21.0987697],[106.0182247,21.0959922],[106.0178108,21.0925564],[106.0191635,21.092453],[106.0193231,21.088754],[106.0202323,21.0891539],[106.0206309,21.0846591],[106.0229248,21.083846],[106.0190798,21.0783227],[106.0206757,21.0782739],[106.0204431,21.0772613],[106.0189526,21.0759603],[106.0195728,21.0735639],[106.0263046,21.0712737],[106.0360176,21.0701308],[106.0414414,21.0709744],[106.0432654,21.0712581],[106.059067,21.0811946],[106.0631628,21.0826847],[106.0659094,21.0829369],[106.071964,21.0823227],[106.0748822,21.0817654],[106.0762349,21.0846565],[106.0757353,21.0848548],[106.0774051,21.0891659],[106.0750814,21.0980471],[106.0726842,21.0975926],[106.0689203,21.098393],[106.0677665,21.0997303]]]},"properties":{"@id":"relation/18481850","admin_level":"6","boundary":"administrative","name":"Xã Phật Tích","name:en":"Phat Tich Commune","name:lzh":"佛跡社","name:vi-Hani":"社佛跡","name:zh":"佛跡社","name:zh-Hans":"佛迹社","name:zh-Hant":"佛跡社","type":"boundary","wikidata":"Q10807134","wikipedia":"vi:Phật Tích"},"id":"relation/18481850"},
{"type":"Feature","geometry":{"type":"Polygon","coordinates":[[[106.0472697,21.1470145],[106.0473167,21.1478249],[106.0462312,21.1493725],[106.0448082,21.1484652],[106.0443842,21.1489917],[106.042907,21.1483436],[106.0425337,21.1488027],[106.0407722,21.147659],[106.0404374,21.1489391],[106.0388078,21.1475404],[106.0392927,21.1470585],[106.0368245,21.1453459],[106.036253,21.144671],[106.0312899,21.1424137],[106.0321048,21.1402044],[106.0222862,21.1355506],[106.0233565,21.1331474],[106.0220935,21.1322406],[106.0210695,21.1327886],[106.0186911,21.1316047],[106.0134812,21.1280365],[106.0094077,21.1278443],[106.0095032,21.1255067],[106.0074434,21.1221788],[106.0076762,21.1194616],[106.0060916,21.1183391],[106.0063126,21.1147967],[106.0106182,21.110971],[106.0116061,21.1107889],[106.013538,21.1077725],[106.0175657,21.1170557],[106.0201777,21.116049],[106.0181745,21.111002],[106.0170436,21.1113494],[106.0164107,21.1095676],[106.0193502,21.1080395],[106.0209616,21.1088074],[106.024089,21.107032],[106.0303032,21.1049029],[106.0324158,21.1046802],[106.036201,21.1055865],[106.037421,21.1060708],[106.0383544,21.1069853],[106.0391251,21.1052676],[106.0409252,21.1050765],[106.0409502,21.1027734],[106.0430179,21.1018912],[106.0438676,21.0971958],[106.0452379,21.0974539],[106.048784,21.0969089],[106.052275,21.0970286],[106.0534106,21.0964838],[106.0562332,21.0961901],[106.0610774,21.0962926],[106.0637965,21.0967677],[106.0654636,21.097509],[106.0659239,21.0989621],[106.0671794,21.0999448],[106.0677665,21.0997303],[106.0681702,21.1017071],[106.0662006,21.1114598],[106.0636594,21.111823],[106.0632014,21.1105572],[106.0593799,21.1118759],[106.0585889,21.1142242],[106.0573008,21.1142169],[106.0564394,21.1154693],[106.0573885,21.1188957],[106.0574911,21.1210921],[106.0593161,21.1205987],[106.0607751,21.120709],[106.0616909,21.1239445],[106.0621144,21.1254662],[106.0595595,21.1262812],[106.0602891,21.1285933],[106.0504883,21.1296808],[106.0505834,21.1305898],[106.0474082,21.1307176],[106.0457378,21.1335096],[106.0427864,21.1370812],[106.0411146,21.136431],[106.0405974,21.1376132],[106.046242,21.140137],[106.046922,21.1410261],[106.0472697,21.1470145]]]},"properties":{"@id":"relation/18485891","admin_level":"6","boundary":"administrative","name":"Xã Liên Bão","name:en":"Lien Bao Commune","name:lzh":"連抱社","name:vi-Hani":"社連抱","name:zh":"連抱社","name:zh-Hans":"连抱社","name:zh-Hant":"連抱社","type":"boundary","wikidata":"Q10786489","wikipedia":"vi:Liên Bão"},"id":"relation/18485891"},
{"type":"Feature","geometry":{"type":"Polygon","coordinates":[[[106.018459,21.1754894],[106.0193062,21.1754859],[106.0199802,21.1777339],[106.0213843,21.1872071],[106.0266997,21.1865953],[106.0265605,21.1855747],[106.0285949,21.1853241],[106.0293691,21.1860009],[106.02987,21.1873772],[106.0325786,21.1870825],[106.0348854,21.1921825],[106.0335867,21.1943626],[106.0340375,21.1962667],[106.034653,21.197375],[106.0337577,21.1992181],[106.034835,21.2003711],[106.037199,21.2014784],[106.0386455,21.2024578],[106.0360124,21.2068059],[106.0368322,21.2085868],[106.0350901,21.2120691],[106.0344058,21.2148785],[106.0342317,21.2185957],[106.03504,21.2273064],[106.0349655,21.2290566],[106.0338708,21.2325554],[106.0333009,21.2352316],[106.0334638,21.2388396],[106.0345599,21.241956],[106.0357069,21.243968],[106.0357944,21.245211],[106.0349817,21.2461154],[106.0309098,21.2486358],[106.0269753,21.2518719],[106.025429,21.2495149],[106.024942,21.2496118],[106.0229619,21.2471656],[106.0154701,21.2494152],[106.013176,21.2462373],[106.0102831,21.2447426],[106.0098284,21.2332961],[106.0077936,21.2275446],[106.0082757,21.2262516],[106.0094846,21.2258429],[106.0111523,21.2218978],[106.0110363,21.2195426],[106.0102615,21.217091],[106.0115526,21.2168636],[106.0112386,21.2155012],[106.0093795,21.2141398],[106.0032989,21.2133016],[106.0041784,21.205263],[106.0046149,21.2047871],[106.0063414,21.2030151],[106.0062015,21.2017414],[106.0041509,21.1962324],[106.0059898,21.195657],[106.006369,21.1874666],[106.0053636,21.1873809],[106.0063522,21.1837836],[106.0072936,21.1834142],[106.0088816,21.1818458],[106.0107293,21.1794009],[106.012168,21.1784933],[106.0138571,21.1782948],[106.0166932,21.1788751],[106.0174856,21.1783634],[106.018459,21.1754894]]]},"properties":{"@id":"relation/18508489","admin_level":"6","boundary":"administrative","name":"Xã Tam Đa","name:en":"Tam Da Commune","name:lzh":"三多社","name:vi-Hani":"社三多","name:zh":"三多社","name:zh-Hans":"三多社","name:zh-Hant":"三多社","type":"boundary","wikidata":"Q10823886","wikipedia":"vi:Tam Đa, Yên Phong"},"id":"relation/18508489"},
{"type":"Feature","geometry":{"type":"Polygon","coordinates":[[[105.9781705,21.2236279],[105.9794072,21.2220504],[105.9790092,21.2206737],[105.9797703,21.2180431],[105.9817048,21.2153861],[105.9801096,21.2125491],[105.9803505,21.2111238],[105.9836203,21.2092257],[105.983042,21.2051511],[105.9839878,21.2050201],[105.983685,21.1993893],[105.988731,21.1990328],[105.9887702,21.2007253],[105.991385,21.2007777],[105.9913841,21.198327],[105.9994291,21.1979381],[106.0001872,21.2001086],[106.0046149,21.2047871],[106.0041784,21.205263],[106.0032989,21.2133016],[106.0093795,21.2141398],[106.0112386,21.2155012],[106.0115526,21.2168636],[106.0102615,21.217091],[106.0110363,21.2195426],[106.0111523,21.2218978],[106.0094846,21.2258429],[106.0082757,21.2262516],[106.0077936,21.2275446],[106.0098284,21.2332961],[106.0102831,21.2447426],[106.013176,21.2462373],[106.0154701,21.2494152],[106.0229619,21.2471656],[106.024942,21.2496118],[106.025429,21.2495149],[106.0269753,21.2518719],[106.0247581,21.2531547],[106.0129306,21.2575888],[106.0106064,21.2582837],[106.0065758,21.2584214],[106.003441,21.2580512],[106.0007107,21.2582067],[105.9980452,21.2599187],[105.9954583,21.2634726],[105.9935564,21.2640739],[105.9923036,21.26316],[105.9911706,21.2612129],[105.9884334,21.2570515],[105.9872907,21.2548263],[105.9867349,21.2516507],[105.9870768,21.2493497],[105.989012,21.2451106],[105.9906758,21.2427476],[105.9913641,21.2412052],[105.9915761,21.2393837],[105.9909994,21.2366805],[105.9903178,21.2357712],[105.9880012,21.2345783],[105.9839197,21.233649],[105.9822214,21.2328823],[105.9807086,21.2313422],[105.9797108,21.228562],[105.9788954,21.2245116],[105.9781705,21.2236279]]]},"properties":{"@id":"relation/18509071","admin_level":"6","boundary":"administrative","name":"Xã Yên Trung","name:en":"Yen Trung Commune","name:lzh":"安中社","name:vi-Hani":"社安中","name:zh":"安中社","name:zh-Hans":"安中社","name:zh-Hant":"安中社","type":"boundary","wikidata":"Q10838193","wikipedia":"vi:Yên Trung, Yên Phong"},"id":"relation/18509071"},
{"type":"Feature","geometry":{"type":"Polygon","coordinates":[[[105.9378752,21.2433987],[105.9360416,21.2452234],[105.9335057,21.2454266],[105.9337894,21.2429595],[105.9328217,21.2416243],[105.9309217,21.2420327],[105.9296113,21.2414398],[105.9291422,21.2403098],[105.9281027,21.2402766],[105.9270924,21.2383839],[105.9234351,21.2362664],[105.9217346,21.2349713],[105.9209438,21.2351358],[105.9205146,21.232714],[105.9207454,21.2321314],[105.9193531,21.2311324],[105.9171632,21.2315263],[105.9159124,21.2321787],[105.913572,21.2323016],[105.912686,21.231083],[105.9114376,21.2318946],[105.9098136,21.23189],[105.9092226,21.2314612],[105.9068259,21.2322261],[105.9054183,21.2305675],[105.9065288,21.2292386],[105.9053464,21.227872],[105.9043102,21.2274123],[105.9039253,21.2238576],[105.9048948,21.222478],[105.9065562,21.2228511],[105.9090077,21.2248022],[105.9104665,21.224588],[105.9112935,21.2232075],[105.9119506,21.2213089],[105.9146272,21.2182806],[105.9154601,21.2150521],[105.9157429,21.2091948],[105.9150435,21.2081271],[105.9116811,21.2080796],[105.9103295,21.2076709],[105.9098524,21.2067562],[105.9102808,21.2058492],[105.9118622,21.2044798],[105.9136201,21.2035457],[105.9136461,21.2028935],[105.9114352,21.2013718],[105.9095131,21.2003652],[105.9070701,21.1967699],[105.9066119,21.1945402],[105.9070493,21.1924157],[105.9123696,21.1923682],[105.9123868,21.191994],[105.9129576,21.191741],[105.9183477,21.1937174],[105.9177188,21.1976932],[105.9186947,21.1992195],[105.9201838,21.1986266],[105.9212211,21.1987762],[105.9248324,21.2058754],[105.9228771,21.2061528],[105.9234701,21.2082029],[105.9251454,21.2079745],[105.9255172,21.2092568],[105.9242038,21.2094146],[105.9247227,21.2106114],[105.9268054,21.2099293],[105.9278355,21.2117113],[105.9311185,21.2109446],[105.9313328,21.2100386],[105.9373043,21.2097622],[105.9365289,21.2108697],[105.9343371,21.2125848],[105.9339419,21.2140476],[105.9343787,21.214514],[105.9511787,21.2183862],[105.9534557,21.2165906],[105.9539923,21.2143177],[105.954935,21.2129835],[105.955082,21.210988],[105.9574972,21.2110784],[105.9578557,21.2123429],[105.9564543,21.2138609],[105.9579192,21.21524],[105.9583692,21.2168286],[105.9590469,21.2173256],[105.9630703,21.2232781],[105.9628983,21.2246043],[105.9634275,21.2257398],[105.9623865,21.226179],[105.9641046,21.2302946],[105.9617441,21.2304446],[105.9602529,21.2295758],[105.9589155,21.2271821],[105.9575315,21.2270588],[105.9564022,21.2280675],[105.9542883,21.2332562],[105.9533047,21.2342198],[105.9512562,21.2348448],[105.9477645,21.2341999],[105.9439406,21.2327752],[105.9419443,21.2328471],[105.9402752,21.233755],[105.9361071,21.236982],[105.935563,21.2383113],[105.9362699,21.2410556],[105.9378752,21.2433987]]]},"properties":{"@id":"relation/18509763","admin_level":"6","boundary":"administrative","name":"Xã Tam Giang","name:en":"Tam Giang Commune","name:lzh":"三江社","name:vi-Hani":"社三江","name:zh":"三江社","name:zh-Hans":"三江社","name:zh-Hant":"三江社","type":"boundary","wikidata":"Q10823774","wikipedia":"vi:Tam Giang, Yên Phong"},"id":"relation/18509763"},
{"type":"Feature","geometry":{"type":"Polygon","coordinates":[[[105.9123868,21.191994],[105.9122986,21.1902265],[105.9138812,21.1901521],[105.9161766,21.1888207],[105.915353,21.1872642],[105.9160817,21.1870037],[105.9185903,21.1850938],[105.9236741,21.1827229],[105.9202439,21.1783903],[105.9216735,21.1769476],[105.9210083,21.1763836],[105.9210797,21.1737396],[105.9183831,21.1735282],[105.9181351,21.1715882],[105.9168603,21.1715793],[105.9171827,21.1679361],[105.9177016,21.1663076],[105.9192928,21.1631857],[105.9221188,21.1634582],[105.9225565,21.1631282],[105.9242227,21.1634888],[105.9248511,21.164409],[105.9310911,21.164168],[105.9327491,21.16441],[105.9370571,21.164388],[105.9412351,21.164026],[105.9415331,21.16314],[105.9441041,21.163213],[105.9458411,21.164012],[105.9469361,21.16394],[105.9482081,21.161999],[105.9504131,21.1622403],[105.9525222,21.1609828],[105.9520959,21.1597787],[105.9498524,21.1568005],[105.9535648,21.1562588],[105.9576565,21.1568615],[105.9576908,21.1605804],[105.9573552,21.1643827],[105.9589793,21.1645484],[105.9621503,21.1665451],[105.9631901,21.1668622],[105.9645271,21.1768563],[105.9588082,21.1778848],[105.9589487,21.1769491],[105.956124,21.1767934],[105.9562732,21.1752582],[105.9520246,21.1754033],[105.9527327,21.1767639],[105.9527365,21.1778182],[105.9503349,21.179644],[105.9506961,21.1801834],[105.9477618,21.1825618],[105.9443135,21.1848656],[105.9398781,21.1867645],[105.9378027,21.1888476],[105.9351927,21.1908004],[105.9364671,21.1948085],[105.9404832,21.2040374],[105.9398804,21.2056636],[105.9373043,21.2097622],[105.9313328,21.2100386],[105.9311185,21.2109446],[105.9278355,21.2117113],[105.9268054,21.2099293],[105.9247227,21.2106114],[105.9242038,21.2094146],[105.9255172,21.2092568],[105.9251454,21.2079745],[105.9234701,21.2082029],[105.9228771,21.2061528],[105.9248324,21.2058754],[105.9212211,21.1987762],[105.9201838,21.1986266],[105.9186947,21.1992195],[105.9177188,21.1976932],[105.9183477,21.1937174],[105.9129576,21.191741],[105.9123868,21.191994]]]},"properties":{"@id":"relation/18514983","admin_level":"6","boundary":"administrative","name":"Xã Văn Môn","name:en":"Van Mon Commune","name:lzh":"文門社","name:vi-Hani":"社文門","name:zh":"文門社","name:zh-Hans":"文门社","name:zh-Hant":"文門社","type":"boundary","wikidata":"Q10833400","wikipedia":"vi:Văn Môn"},"id":"relation/18514983"},
{"type":"Feature","geometry":{"type":"Polygon","coordinates":[[[106.6989225,21.5746251],[106.6999079,21.5770912],[106.700175,21.579003],[106.7020959,21.5815636],[106.702665,21.5826608],[106.7017734,21.5863322],[106.702104,21.5898663],[106.702811,21.5913365],[106.7026973,21.593044],[106.7020592,21.593654],[106.6993543,21.5944724],[106.6982761,21.595503],[106.6950344,21.596098],[106.6912892,21.5974054],[106.6893381,21.5999014],[106.6876546,21.6005636],[106.6859666,21.6008304],[106.6828491,21.6025475],[106.6816446,21.6022892],[106.6775159,21.6031633],[106.6750175,21.6045619],[106.670792,21.6086413],[106.6702393,21.608959],[106.6682348,21.6068567],[106.6645831,21.6047082],[106.6630005,21.6044744],[106.6607725,21.6061822],[106.6596372,21.6061311],[106.6567146,21.6035174],[106.6531724,21.6031573],[106.6522401,21.6033538],[106.6497445,21.6050225],[106.6477539,21.6060827],[106.6455775,21.6064581],[106.6446609,21.6060926],[106.6436158,21.6041883],[106.6417789,21.6031036],[106.6395716,21.6027092],[106.6366805,21.6008856],[106.6357665,21.6007282],[106.6325503,21.6016546],[106.6259508,21.6024684],[106.6251178,21.6036001],[106.6246961,21.6056853],[106.6204831,21.6070373],[106.6181303,21.6075597],[106.6150835,21.607735],[106.613235,21.6055887],[106.6116282,21.6051881],[106.6090727,21.6034856],[106.6036638,21.6033298],[106.6019844,21.6023886],[106.5997792,21.602181],[106.5991969,21.6018328],[106.5981302,21.5999494],[106.5944292,21.5992774],[106.5934055,21.5992664],[106.5910566,21.6001629],[106.5900817,21.5985075],[106.586683,21.5990393],[106.5840204,21.5997306],[106.5824258,21.6004326],[106.5802895,21.6003916],[106.5769574,21.6008604],[106.5711463,21.6025183],[106.5701134,21.5995416],[106.5693247,21.5986122],[106.564684,21.5950609],[106.5618222,21.5937554],[106.560708,21.5935786],[106.5583246,21.5938148],[106.5567616,21.5932881],[106.5554274,21.5912604],[106.5520697,21.5893349],[106.5528026,21.5850271],[106.5524557,21.5832706],[106.5509714,21.5817648],[106.5493682,21.5795313],[106.5478887,21.5784833],[106.5449707,21.5773757],[106.5441414,21.5767797],[106.5435628,21.5746615],[106.5418997,21.5730531],[106.5417554,21.5720343],[106.5423377,21.5702903],[106.5401962,21.5676036],[106.5380223,21.5660624],[106.5362865,21.5638716],[106.5349245,21.5633846],[106.5331651,21.5639273],[106.531403,21.5634439],[106.5301197,21.5619775],[106.5275439,21.5578528],[106.526787,21.5535294],[106.5276541,21.5514065],[106.527351,21.5500769],[106.5260392,21.5479862],[106.5265028,21.5455139],[106.5252984,21.5430684],[106.5234005,21.5379543],[106.5220505,21.5357024],[106.5241778,21.5354757],[106.5279127,21.5361713],[106.5301108,21.5373819],[106.5336299,21.5408149],[106.5355735,21.542376],[106.5382081,21.5441229],[106.5485,21.5535282],[106.5495979,21.5542245],[106.5517188,21.5547612],[106.5538623,21.5544703],[106.5553392,21.5536816],[106.5558939,21.5517919],[106.5549105,21.5487434],[106.5551428,21.5466994],[106.5563106,21.5454054],[106.5575766,21.5450939],[106.5600229,21.5462115],[106.5608144,21.5454462],[106.5606099,21.5436824],[106.5612628,21.5422274],[106.5630484,21.5415134],[106.5653464,21.5413881],[106.5676484,21.5409354],[106.5697405,21.540167],[106.571779,21.5397383],[106.5747399,21.5396692],[106.5759586,21.5401291],[106.5768572,21.5414139],[106.5773177,21.5437887],[106.5780475,21.5452964],[106.5788571,21.5460335],[106.5819585,21.5479255],[106.5835315,21.5495074],[106.5840125,21.5506344],[106.5840447,21.5531989],[106.5825715,21.5551393],[106.5823434,21.5558713],[106.5843207,21.5583186],[106.5857744,21.5592744],[106.588535,21.559866],[106.5900193,21.5597271],[106.5926449,21.5589934],[106.5958426,21.5593531],[106.5991548,21.55826],[106.5996635,21.5564245],[106.6033002,21.5565345],[106.6047041,21.5554439],[106.6063022,21.5546794],[106.6080672,21.551888],[106.6079877,21.549925],[106.6094471,21.5485375],[106.6124327,21.547168],[106.6152308,21.5439303],[106.6174677,21.542196],[106.6207382,21.5372752],[106.6235714,21.5356622],[106.6250098,21.5357944],[106.6261685,21.535006],[106.6277125,21.5345864],[106.6294667,21.5345365],[106.632519,21.5329297],[106.6344377,21.5325417],[106.6366481,21.5325999],[106.6392752,21.5350123],[106.6395349,21.5358011],[106.6441788,21.5371024],[106.6477169,21.5374355],[106.64888,21.5380138],[106.6491239,21.5388155],[106.6503923,21.5399349],[106.6514982,21.5403584],[106.6511833,21.5429443],[106.6515382,21.5442585],[106.6531403,21.5463447],[106.6534361,21.5475254],[106.6554943,21.548259],[106.6561805,21.5501052],[106.6575583,21.5512112],[106.6613436,21.5517348],[106.6630079,21.552796],[106.6669382,21.5542909],[106.6684813,21.5559104],[106.6702651,21.5565556],[106.6699287,21.5584242],[106.6712967,21.5601779],[106.6727588,21.5611278],[106.6724604,21.5627523],[106.6740849,21.5647742],[106.6744958,21.566025],[106.6758408,21.5669805],[106.6778209,21.5663898],[106.67939,21.5670413],[106.6799971,21.5684311],[106.6810805,21.5696905],[106.6840787,21.5709065],[106.6850967,21.5722094],[106.6860494,21.5743027],[106.6889541,21.5759877],[106.6902897,21.5763592],[106.6918237,21.5761591],[106.6960497,21.5749602],[106.6989225,21.5746251]]]},"properties":{"@id":"relation/18649617","admin_level":"6","boundary":"administrative","name":"Xã Tân Sơn","name:lzh":"新山社","name:vi-Hani":"社新山","name:zh":"新山社","name:zh-Hans":"新山社","name:zh-Hant":"新山社","type":"boundary","wikidata":"Q7862091","wikipedia":"vi:Tân Sơn, Lục Ngạn"},"id":"relation/18649617"},
{"type":"Feature","geometry":{"type":"Polygon","coordinates":[[[106.8502503,21.5166395],[106.8507062,21.5183841],[106.8504314,21.5230269],[106.8512821,21.5243298],[106.8533335,21.525588],[106.8542646,21.5253589],[106.8561747,21.5233693],[106.8579929,21.5220368],[106.8594298,21.5222083],[106.8644661,21.5272916],[106.8650119,21.5282229],[106.8651567,21.5317206],[106.8650218,21.5337612],[106.8634793,21.5358008],[106.8595571,21.5370633],[106.8578793,21.5389883],[106.8564051,21.5385359],[106.8551841,21.5396121],[106.8524487,21.5397362],[106.8506352,21.5414908],[106.8496844,21.54547],[106.8500429,21.5474193],[106.8480773,21.5503473],[106.8482775,21.5529701],[106.8458813,21.5561686],[106.8443796,21.5588415],[106.8434558,21.5596954],[106.8397837,21.5596736],[106.8368209,21.5603312],[106.8320688,21.5620242],[106.8293585,21.561459],[106.8289733,21.5600264],[106.8275081,21.5603236],[106.8242588,21.5621396],[106.8218269,21.5625722],[106.8194213,21.5624422],[106.8159366,21.5614497],[106.8121771,21.5598353],[106.8066933,21.5591671],[106.8035727,21.5606075],[106.8021383,21.5607167],[106.7992805,21.5618103],[106.7990985,21.5632969],[106.7973508,21.5650663],[106.7953567,21.5658066],[106.7935906,21.566107],[106.7916221,21.5689412],[106.7889023,21.570424],[106.7872947,21.5727542],[106.7866787,21.5769648],[106.7798678,21.5743183],[106.7734274,21.5719179],[106.7719564,21.5717616],[106.7686883,21.572109],[106.7659616,21.5730442],[106.7640551,21.5727832],[106.7598853,21.570358],[106.7566079,21.5671576],[106.756092,21.5659127],[106.755689,21.5629475],[106.7558065,21.5615762],[106.7572177,21.5623531],[106.7578478,21.5620026],[106.757993,21.5601882],[106.7590413,21.5585205],[106.7579927,21.5574064],[106.7599473,21.5561354],[106.7596965,21.5547159],[106.760998,21.5546709],[106.7614203,21.5536975],[106.7600065,21.5527434],[106.7591488,21.5535964],[106.7584316,21.5522599],[106.7597567,21.551402],[106.7600105,21.5503053],[106.7587042,21.5499441],[106.7599471,21.547821],[106.7595375,21.5470752],[106.7572698,21.5472867],[106.7585845,21.5455536],[106.7585708,21.5444286],[106.7575619,21.5438141],[106.7555569,21.5408813],[106.7518818,21.5403401],[106.7496358,21.5416457],[106.7481641,21.5420078],[106.7444904,21.5416926],[106.7428473,21.5419178],[106.739439,21.5433476],[106.7346019,21.5443344],[106.7336107,21.5451354],[106.7334293,21.5467187],[106.7335669,21.5489439],[106.7301678,21.5511641],[106.7278356,21.5533107],[106.7263907,21.5552817],[106.7247053,21.5557154],[106.7227474,21.5556733],[106.7210288,21.5570643],[106.7192102,21.5575202],[106.7179309,21.5584489],[106.7163051,21.5601721],[106.7134091,21.5598065],[106.7119535,21.5608826],[106.710239,21.5607338],[106.7117636,21.5584412],[106.7112595,21.5566679],[106.7096902,21.5562804],[106.7078486,21.5552397],[106.7076494,21.5534578],[106.705756,21.5521258],[106.7040322,21.5497361],[106.7038859,21.547195],[106.7027638,21.545864],[106.7029264,21.5447447],[106.6996741,21.5414321],[106.6982105,21.5413111],[106.697186,21.5405548],[106.6946491,21.540933],[106.6919497,21.5405397],[106.6893803,21.5409027],[106.6878029,21.5401615],[106.6852173,21.539496],[106.6840636,21.5389306],[106.6828925,21.5362489],[106.6846709,21.5331949],[106.6864304,21.5308995],[106.6868166,21.5286539],[106.6874604,21.5272966],[106.687054,21.5261871],[106.6870176,21.524483],[106.686044,21.5230499],[106.686435,21.5204249],[106.6854265,21.5196464],[106.6849329,21.5183488],[106.6854694,21.5162329],[106.6849554,21.5132394],[106.6859633,21.5105364],[106.687031,21.5103783],[106.6890351,21.5094484],[106.6910273,21.5099388],[106.6942836,21.5095788],[106.6960135,21.5099238],[106.6969832,21.5096039],[106.7005984,21.5100118],[106.701984,21.5094936],[106.7028061,21.5086303],[106.7039265,21.5088981],[106.70472,21.5100997],[106.7059886,21.5095457],[106.7061824,21.5086504],[106.7074263,21.5085426],[106.7086938,21.5079189],[106.7095239,21.509256],[106.7105704,21.5088361],[106.7117232,21.5074696],[106.7137766,21.5087632],[106.7148376,21.5077725],[106.7163151,21.5079187],[106.7183845,21.5095039],[106.7194682,21.5094489],[106.7223092,21.511072],[106.7244259,21.5105267],[106.7248017,21.5094359],[106.726228,21.5099721],[106.7278272,21.5088071],[106.7301983,21.5089069],[106.7315233,21.5085476],[106.7336261,21.5093661],[106.7345595,21.5100848],[106.7352945,21.5117866],[106.7385346,21.5128896],[106.7418712,21.5152052],[106.7429146,21.5162083],[106.7452822,21.5159997],[106.7490703,21.5170567],[106.7521602,21.5172614],[106.7528576,21.5169869],[106.7566448,21.5172464],[106.7596543,21.5170168],[106.7635113,21.5170767],[106.7654425,21.5178053],[106.7682749,21.5172065],[106.7703134,21.5172264],[106.773296,21.5168571],[106.7763537,21.5170168],[106.7826346,21.5167646],[106.7855667,21.5170751],[106.7880696,21.5170567],[106.7887562,21.5167773],[106.7928868,21.5166176],[106.8055683,21.5166176],[106.8063623,21.5165078],[106.8135559,21.5165627],[106.8171501,21.5164229],[106.831634,21.5162133],[106.8484193,21.5161435],[106.8502503,21.5166395]]]},"properties":{"@id":"relation/18649815","admin_level":"6","boundary":"administrative","name":"Xã Sa Lý","name:lzh":"沙里社","name:vi-Hani":"社沙里","name:zh":"沙里社","name:zh-Hans":"沙里社","name:zh-Hant":"沙里社","type":"boundary","wikidata":"Q3429470","wikipedia":"vi:Sa Lý"},"id":"relation/18649815"},
{"type":"Feature","geometry":{"type":"Polygon","coordinates":[[[106.695602,21.3475866],[106.6960696,21.3457661],[106.697011,21.3452979],[106.6981108,21.3435491],[106.6978401,21.3420325],[106.6964775,21.3401188],[106.6964346,21.3384554],[106.6957783,21.3355672],[106.695111,21.3345879],[106.6917144,21.3313188],[106.6917247,21.3300802],[106.6925293,21.3290159],[106.694843,21.3268645],[106.6972876,21.3241187],[106.7001765,21.3202765],[106.6997906,21.3186878],[106.7002634,21.3167182],[106.702491,21.3151885],[106.704857,21.3151867],[106.7055085,21.3161081],[106.7054315,21.3187057],[106.7058225,21.3206734],[106.7051888,21.3237219],[106.7060835,21.3252159],[106.707843,21.3268045],[106.7095877,21.3298395],[106.710943,21.3313669],[106.7145894,21.3332944],[106.7165136,21.3335431],[106.7170393,21.3330584],[106.7193047,21.3278198],[106.7201876,21.3254325],[106.7217405,21.3226506],[106.7241418,21.3206107],[106.724458,21.3191064],[106.7257066,21.3176837],[106.7277689,21.3188289],[106.7321115,21.3233944],[106.7339373,21.3246984],[106.7356646,21.325328],[106.7391426,21.3256362],[106.741304,21.3254015],[106.7423952,21.3249871],[106.7440217,21.3237592],[106.7446446,21.3227695],[106.7451489,21.3190415],[106.7447595,21.317806],[106.7413896,21.313737],[106.7405674,21.3109979],[106.7422578,21.3099973],[106.7450201,21.3104758],[106.750066,21.3134232],[106.7518676,21.3139944],[106.7532384,21.3135843],[106.7546617,21.3116357],[106.7555094,21.3100349],[106.7562765,21.318496],[106.7570168,21.3199715],[106.7567766,21.3219255],[106.7600577,21.3199667],[106.7622133,21.3199807],[106.7705689,21.3253959],[106.7725659,21.3281539],[106.7736054,21.3347388],[106.772222,21.3358653],[106.7708248,21.3392529],[106.7684176,21.3395802],[106.7637298,21.3397991],[106.7619836,21.3422343],[106.759545,21.3438167],[106.7580765,21.3467303],[106.7548929,21.3466007],[106.7505792,21.3498474],[106.748152,21.3505935],[106.7476087,21.3520218],[106.7497902,21.3542875],[106.7520096,21.3596952],[106.750737,21.3643804],[106.7532981,21.3671704],[106.7550596,21.3682727],[106.7614784,21.3693239],[106.7628415,21.3715911],[106.7612649,21.3734949],[106.7646723,21.3782151],[106.7643571,21.3822501],[106.7667981,21.38288],[106.7685606,21.3846288],[106.7709351,21.3842355],[106.7714994,21.3828641],[106.7732325,21.3819223],[106.7746439,21.3825334],[106.7733401,21.3843831],[106.7750679,21.3848073],[106.7767956,21.3851619],[106.7788602,21.3843011],[106.7798825,21.3851151],[106.780126,21.3862858],[106.779602,21.3868973],[106.7767602,21.3884153],[106.7765824,21.3920011],[106.7785396,21.3960288],[106.7781443,21.3984026],[106.7788762,21.3990636],[106.7818145,21.3993702],[106.7809549,21.4043757],[106.7800801,21.4057038],[106.7805279,21.4098224],[106.77982,21.4110533],[106.7773881,21.4120714],[106.7760762,21.414954],[106.7756,21.4180504],[106.7775521,21.4184657],[106.7769994,21.4195678],[106.7780715,21.4204482],[106.7783341,21.4232793],[106.7820594,21.4260278],[106.782665,21.4276683],[106.7817986,21.4272938],[106.7801517,21.4286171],[106.7771208,21.4283524],[106.776123,21.4297156],[106.7747015,21.4310289],[106.7689776,21.4296308],[106.7666763,21.4288767],[106.7645171,21.4288842],[106.760074,21.4282188],[106.7534047,21.4282675],[106.7516935,21.427918],[106.7501807,21.4256558],[106.7483783,21.4244873],[106.7461735,21.4246121],[106.7443389,21.4241877],[106.7394596,21.4241878],[106.7365132,21.4268606],[106.7342735,21.4278169],[106.73136,21.4283624],[106.7297181,21.4281018],[106.7280615,21.4284138],[106.7260449,21.4280195],[106.7175436,21.4284722],[106.7145094,21.4279694],[106.7143864,21.4268501],[106.7132169,21.4264906],[106.7119724,21.4239338],[106.7110711,21.4235942],[106.7127878,21.4199388],[106.7146546,21.4180411],[106.7164141,21.4140858],[106.7191178,21.4128672],[106.722218,21.4123089],[106.725471,21.4083372],[106.726855,21.4074682],[106.727649,21.4059899],[106.7298602,21.4053092],[106.7302707,21.4044525],[106.7327199,21.4033058],[106.7331587,21.4021591],[106.7341072,21.4014737],[106.7341355,21.4002611],[106.7352539,21.3989957],[106.7352256,21.3973876],[106.7358485,21.3955159],[106.7373916,21.3943691],[106.7376181,21.3932356],[106.7360325,21.3914692],[106.7354957,21.3896808],[106.7358875,21.3887816],[106.7340363,21.386526],[106.7350847,21.3849485],[106.7352936,21.3818692],[106.7339916,21.3792994],[106.7341354,21.3778224],[106.7321805,21.3763446],[106.7302256,21.3758409],[106.7295463,21.374362],[106.7295463,21.3721006],[106.7285749,21.3708307],[106.7282947,21.3690389],[106.7288738,21.3660642],[106.7279959,21.3653858],[106.7275839,21.3628071],[106.7247056,21.3617621],[106.723925,21.3622468],[106.7227816,21.3615603],[106.720196,21.3615301],[106.7197569,21.3608031],[106.7200334,21.3593341],[106.7211555,21.3569563],[106.7213535,21.355747],[106.7205121,21.3535677],[106.7185974,21.3510401],[106.7192239,21.3476507],[106.719062,21.3459762],[106.7183798,21.345589],[106.7160151,21.3454938],[106.7132093,21.3449887],[106.7115841,21.345786],[106.7095059,21.3463459],[106.7050985,21.3455674],[106.7007876,21.3485318],[106.6994705,21.3486587],[106.6976206,21.347849],[106.695602,21.3475866]]]},"properties":{"@id":"relation/18649967","admin_level":"6","boundary":"administrative","name":"Xã Biển Động","type":"boundary","wikidata":"Q4403092","wikipedia":"vi:Biển Động"},"id":"relation/18649967"},
{"type":"Feature","geometry":{"type":"Polygon","coordinates":[[[106.5849639,21.4719159],[106.5857216,21.4727553],[106.5879706,21.4732752],[106.5891896,21.4740746],[106.592844,21.4737659],[106.5929225,21.4756782],[106.5938843,21.4764746],[106.5942947,21.47815],[106.5939399,21.4807695],[106.5947136,21.4823473],[106.5942181,21.4837503],[106.5961351,21.485053],[106.6000068,21.4838468],[106.6019933,21.4837899],[106.6033145,21.48617],[106.6071415,21.4861322],[106.6084846,21.487112],[106.6101834,21.4875467],[106.6139491,21.4866773],[106.6161151,21.4852151],[106.6184115,21.4845896],[106.6185277,21.4829762],[106.6196945,21.4824894],[106.6198222,21.4807934],[106.6210143,21.4774016],[106.6206378,21.4768796],[106.6213985,21.4755033],[106.6231871,21.475263],[106.6250076,21.4735468],[106.6262927,21.4734919],[106.627943,21.4703224],[106.6316043,21.4691404],[106.6353029,21.4699748],[106.6391697,21.4681321],[106.6411498,21.4687579],[106.6431112,21.4677496],[106.6439331,21.4677844],[106.6467911,21.4663241],[106.6477694,21.4649904],[106.6487638,21.4645299],[106.649635,21.4652852],[106.6511498,21.4654769],[106.6525644,21.4648062],[106.6537845,21.4657581],[106.6554932,21.4664318],[106.6540206,21.4692855],[106.6544659,21.4721091],[106.6531873,21.4742267],[106.6493555,21.4832153],[106.6500458,21.4909301],[106.6487798,21.4951628],[106.6488227,21.498477],[106.6477069,21.5002738],[106.6455826,21.5019109],[106.6455397,21.5050852],[106.6449388,21.5060634],[106.6447886,21.5092177],[106.6427287,21.5114136],[106.6422996,21.5132502],[106.6427502,21.5143282],[106.6418489,21.5167636],[106.6418919,21.5179214],[106.6393384,21.5197979],[106.6388634,21.5213062],[106.6376015,21.5231144],[106.6368493,21.5256865],[106.6356906,21.5285409],[106.6347557,21.529504],[106.6344377,21.5325417],[106.632519,21.5329297],[106.6294667,21.5345365],[106.6277125,21.5345864],[106.6261685,21.535006],[106.6250098,21.5357944],[106.6235714,21.5356622],[106.6207382,21.5372752],[106.6174677,21.542196],[106.6152308,21.5439303],[106.6124327,21.547168],[106.6094471,21.5485375],[106.6079877,21.549925],[106.6080672,21.551888],[106.6063022,21.5546794],[106.6047041,21.5554439],[106.6033002,21.5565345],[106.5996635,21.5564245],[106.5991548,21.55826],[106.5958426,21.5593531],[106.5926449,21.5589934],[106.5900193,21.5597271],[106.588535,21.559866],[106.5857744,21.5592744],[106.5843207,21.5583186],[106.5823434,21.5558713],[106.5825715,21.5551393],[106.5840447,21.5531989],[106.5840125,21.5506344],[106.5835315,21.5495074],[106.5819585,21.5479255],[106.5788571,21.5460335],[106.5780475,21.5452964],[106.5773177,21.5437887],[106.5768572,21.5414139],[106.5759586,21.5401291],[106.5747399,21.5396692],[106.571779,21.5397383],[106.5697405,21.540167],[106.5676484,21.5409354],[106.5653464,21.5413881],[106.5630484,21.5415134],[106.5612628,21.5422274],[106.5606099,21.5436824],[106.5608144,21.5454462],[106.5600229,21.5462115],[106.5575766,21.5450939],[106.5563106,21.5454054],[106.5551428,21.5466994],[106.5549105,21.5487434],[106.5558939,21.5517919],[106.5553392,21.5536816],[106.5538623,21.5544703],[106.5517188,21.5547612],[106.5495979,21.5542245],[106.5485,21.5535282],[106.5382081,21.5441229],[106.5355735,21.542376],[106.5336299,21.5408149],[106.5301108,21.5373819],[106.5279127,21.5361713],[106.5241778,21.5354757],[106.5220505,21.5357024],[106.5188955,21.5324576],[106.517422,21.5319089],[106.5146618,21.5316425],[106.5118314,21.5282428],[106.5086728,21.5257239],[106.5078828,21.5246069],[106.5073731,21.5226129],[106.508073,21.5199914],[106.5101506,21.5166208],[106.5139072,21.512194],[106.5150498,21.5088075],[106.5166843,21.5056092],[106.5191125,21.5017794],[106.5215239,21.4998796],[106.5203453,21.4983111],[106.5190904,21.4972569],[106.5176627,21.4945577],[106.5124887,21.4896114],[106.5111208,21.4876843],[106.5123814,21.4874098],[106.5137976,21.4882034],[106.5155894,21.4871901],[106.5172201,21.4879339],[106.5202618,21.4867958],[106.5218389,21.4857326],[106.522665,21.483671],[106.5232797,21.4810188],[106.525535,21.4785345],[106.5275091,21.4783498],[106.5286688,21.4769146],[106.5309423,21.4747106],[106.53216,21.4761433],[106.532321,21.4779105],[106.5336996,21.4781251],[106.535207,21.4792982],[106.5373582,21.4786093],[106.5389836,21.4800869],[106.5388012,21.4816869],[106.5403676,21.4829822],[106.542052,21.4827076],[106.5429264,21.4840354],[106.5442032,21.4822184],[106.5456033,21.4792982],[106.5472394,21.4779754],[106.5482372,21.4785245],[106.5512413,21.478804],[106.5524,21.479433],[106.5585101,21.4791085],[106.5597439,21.4764728],[106.559658,21.4749253],[106.5577529,21.4711736],[106.5570617,21.4668879],[106.5558708,21.4664836],[106.5554942,21.4634807],[106.5584484,21.4612041],[106.5610519,21.4614749],[106.5634507,21.4633534],[106.5646362,21.4630438],[106.5660416,21.4635817],[106.567812,21.4636379],[106.5712785,21.46254],[106.5724522,21.4628891],[106.5742278,21.4627543],[106.5745014,21.4637627],[106.5755507,21.4644592],[106.5765077,21.4667282],[106.576454,21.4676667],[106.5774625,21.4700081],[106.5773606,21.4715007],[106.5802699,21.4730351],[106.5815234,21.4731881],[106.5826607,21.4725241],[106.5849639,21.4719159]]]},"properties":{"@id":"relation/18653509","admin_level":"6","boundary":"administrative","name":"Xã Sơn Hải","name:lzh":"山海社","name:vi-Hani":"社山海","name:zh":"山海社","name:zh-Hans":"山海社","name:zh-Hant":"山海社","type":"boundary","wikidata":"Q2783278","wikipedia":"vi:Sơn Hải, Lục Ngạn"},"id":"relation/18653509"},
{"type":"Feature","geometry":{"type":"Polygon","coordinates":[[[106.6229603,21.4199545],[106.626834,21.4197569],[106.6461164,21.4195384],[106.6844344,21.4193037],[106.6866016,21.4195909],[106.6906572,21.4197723],[106.6959196,21.4202575],[106.6965151,21.4211377],[106.6982795,21.4209765],[106.6991651,21.4213437],[106.7009367,21.4238394],[106.700474,21.4252114],[106.7008442,21.4258356],[106.7036927,21.4269492],[106.7049158,21.4280827],[106.7083543,21.4276533],[106.7089859,21.4269632],[106.7145094,21.4279694],[106.7175436,21.4284722],[106.7260449,21.4280195],[106.7280615,21.4284138],[106.7297181,21.4281018],[106.73136,21.4283624],[106.7342735,21.4278169],[106.7365132,21.4268606],[106.7394596,21.4241878],[106.7443389,21.4241877],[106.7461735,21.4246121],[106.7483783,21.4244873],[106.7501807,21.4256558],[106.7516935,21.427918],[106.7534047,21.4282675],[106.760074,21.4282188],[106.7645171,21.4288842],[106.7666763,21.4288767],[106.7689776,21.4296308],[106.7747015,21.4310289],[106.776123,21.4297156],[106.7771208,21.4283524],[106.7801517,21.4286171],[106.7817986,21.4272938],[106.782665,21.4276683],[106.7836279,21.428627],[106.785956,21.4297256],[106.7893356,21.4298754],[106.7920875,21.4306544],[106.7964435,21.4298205],[106.7997801,21.4297057],[106.8021029,21.4304147],[106.8048575,21.4299728],[106.8088674,21.4300652],[106.8119896,21.4305878],[106.8192422,21.4309565],[106.8232458,21.4309165],[106.8288284,21.4314184],[106.8304378,21.4321774],[106.8309849,21.4313635],[106.8338013,21.4344245],[106.8347776,21.4360623],[106.8375778,21.4386688],[106.8405336,21.4398822],[106.8428457,21.4397823],[106.8436664,21.4402117],[106.8473947,21.4403815],[106.8498838,21.4408658],[106.85049,21.4405962],[106.8520725,21.4415649],[106.8533492,21.4417346],[106.8553018,21.440756],[106.8573028,21.4413851],[106.8620771,21.4415199],[106.8632787,21.4418719],[106.8649976,21.4416234],[106.8684769,21.4423987],[106.8688738,21.4428781],[106.8709016,21.4427632],[106.879431,21.4432126],[106.8845111,21.4436894],[106.8916029,21.4441313],[106.8961787,21.4441313],[106.8963128,21.4475116],[106.8944675,21.4473194],[106.8932176,21.4496336],[106.8910838,21.451726],[106.8909188,21.4537367],[106.8916982,21.4567588],[106.8920989,21.4595922],[106.8928354,21.4602196],[106.8955016,21.4608364],[106.897529,21.4617897],[106.8989645,21.4648496],[106.9015092,21.4691876],[106.9017677,21.4703872],[106.9011302,21.4717785],[106.8987954,21.4733479],[106.8956623,21.4751305],[106.8927119,21.4760262],[106.8917049,21.4770133],[106.8916062,21.4806446],[106.8892968,21.4816143],[106.888803,21.4823321],[106.8884411,21.4849584],[106.8899045,21.486878],[106.8902136,21.4891506],[106.8888842,21.4903739],[106.88805,21.4901401],[106.885711,21.4913528],[106.8828501,21.492421],[106.8800694,21.4939652],[106.8739503,21.4960561],[106.8704092,21.4965614],[106.8683324,21.4971956],[106.8656386,21.4970366],[106.864325,21.4965276],[106.8618607,21.4960605],[106.8596827,21.4960847],[106.8553002,21.4952752],[106.8532483,21.4954144],[106.8519871,21.4965921],[106.8519352,21.4998516],[106.8488835,21.4972375],[106.8467673,21.4946736],[106.8454509,21.4947331],[106.8440635,21.4998791],[106.8427457,21.5035999],[106.841464,21.5051448],[106.8390787,21.5064629],[106.8389743,21.5087811],[106.8395445,21.5116806],[106.8409336,21.5133524],[106.8454052,21.513428],[106.8474199,21.5144369],[106.8481309,21.5152569],[106.8502503,21.5166395],[106.8484193,21.5161435],[106.831634,21.5162133],[106.8171501,21.5164229],[106.8135559,21.5165627],[106.8063623,21.5165078],[106.8055683,21.5166176],[106.7928868,21.5166176],[106.7887562,21.5167773],[106.7880696,21.5170567],[106.7855667,21.5170751],[106.7826346,21.5167646],[106.7763537,21.5170168],[106.773296,21.5168571],[106.7703134,21.5172264],[106.7682749,21.5172065],[106.7654425,21.5178053],[106.7635113,21.5170767],[106.7596543,21.5170168],[106.7566448,21.5172464],[106.7528576,21.5169869],[106.7521602,21.5172614],[106.7490703,21.5170567],[106.7452822,21.5159997],[106.7429146,21.5162083],[106.7418712,21.5152052],[106.7385346,21.5128896],[106.7352945,21.5117866],[106.7345595,21.5100848],[106.7336261,21.5093661],[106.7315233,21.5085476],[106.7301983,21.5089069],[106.7278272,21.5088071],[106.726228,21.5099721],[106.7248017,21.5094359],[106.7244259,21.5105267],[106.7223092,21.511072],[106.7194682,21.5094489],[106.7183845,21.5095039],[106.7163151,21.5079187],[106.7148376,21.5077725],[106.7137766,21.5087632],[106.7117232,21.5074696],[106.7105704,21.5088361],[106.7095239,21.509256],[106.7086938,21.5079189],[106.7074263,21.5085426],[106.7061824,21.5086504],[106.7059886,21.5095457],[106.70472,21.5100997],[106.7039265,21.5088981],[106.7028061,21.5086303],[106.701984,21.5094936],[106.7005984,21.5100118],[106.6969832,21.5096039],[106.6960135,21.5099238],[106.6942836,21.5095788],[106.6910273,21.5099388],[106.6890351,21.5094484],[106.687031,21.5103783],[106.6859633,21.5105364],[106.6849554,21.5132394],[106.6854694,21.5162329],[106.6849329,21.5183488],[106.6854265,21.5196464],[106.686435,21.5204249],[106.686044,21.5230499],[106.6870176,21.524483],[106.687054,21.5261871],[106.6874604,21.5272966],[106.6868166,21.5286539],[106.6864304,21.5308995],[106.6846709,21.5331949],[106.6828925,21.5362489],[106.6840636,21.5389306],[106.6852173,21.539496],[106.6878029,21.5401615],[106.6893803,21.5409027],[106.6919497,21.5405397],[106.6946491,21.540933],[106.697186,21.5405548],[106.6982105,21.5413111],[106.6996741,21.5414321],[106.7029264,21.5447447],[106.7027638,21.545864],[106.7038859,21.547195],[106.7040322,21.5497361],[106.705756,21.5521258],[106.7076494,21.5534578],[106.7078486,21.5552397],[106.7096902,21.5562804],[106.7112595,21.5566679],[106.7117636,21.5584412],[106.710239,21.5607338],[106.7072315,21.5641564],[106.7060642,21.5670609],[106.7051877,21.5681936],[106.6999306,21.5714103],[106.698928,21.5731892],[106.6989225,21.5746251],[106.6960497,21.5749602],[106.6918237,21.5761591],[106.6902897,21.5763592],[106.6889541,21.5759877],[106.6860494,21.5743027],[106.6850967,21.5722094],[106.6840787,21.5709065],[106.6810805,21.5696905],[106.6799971,21.5684311],[106.67939,21.5670413],[106.6778209,21.5663898],[106.6758408,21.5669805],[106.6744958,21.566025],[106.6740849,21.5647742],[106.6724604,21.5627523],[106.6727588,21.5611278],[106.6712967,21.5601779],[106.6699287,21.5584242],[106.6702651,21.5565556],[106.6684813,21.5559104],[106.6669382,21.5542909],[106.6630079,21.552796],[106.6613436,21.5517348],[106.6575583,21.5512112],[106.6561805,21.5501052],[106.6554943,21.548259],[106.6534361,21.5475254],[106.6531403,21.5463447],[106.6515382,21.5442585],[106.6511833,21.5429443],[106.6514982,21.5403584],[106.6503923,21.5399349],[106.6491239,21.5388155],[106.64888,21.5380138],[106.6477169,21.5374355],[106.6441788,21.5371024],[106.6395349,21.5358011],[106.6392752,21.5350123],[106.6366481,21.5325999],[106.6344377,21.5325417],[106.6347557,21.529504],[106.6356906,21.5285409],[106.6368493,21.5256865],[106.6376015,21.5231144],[106.6388634,21.5213062],[106.6393384,21.5197979],[106.6418919,21.5179214],[106.6418489,21.5167636],[106.6427502,21.5143282],[106.6422996,21.5132502],[106.6427287,21.5114136],[106.6447886,21.5092177],[106.6449388,21.5060634],[106.6455397,21.5050852],[106.6455826,21.5019109],[106.6477069,21.5002738],[106.6488227,21.498477],[106.6487798,21.4951628],[106.6500458,21.4909301],[106.6493555,21.4832153],[106.6531873,21.4742267],[106.6544659,21.4721091],[106.6540206,21.4692855],[106.6554932,21.4664318],[106.6537845,21.4657581],[106.6525644,21.4648062],[106.6511498,21.4654769],[106.649635,21.4652852],[106.6487638,21.4645299],[106.6477694,21.4649904],[106.6467911,21.4663241],[106.6439331,21.4677844],[106.6431112,21.4677496],[106.6411498,21.4687579],[106.6391697,21.4681321],[106.6353029,21.4699748],[106.6316043,21.4691404],[106.627943,21.4703224],[106.6262927,21.4734919],[106.6250076,21.4735468],[106.6231871,21.475263],[106.6213985,21.4755033],[106.6206378,21.4768796],[106.6210143,21.4774016],[106.6198222,21.4807934],[106.6196945,21.4824894],[106.6185277,21.4829762],[106.6184115,21.4845896],[106.6161151,21.4852151],[106.6139491,21.4866773],[106.6101834,21.4875467],[106.6084846,21.487112],[106.6071415,21.4861322],[106.6033145,21.48617],[106.6019933,21.4837899],[106.6000068,21.4838468],[106.5961351,21.485053],[106.5942181,21.4837503],[106.5947136,21.4823473],[106.5939399,21.4807695],[106.5942947,21.47815],[106.5938843,21.4764746],[106.5929225,21.4756782],[106.592844,21.4737659],[106.5891896,21.4740746],[106.5879706,21.4732752],[106.5857216,21.4727553],[106.5849639,21.4719159],[106.5862829,21.471627],[106.5875282,21.4698149],[106.58795,21.4673572],[106.5891355,21.466199],[106.5897632,21.4650158],[106.5906054,21.4647163],[106.5903532,21.4631562],[106.5907663,21.4620853],[106.5897712,21.4615186],[106.5856701,21.4600309],[106.5847313,21.4591147],[106.582681,21.4559825],[106.5822101,21.4543817],[106.5790021,21.4530761],[106.5792261,21.4520651],[106.577543,21.4498483],[106.5770119,21.4479959],[106.5762609,21.4474317],[106.5757191,21.4457091],[106.5760034,21.444371],[106.573289,21.442953],[106.5732139,21.4411305],[106.5748018,21.4397823],[106.573804,21.439278],[106.5737081,21.4369597],[106.5733266,21.4360223],[106.5719171,21.4358301],[106.5727143,21.4342572],[106.5737343,21.4345568],[106.575534,21.4342385],[106.5768081,21.4323822],[106.5779614,21.4336056],[106.5800214,21.4334308],[106.5810889,21.4318878],[106.5833983,21.4323797],[106.5840125,21.4336305],[106.5854609,21.4325869],[106.5874833,21.4322449],[106.5880707,21.4316706],[106.587781,21.4305096],[106.5886366,21.4288493],[106.5899107,21.4308691],[106.5913202,21.4322336],[106.5927324,21.4331462],[106.5937141,21.4319952],[106.5955889,21.4319178],[106.5988907,21.4307193],[106.5993199,21.4297081],[106.6012993,21.4282226],[106.6052046,21.4264224],[106.6069856,21.4288168],[106.606535,21.4304347],[106.6073209,21.4316781],[106.6073055,21.4326459],[106.6090442,21.4339389],[106.6103438,21.4328266],[106.6126934,21.4296382],[106.6129938,21.4287419],[106.6149062,21.428594],[106.6172682,21.4295084],[106.6172639,21.4281564],[106.6167213,21.4253526],[106.6146116,21.4228836],[106.6139272,21.4201914],[106.6229603,21.4199545]]]},"properties":{"@id":"relation/18653821","admin_level":"6","boundary":"administrative","name":"Xã Biên Sơn","type":"boundary","wikidata":"Q962285","wikipedia":"vi:Biên Sơn"},"id":"relation/18653821"},
{"type":"Feature","geometry":{"type":"Polygon","coordinates":[[[106.539166,21.3115467],[106.5386268,21.3133345],[106.5406206,21.3132477],[106.5405669,21.3141049],[106.5390449,21.3152502],[106.5398968,21.3157167],[106.5392177,21.3186644],[106.5404776,21.3180545],[106.5403592,21.319473],[106.5426,21.3202101],[106.5440798,21.3202359],[106.5463771,21.3222685],[106.5461397,21.3233991],[106.5475425,21.3251132],[106.5475264,21.3260351],[106.5462052,21.3278214],[106.5452418,21.3282979],[106.5445095,21.3306679],[106.5421353,21.331223],[106.5412842,21.3331672],[106.5419346,21.3337965],[106.5423586,21.3354486],[106.5431088,21.3365328],[106.5446699,21.3372974],[106.5463531,21.3422801],[106.5461372,21.3434117],[106.5419662,21.3427669],[106.5382832,21.3429033],[106.5366948,21.344195],[106.5359114,21.3465634],[106.5383857,21.3507509],[106.538351,21.3520469],[106.5391621,21.3526328],[106.539478,21.3539156],[106.5391298,21.3554294],[106.5396182,21.3565402],[106.5410468,21.3566921],[106.5412985,21.3580438],[106.5422569,21.3587615],[106.5428824,21.3604982],[106.5426661,21.361852],[106.5428102,21.3640826],[106.5425288,21.3650559],[106.5566448,21.3690611],[106.5523486,21.3707372],[106.5521368,21.3724801],[106.5526286,21.3730473],[106.5518047,21.3752888],[106.5499648,21.3749515],[106.5491065,21.3757766],[106.5472905,21.3754362],[106.5447333,21.3742367],[106.5424915,21.3751679],[106.5413169,21.3762285],[106.541092,21.3771352],[106.5396356,21.3795483],[106.5394752,21.3817131],[106.5381158,21.3830565],[106.5378644,21.3840988],[106.5368909,21.3845165],[106.5373872,21.386228],[106.5361756,21.3876917],[106.5351885,21.3879003],[106.5341603,21.3896881],[106.5352681,21.3905198],[106.5339101,21.3926652],[106.5348327,21.3954405],[106.5346339,21.3961384],[106.5359006,21.3975315],[106.5360554,21.3988173],[106.5353623,21.3996941],[106.5378189,21.4014248],[106.5379376,21.4026675],[106.5391023,21.4029479],[106.5388615,21.404437],[106.5368473,21.4061348],[106.5355677,21.4052522],[106.5348953,21.4067436],[106.5337529,21.4075999],[106.5343389,21.4089051],[106.5330389,21.4105026],[106.5305025,21.4096626],[106.5280198,21.4101593],[106.5258726,21.4101992],[106.5237842,21.4093496],[106.5222695,21.4091649],[106.5208914,21.4084283],[106.5172013,21.4082707],[106.5146483,21.4074174],[106.5128906,21.4072395],[106.5113523,21.4075952],[106.51042,21.4085131],[106.5084937,21.4095458],[106.5061795,21.4099819],[106.5047699,21.4097067],[106.5034113,21.4079636],[106.5022533,21.4078297],[106.5003378,21.4069576],[106.498793,21.4074284],[106.4975585,21.4067445],[106.4948609,21.4061921],[106.4928671,21.4066821],[106.4902955,21.405159],[106.4889194,21.4048591],[106.4851701,21.4051386],[106.4832122,21.4042957],[106.4811573,21.4023881],[106.4793294,21.4018907],[106.4785543,21.4011901],[106.4781445,21.3999021],[106.4764345,21.3991169],[106.4758578,21.3963024],[106.4770755,21.3959104],[106.4778967,21.3917992],[106.4793313,21.3882295],[106.4788033,21.3874944],[106.4793856,21.3862247],[106.4797515,21.383987],[106.4804417,21.3831333],[106.4790255,21.382474],[106.4784703,21.3804709],[106.4788887,21.3788349],[106.4779593,21.3785539],[106.4768167,21.3766337],[106.4777821,21.3744195],[106.4768127,21.3741318],[106.4774153,21.3725776],[106.4747715,21.3732238],[106.4707777,21.3730203],[106.4692187,21.373162],[106.4690155,21.3719837],[106.4672238,21.37054],[106.466859,21.3696258],[106.4675671,21.3685942],[106.4673096,21.3662937],[106.4686641,21.3644453],[106.4702305,21.3640081],[106.4716172,21.3624669],[106.4717554,21.3614765],[106.4726901,21.3612829],[106.4736369,21.3597966],[106.4763647,21.3605535],[106.477502,21.3594244],[106.4777595,21.3581105],[106.4767176,21.3569965],[106.4775825,21.3560484],[106.4791918,21.3554701],[106.4821744,21.3521151],[106.4863425,21.3491474],[106.4862344,21.3468634],[106.4866537,21.3457973],[106.4851463,21.3451578],[106.4840179,21.3434314],[106.4825351,21.3441665],[106.4812705,21.3437712],[106.480085,21.3443483],[106.4790121,21.3436089],[106.4771893,21.3411351],[106.4761421,21.3408158],[106.4757049,21.3395966],[106.4730924,21.3394217],[106.472328,21.3402574],[106.4705477,21.3404523],[106.4697504,21.3413304],[106.46853,21.3414179],[106.4674129,21.3420849],[106.4654964,21.3417027],[106.4639778,21.3422665],[106.4615563,21.3424022],[106.4583738,21.3418926],[106.4547555,21.3417769],[106.451726,21.3412855],[106.4505941,21.3404348],[106.4493817,21.3402212],[106.4499404,21.3377748],[106.4485784,21.3363962],[106.4478622,21.3342982],[106.4477652,21.3327856],[106.4463339,21.3314543],[106.4453477,21.3293082],[106.4456749,21.3284599],[106.4446449,21.3276667],[106.446957,21.3255029],[106.4483303,21.3255179],[106.4492402,21.3239393],[106.4490598,21.3220899],[106.4494033,21.3199909],[106.4493522,21.3179096],[106.4499611,21.3171325],[106.452072,21.3166953],[106.4522611,21.3153135],[106.4505257,21.3157108],[106.4500348,21.3151548],[106.4485019,21.3160231],[106.4477268,21.3148692],[106.448573,21.3138005],[106.4482284,21.3130021],[106.4492516,21.31232],[106.4492154,21.3110381],[106.4501478,21.3108004],[106.4500254,21.3095113],[106.450873,21.309149],[106.4509857,21.3072973],[106.4522018,21.3066573],[106.4544994,21.3127847],[106.4557716,21.314999],[106.4566658,21.31592],[106.4584408,21.3169027],[106.4610386,21.3175323],[106.462797,21.3174799],[106.4645722,21.3165789],[106.4667477,21.3134967],[106.4681063,21.3126083],[106.4693618,21.3128339],[106.4713812,21.3154034],[106.4725445,21.3173754],[106.4748759,21.32218],[106.4749271,21.3233292],[106.4738022,21.3265673],[106.4736155,21.3282238],[106.4745853,21.3297283],[106.4770807,21.330493],[106.4791489,21.3303001],[106.4808507,21.3297659],[106.48294,21.3283897],[106.4862326,21.3250082],[106.4905811,21.320938],[106.4928774,21.3184481],[106.4948921,21.3171738],[106.4964458,21.31688],[106.4975914,21.3170818],[106.4992562,21.3180865],[106.500539,21.3198217],[106.5010196,21.3209905],[106.5010464,21.3226395],[106.50213,21.3226199],[106.5039049,21.3218714],[106.5081532,21.3184109],[106.5080186,21.3156793],[106.5094605,21.3116097],[106.5082536,21.3101278],[106.5057641,21.3095967],[106.5054452,21.3082144],[106.5072758,21.3056006],[106.507937,21.3054531],[106.5106802,21.3057999],[106.5113568,21.3042062],[106.5112227,21.3024619],[106.5131593,21.3025819],[106.518908,21.3023623],[106.5201273,21.3018484],[106.5206641,21.3002628],[106.5214848,21.2993057],[106.5239691,21.2994065],[106.525891,21.2992254],[106.5280294,21.3016348],[106.5277393,21.3034969],[106.5288717,21.3044211],[106.5310442,21.3050433],[106.5323693,21.3050258],[106.5331954,21.3043361],[106.53514,21.3062328],[106.5355155,21.3071774],[106.5371559,21.3072472],[106.5380126,21.3081095],[106.5380958,21.3107582],[106.539166,21.3115467]]]},"properties":{"@id":"relation/18654013","admin_level":"6","boundary":"administrative","name":"Phường Phượng Sơn","name:lzh":"鳳山坊","name:vi-Hani":"坊鳳山","name:zh":"鳳山坊","name:zh-Hans":"凤山坊","name:zh-Hant":"鳳山坊","type":"boundary","wikidata":"Q49053995","wikipedia":"vi:Phượng Sơn (phường)"},"id":"relation/18654013"},
{"type":"Feature","geometry":{"type":"Polygon","coordinates":[[[106.6146461,21.3727761],[106.6133439,21.3729803],[106.611367,21.3725482],[106.6091591,21.3710162],[106.6072069,21.3688661],[106.6064116,21.3672953],[106.6050536,21.3634303],[106.6028805,21.3597904],[106.6011874,21.3585608],[106.6009128,21.3568842],[106.5999494,21.3560453],[106.5986145,21.3555425],[106.5980646,21.354211],[106.5968764,21.3527497],[106.5973216,21.352285],[106.5976971,21.3485078],[106.5969086,21.3479433],[106.5964419,21.3461296],[106.5954119,21.3450104],[106.5954924,21.342667],[106.5972948,21.342732],[106.6002881,21.3435864],[106.6036892,21.3377803],[106.6048264,21.3361614],[106.6068475,21.3323463],[106.6082713,21.3323728],[106.6114195,21.331415],[106.612685,21.3298851],[106.6141096,21.3262379],[106.6140456,21.3250669],[106.6147916,21.3236869],[106.6148229,21.3226598],[106.6156643,21.3207487],[106.615401,21.3181326],[106.6158134,21.317724],[106.6145162,21.3140019],[106.614685,21.3117886],[106.6165444,21.3117914],[106.6226602,21.3107363],[106.6242882,21.3102879],[106.6258415,21.3080204],[106.6260346,21.3063811],[106.6271719,21.3048218],[106.6273006,21.3023029],[106.6267427,21.3008635],[106.6264853,21.2989843],[106.6272148,21.2982446],[106.6283092,21.2982246],[106.630648,21.2975448],[106.6324934,21.2960454],[106.6345748,21.2954656],[106.635476,21.2957655],[106.6382655,21.294346],[106.6381582,21.2930865],[106.6398748,21.2908673],[106.6401323,21.2895477],[106.6409048,21.288628],[106.6406259,21.2876483],[106.6419348,21.2859089],[106.642321,21.2843693],[106.6436514,21.2837695],[106.6443166,21.2825499],[106.644338,21.2813902],[106.6449818,21.2803705],[106.6450844,21.2785911],[106.651034,21.2767041],[106.6591228,21.2767467],[106.6654948,21.2783305],[106.6707038,21.2775244],[106.6717942,21.2766723],[106.6797535,21.2786587],[106.6819355,21.2722429],[106.6843026,21.2686783],[106.6872536,21.2674694],[106.6882343,21.2681193],[106.6912535,21.2681074],[106.6943629,21.2682537],[106.6953028,21.2665421],[106.697821,21.266347],[106.6998281,21.2648345],[106.7052573,21.265182],[106.7098533,21.2662075],[106.711968,21.2692639],[106.7115353,21.271028],[106.715404,21.2734349],[106.7189665,21.2742249],[106.7243987,21.2730468],[106.7343452,21.276421],[106.7357338,21.2771814],[106.7365405,21.2825665],[106.7349214,21.2857435],[106.7352057,21.2868293],[106.7441274,21.293183],[106.7474126,21.2927759],[106.7484499,21.2938286],[106.7532423,21.2953486],[106.7613797,21.2996157],[106.761208,21.3019689],[106.7623258,21.3042437],[106.7591571,21.3057447],[106.7581878,21.3072544],[106.7555094,21.3100349],[106.7546617,21.3116357],[106.7532384,21.3135843],[106.7518676,21.3139944],[106.750066,21.3134232],[106.7450201,21.3104758],[106.7422578,21.3099973],[106.7405674,21.3109979],[106.7413896,21.313737],[106.7447595,21.317806],[106.7451489,21.3190415],[106.7446446,21.3227695],[106.7440217,21.3237592],[106.7423952,21.3249871],[106.741304,21.3254015],[106.7391426,21.3256362],[106.7356646,21.325328],[106.7339373,21.3246984],[106.7321115,21.3233944],[106.7277689,21.3188289],[106.7257066,21.3176837],[106.724458,21.3191064],[106.7241418,21.3206107],[106.7217405,21.3226506],[106.7201876,21.3254325],[106.7193047,21.3278198],[106.7170393,21.3330584],[106.7165136,21.3335431],[106.7145894,21.3332944],[106.710943,21.3313669],[106.7095877,21.3298395],[106.707843,21.3268045],[106.7060835,21.3252159],[106.7051888,21.3237219],[106.7058225,21.3206734],[106.7054315,21.3187057],[106.7055085,21.3161081],[106.704857,21.3151867],[106.702491,21.3151885],[106.7002634,21.3167182],[106.6997906,21.3186878],[106.7001765,21.3202765],[106.6972876,21.3241187],[106.694843,21.3268645],[106.6925293,21.3290159],[106.6917247,21.3300802],[106.6917144,21.3313188],[106.695111,21.3345879],[106.6957783,21.3355672],[106.6964346,21.3384554],[106.6964775,21.3401188],[106.6978401,21.3420325],[106.6981108,21.3435491],[106.697011,21.3452979],[106.6960696,21.3457661],[106.695602,21.3475866],[106.695541,21.3484043],[106.6938746,21.3504998],[106.6922733,21.3518987],[106.6912952,21.3523433],[106.6883773,21.3527697],[106.6870174,21.3538388],[106.6855379,21.3556395],[106.6815504,21.354568],[106.6778024,21.352176],[106.6771746,21.3511336],[106.6772019,21.3497392],[106.6778094,21.346864],[106.6776415,21.3443075],[106.6772453,21.3420855],[106.6751037,21.3405826],[106.6723179,21.3402448],[106.6698431,21.3406442],[106.6672518,21.342071],[106.6649187,21.3442459],[106.6630948,21.3462145],[106.659683,21.348273],[106.6578508,21.3486682],[106.6557723,21.3483829],[106.6536313,21.3484504],[106.6526003,21.348823],[106.6502631,21.3503365],[106.6496848,21.3512198],[106.6496271,21.3555063],[106.6507357,21.3584512],[106.6510302,21.3626967],[106.6489649,21.3642704],[106.6471007,21.3643792],[106.643614,21.3649155],[106.6421131,21.364391],[106.6413803,21.3636036],[106.6397284,21.3603208],[106.6388744,21.3563319],[106.6375157,21.3544864],[106.6356727,21.3534279],[106.6291165,21.3507861],[106.6268313,21.350996],[106.6247246,21.3524581],[106.6238701,21.3535291],[106.6235965,21.3552128],[106.6242939,21.357441],[106.6244202,21.3590074],[106.6237628,21.3630714],[106.6225845,21.3690885],[106.6216546,21.3702303],[106.6191515,21.3712298],[106.6146461,21.3727761]]]},"properties":{"@id":"relation/18654054","admin_level":"6","boundary":"administrative","name":"Xã Đèo Gia","name:lzh":"條嘉社","name:vi-Hani":"社條嘉","name:zh":"條嘉社","name:zh-Hans":"条嘉社","name:zh-Hant":"條嘉社","type":"boundary","wikidata":"Q2263752","wikipedia":"vi:Đèo Gia"},"id":"relation/18654054"},
{"type":"Feature","geometry":{"type":"Polygon","coordinates":[[[106.5461372,21.3434117],[106.5463531,21.3422801],[106.5446699,21.3372974],[106.5431088,21.3365328],[106.5423586,21.3354486],[106.5419346,21.3337965],[106.5412842,21.3331672],[106.5421353,21.331223],[106.5445095,21.3306679],[106.5452418,21.3282979],[106.5462052,21.3278214],[106.5475264,21.3260351],[106.5475425,21.3251132],[106.5461397,21.3233991],[106.5463771,21.3222685],[106.5440798,21.3202359],[106.5426,21.3202101],[106.5403592,21.319473],[106.5404776,21.3180545],[106.5392177,21.3186644],[106.5398968,21.3157167],[106.5390449,21.3152502],[106.5405669,21.3141049],[106.5406206,21.3132477],[106.5386268,21.3133345],[106.539166,21.3115467],[106.5413829,21.3102403],[106.5427382,21.3102948],[106.544046,21.3088178],[106.5455217,21.3081885],[106.5464393,21.3066018],[106.5503273,21.3045324],[106.550323,21.303542],[106.5479364,21.3025625],[106.5472292,21.3018141],[106.5475948,21.3010351],[106.5467962,21.299849],[106.5481249,21.2990073],[106.5497869,21.2987437],[106.550721,21.2976369],[106.5498496,21.2959747],[106.5502275,21.2952831],[106.5527588,21.2932119],[106.5539836,21.2909105],[106.5556785,21.2896426],[106.5569858,21.2881229],[106.560115,21.2869922],[106.5611157,21.2877931],[106.561605,21.2892888],[106.5644751,21.2895313],[106.5665498,21.2880891],[106.5695115,21.2869087],[106.5704379,21.2872043],[106.57243,21.2887534],[106.5734269,21.2899105],[106.5742063,21.2901083],[106.5748191,21.2885294],[106.5762813,21.2858573],[106.5778108,21.2841606],[106.5785891,21.2822179],[106.5798232,21.2822374],[106.5803341,21.283455],[106.5820713,21.2836676],[106.5838865,21.2842768],[106.5848712,21.2854158],[106.586995,21.2858612],[106.5896721,21.2859943],[106.5905038,21.2870797],[106.5914415,21.2870128],[106.5926687,21.2858901],[106.5925756,21.2839846],[106.5931022,21.2827054],[106.5939533,21.2819814],[106.5968096,21.2809218],[106.5983706,21.2808389],[106.5989426,21.2801593],[106.598427,21.2784853],[106.5984522,21.2763195],[106.6000207,21.2729562],[106.600443,21.2714803],[106.6025634,21.2707859],[106.6054062,21.2684191],[106.6099027,21.2675869],[106.6145324,21.265468],[106.6168595,21.2675178],[106.624505,21.2674065],[106.6261394,21.2685767],[106.629848,21.2693517],[106.6328791,21.2725802],[106.6331993,21.274109],[106.6379763,21.2746063],[106.6450844,21.2785911],[106.6449818,21.2803705],[106.644338,21.2813902],[106.6443166,21.2825499],[106.6436514,21.2837695],[106.642321,21.2843693],[106.6419348,21.2859089],[106.6406259,21.2876483],[106.6409048,21.288628],[106.6401323,21.2895477],[106.6398748,21.2908673],[106.6381582,21.2930865],[106.6382655,21.294346],[106.635476,21.2957655],[106.6345748,21.2954656],[106.6324934,21.2960454],[106.630648,21.2975448],[106.6283092,21.2982246],[106.6272148,21.2982446],[106.6264853,21.2989843],[106.6267427,21.3008635],[106.6273006,21.3023029],[106.6271719,21.3048218],[106.6260346,21.3063811],[106.6258415,21.3080204],[106.6242882,21.3102879],[106.6226602,21.3107363],[106.6165444,21.3117914],[106.614685,21.3117886],[106.6145162,21.3140019],[106.6158134,21.317724],[106.615401,21.3181326],[106.6156643,21.3207487],[106.6148229,21.3226598],[106.6147916,21.3236869],[106.6140456,21.3250669],[106.6141096,21.3262379],[106.612685,21.3298851],[106.6114195,21.331415],[106.6082713,21.3323728],[106.6068475,21.3323463],[106.6048264,21.3361614],[106.6036892,21.3377803],[106.6002881,21.3435864],[106.5972948,21.342732],[106.5954924,21.342667],[106.5954119,21.3450104],[106.5964419,21.3461296],[106.5969086,21.3479433],[106.5976971,21.3485078],[106.5973216,21.352285],[106.5968764,21.3527497],[106.5980646,21.354211],[106.5986145,21.3555425],[106.5999494,21.3560453],[106.6009128,21.3568842],[106.6011874,21.3585608],[106.5992528,21.3579856],[106.597517,21.3583227],[106.5944731,21.3602737],[106.5917561,21.3617177],[106.5866578,21.3638796],[106.5827008,21.3640239],[106.5794429,21.3645093],[106.5728331,21.3644103],[106.5702815,21.3646099],[106.566948,21.3658391],[106.5643845,21.366293],[106.563161,21.3659765],[106.5598646,21.3643304],[106.5574351,21.3622714],[106.5567157,21.3611498],[106.5560585,21.3588399],[106.5563375,21.3545433],[106.5561296,21.3534296],[106.5551117,21.3526897],[106.5530547,21.3519743],[106.5499163,21.3498119],[106.5480816,21.3478233],[106.5479743,21.3453701],[106.5471567,21.3439903],[106.5461372,21.3434117]]]},"properties":{"@id":"relation/18654095","admin_level":"6","boundary":"administrative","name":"Xã Nam Dương","name:lzh":"南陽社","name:vi-Hani":"社南陽","name:zh":"南陽社","name:zh-Hans":"南阳社","name:zh-Hant":"南陽社","type":"boundary","wikidata":"Q3136778","wikipedia":"vi:Nam Dương, Chũ"},"id":"relation/18654095"},
{"type":"Feature","geometry":{"type":"Polygon","coordinates":[[[106.5727143,21.4342572],[106.5719171,21.4358301],[106.5733266,21.4360223],[106.5737081,21.4369597],[106.573804,21.439278],[106.5748018,21.4397823],[106.5732139,21.4411305],[106.573289,21.442953],[106.5760034,21.444371],[106.5757191,21.4457091],[106.5762609,21.4474317],[106.5770119,21.4479959],[106.577543,21.4498483],[106.5792261,21.4520651],[106.5790021,21.4530761],[106.5822101,21.4543817],[106.582681,21.4559825],[106.5847313,21.4591147],[106.5856701,21.4600309],[106.5897712,21.4615186],[106.5907663,21.4620853],[106.5903532,21.4631562],[106.5906054,21.4647163],[106.5897632,21.4650158],[106.5891355,21.466199],[106.58795,21.4673572],[106.5875282,21.4698149],[106.5862829,21.471627],[106.5849639,21.4719159],[106.5826607,21.4725241],[106.5815234,21.4731881],[106.5802699,21.4730351],[106.5773606,21.4715007],[106.5774625,21.4700081],[106.576454,21.4676667],[106.5765077,21.4667282],[106.5755507,21.4644592],[106.5745014,21.4637627],[106.5742278,21.4627543],[106.5724522,21.4628891],[106.5712785,21.46254],[106.567812,21.4636379],[106.5660416,21.4635817],[106.5646362,21.4630438],[106.5634507,21.4633534],[106.5610519,21.4614749],[106.5584484,21.4612041],[106.5554942,21.4634807],[106.5558708,21.4664836],[106.5570617,21.4668879],[106.5577529,21.4711736],[106.559658,21.4749253],[106.5597439,21.4764728],[106.5585101,21.4791085],[106.5524,21.479433],[106.5512413,21.478804],[106.5482372,21.4785245],[106.5472394,21.4779754],[106.5456033,21.4792982],[106.5442032,21.4822184],[106.5429264,21.4840354],[106.542052,21.4827076],[106.5403676,21.4829822],[106.5388012,21.4816869],[106.5389836,21.4800869],[106.5373582,21.4786093],[106.535207,21.4792982],[106.5336996,21.4781251],[106.532321,21.4779105],[106.53216,21.4761433],[106.5309423,21.4747106],[106.5286688,21.4769146],[106.5275091,21.4783498],[106.525535,21.4785345],[106.5232797,21.4810188],[106.522665,21.483671],[106.5218389,21.4857326],[106.5202618,21.4867958],[106.5172201,21.4879339],[106.5155894,21.4871901],[106.5137976,21.4882034],[106.5123814,21.4874098],[106.5111208,21.4876843],[106.5106919,21.4868314],[106.5095812,21.4862268],[106.5089267,21.4874697],[106.5075669,21.4876294],[106.5056062,21.4865412],[106.5047256,21.4854924],[106.5024841,21.4843848],[106.4993575,21.4833727],[106.4984715,21.4837609],[106.4953601,21.4832293],[106.4936405,21.4805849],[106.4928281,21.4783797],[106.4930998,21.4771503],[106.4928925,21.4741216],[106.4908272,21.4728087],[106.4887243,21.4709865],[106.4892393,21.4692642],[106.4884937,21.4676418],[106.4871526,21.4664686],[106.4878101,21.4653546],[106.4884454,21.4623698],[106.4875986,21.4611779],[106.4854574,21.4593993],[106.484524,21.4580863],[106.4848137,21.4563588],[106.4835316,21.4536528],[106.4836335,21.4516507],[106.4830434,21.4504424],[106.4826599,21.4484852],[106.4807622,21.4475915],[106.4778694,21.4477438],[106.4767697,21.4485127],[106.4731273,21.4479435],[106.4726531,21.446427],[106.4714295,21.4449677],[106.4711881,21.4436021],[106.4718211,21.4424836],[106.4697611,21.4398622],[106.4686775,21.4390233],[106.467331,21.4385839],[106.4659541,21.4369273],[106.4650136,21.4368213],[106.4623126,21.4375406],[106.4607409,21.4372044],[106.4606148,21.4357877],[106.4600059,21.4344644],[106.4610574,21.4337753],[106.4597766,21.4327679],[106.4591557,21.4310989],[106.4593273,21.4285921],[106.4588196,21.4237782],[106.4590055,21.4228144],[106.4581498,21.4213187],[106.4602447,21.4192063],[106.4596438,21.4169366],[106.4597565,21.4154234],[106.4582075,21.4131149],[106.458807,21.4114531],[106.4598477,21.4121672],[106.461007,21.411914],[106.4633975,21.4099738],[106.4642492,21.4098025],[106.4668375,21.4062241],[106.4671111,21.4053201],[106.4698631,21.4052502],[106.4707401,21.4044461],[106.4703432,21.4034072],[106.4714654,21.4020029],[106.4722442,21.4016016],[106.4738354,21.3992717],[106.4764345,21.3991169],[106.4781445,21.3999021],[106.4785543,21.4011901],[106.4793294,21.4018907],[106.4811573,21.4023881],[106.4832122,21.4042957],[106.4851701,21.4051386],[106.4889194,21.4048591],[106.4902955,21.405159],[106.4928671,21.4066821],[106.4948609,21.4061921],[106.4975585,21.4067445],[106.498793,21.4074284],[106.5003378,21.4069576],[106.5022533,21.4078297],[106.5034113,21.4079636],[106.5047699,21.4097067],[106.5061795,21.4099819],[106.5084937,21.4095458],[106.51042,21.4085131],[106.5113523,21.4075952],[106.5128906,21.4072395],[106.5146483,21.4074174],[106.5172013,21.4082707],[106.5208914,21.4084283],[106.5222695,21.4091649],[106.5237842,21.4093496],[106.5258726,21.4101992],[106.5280198,21.4101593],[106.5305025,21.4096626],[106.5330389,21.4105026],[106.5343389,21.4089051],[106.5337529,21.4075999],[106.5348953,21.4067436],[106.5355677,21.4052522],[106.5368473,21.4061348],[106.5368814,21.4079409],[106.5381826,21.4085497],[106.5395654,21.4083895],[106.5409409,21.407413],[106.5432274,21.4077352],[106.5452562,21.4083207],[106.5470052,21.4081361],[106.5475607,21.4074182],[106.5502747,21.4073497],[106.5504985,21.4065692],[106.5526712,21.4050943],[106.5537074,21.4025844],[106.5565725,21.4009344],[106.5569549,21.3999813],[106.5584477,21.3994736],[106.559905,21.3998723],[106.5616569,21.3995801],[106.5628666,21.3984513],[106.5649054,21.3990695],[106.5641855,21.4003461],[106.5636316,21.4023492],[106.5627929,21.4032408],[106.564239,21.4051305],[106.5656431,21.4064601],[106.567405,21.4069888],[106.5681254,21.4079774],[106.569264,21.4081844],[106.56958,21.4091822],[106.571051,21.408741],[106.5738889,21.4133978],[106.5712241,21.4261637],[106.5727143,21.4342572]]]},"properties":{"@id":"relation/18654096","admin_level":"6","boundary":"administrative","name":"Xã Kiên Lao","name:lzh":"堅牢社","name:vi-Hani":"社堅牢","name:zh":"堅牢社","name:zh-Hans":"坚牢社","name:zh-Hant":"堅牢社","type":"boundary","wikidata":"Q4331970","wikipedia":"vi:Kiên Lao"},"id":"relation/18654096"},
{"type":"Feature","geometry":{"type":"Polygon","coordinates":[[[106.8478217,21.1870763],[106.8492385,21.1882095],[106.8506561,21.1886045],[106.8540432,21.188878],[106.8554089,21.1886824],[106.8574582,21.187503],[106.8583,21.1858797],[106.8588572,21.1799009],[106.8612761,21.1764088],[106.8622218,21.175819],[106.8658457,21.175379],[106.8676309,21.1756265],[106.8699951,21.1743488],[106.8732251,21.1738836],[106.8744846,21.1747212],[106.8773694,21.1788081],[106.8803861,21.1824765],[106.882906,21.1835609],[106.8858471,21.1833168],[106.8876332,21.1824323],[106.8926508,21.1792121],[106.8956432,21.1804442],[106.8978488,21.1805932],[106.9013141,21.1816288],[106.9049104,21.183181],[106.9085863,21.1837244],[106.9116846,21.1838245],[106.914573,21.1836292],[106.9160956,21.1843188],[106.91733,21.1840488],[106.9188537,21.182524],[106.9231095,21.1787365],[106.9235567,21.1770389],[106.9267616,21.1737431],[106.9303862,21.1712348],[106.9354577,21.1689133],[106.936977,21.1697856],[106.9376063,21.1716066],[106.9383412,21.1726403],[106.9411242,21.1723953],[106.9422794,21.1730846],[106.9431191,21.1742169],[106.9456116,21.1791637],[106.9458204,21.1829038],[106.9474735,21.185931],[106.9477353,21.1883916],[106.9485754,21.188884],[106.9512012,21.1889833],[106.9547196,21.1901161],[106.9557696,21.1911499],[106.955375,21.1937826],[106.9555845,21.1956036],[106.9566867,21.1978677],[106.9557669,21.2002541],[106.9557666,21.2012877],[106.9563961,21.204093],[106.9563431,21.2056186],[106.9568943,21.2067752],[106.9589945,21.2089903],[106.9623558,21.2104183],[106.9640885,21.2133221],[106.9652172,21.2156107],[106.9661626,21.216546],[106.9663722,21.2187606],[106.967475,21.2199912],[106.9687613,21.2231656],[106.9691286,21.2249374],[106.9697589,21.2251835],[106.972123,21.2245933],[106.974014,21.224889],[106.9762201,21.2262672],[106.9785575,21.2271779],[106.9766661,21.2295399],[106.9764558,21.2306717],[106.9777688,21.2326896],[106.9782938,21.2346582],[106.9772163,21.2382259],[106.9773213,21.2394071],[106.9794223,21.2417203],[106.9812607,21.2440827],[106.9814446,21.2453377],[106.9815491,21.2496684],[106.9818642,21.2512432],[106.9833086,21.2538762],[106.9841493,21.254713],[106.9845168,21.2561401],[106.9853049,21.2574689],[106.9852783,21.2599049],[106.9848578,21.2616765],[106.9837279,21.2638664],[106.9837276,21.2658348],[106.9819934,21.2676556],[106.9795237,21.2679014],[106.9774217,21.2693282],[106.976318,21.2704599],[106.9754243,21.2733142],[106.9743993,21.275061],[106.9749244,21.2770296],[106.975041,21.2798872],[106.9740679,21.2821669],[106.9723561,21.2839885],[106.9710714,21.2853107],[106.9715407,21.2867524],[106.9699354,21.289632],[106.9682443,21.2916536],[106.9644409,21.2922784],[106.9643497,21.2908089],[106.9629782,21.2895514],[106.9609916,21.2892444],[106.9593662,21.2864603],[106.9570917,21.2855556],[106.9539059,21.2832285],[106.9516246,21.282742],[106.9506396,21.2815567],[106.9493525,21.281065],[106.9483234,21.2797786],[106.9480607,21.2786688],[106.9470307,21.2769892],[106.9445416,21.2770292],[106.9428465,21.2780089],[106.9380614,21.2766893],[106.9359323,21.2775895],[106.9353958,21.2801488],[106.93428,21.2813285],[106.9326278,21.2812286],[106.9321772,21.2802688],[106.9309541,21.2802688],[106.9295808,21.2808487],[106.9304176,21.2836079],[106.9305249,21.2854073],[106.9282504,21.2861471],[106.9265124,21.2859672],[106.9246026,21.2867269],[106.923916,21.2861671],[106.922371,21.2862671],[106.9204398,21.2869469],[106.9193026,21.286447],[106.9178435,21.2873867],[106.9167491,21.2872268],[106.9152685,21.2883064],[106.9132515,21.2885064],[106.9128438,21.2876266],[106.9104835,21.286667],[106.9083806,21.2827681],[106.9052478,21.2826881],[106.9031235,21.2818884],[106.9004413,21.2837278],[106.8985745,21.2840877],[106.896536,21.2838478],[106.8920299,21.2860271],[106.8909491,21.2874021],[106.8887265,21.2889322],[106.8860033,21.2895876],[106.8849324,21.2894916],[106.884322,21.2886986],[106.8861449,21.280619],[106.8862326,21.2791711],[106.885297,21.2779181],[106.8839461,21.2775572],[106.8830384,21.2758381],[106.880312,21.2748447],[106.8798296,21.2734575],[106.8777053,21.2726977],[106.8761604,21.2735775],[106.874594,21.2732376],[106.872062,21.2736975],[106.8679421,21.2753171],[106.864423,21.2754771],[106.8616121,21.2761969],[106.8586724,21.2771767],[106.8551748,21.2774566],[106.8541877,21.2768367],[106.8506886,21.2771961],[106.8483068,21.2747967],[106.8441011,21.2690179],[106.8512287,21.262465],[106.849717,21.2584019],[106.8511155,21.2522184],[106.8499772,21.2495206],[106.851083,21.2476715],[106.8504163,21.2463983],[106.851083,21.2447463],[106.8513432,21.2429729],[106.8522707,21.2418105],[106.8528871,21.2390944],[106.8531051,21.2360907],[106.8544422,21.2328534],[106.8527696,21.2311836],[106.8522375,21.228684],[106.8509645,21.2269669],[106.8501079,21.2270027],[106.8492602,21.2257204],[106.8470922,21.2255485],[106.8466156,21.2246748],[106.8437815,21.2237119],[106.8445786,21.2218638],[106.8454162,21.2207578],[106.846642,21.217859],[106.8472854,21.2173001],[106.8471482,21.21568],[106.8476439,21.2143901],[106.8475138,21.2124345],[106.8462454,21.2113581],[106.8449862,21.2089985],[106.8452867,21.2078869],[106.8454478,21.1990567],[106.8444037,21.1980884],[106.8457127,21.1970271],[106.8446557,21.1949499],[106.8429022,21.1939327],[106.8422584,21.1904515],[106.8436532,21.1898513],[106.8440394,21.1883908],[106.847291,21.1876092],[106.8478217,21.1870763]]]},"properties":{"@id":"relation/18658622","admin_level":"6","boundary":"administrative","name":"Xã Dương Hưu","name:lzh":"揚休社","name:vi-Hani":"社揚休","name:zh":"揚休社","name:zh-Hans":"扬休社","name:zh-Hant":"揚休社","type":"boundary","wikidata":"Q2397782","wikipedia":"vi:Dương Hưu"},"id":"relation/18658622"},
{"type":"Feature","geometry":{"type":"Polygon","coordinates":[[[106.9723561,21.2839885],[106.9736999,21.2846958],[106.9750625,21.2859005],[106.9768006,21.2880648],[106.9797724,21.2886146],[106.9811404,21.2896643],[106.9818753,21.2910938],[106.9835329,21.2924308],[106.9866013,21.2927032],[106.9879049,21.293278],[106.9911611,21.2938578],[106.9926417,21.2929531],[106.9943044,21.2936154],[106.9954902,21.2936329],[106.9972873,21.2943026],[106.998505,21.2943576],[106.9994384,21.2949374],[107.0006186,21.2941377],[107.0020026,21.2942777],[107.003848,21.293243],[107.0056607,21.2946979],[107.0065972,21.2958496],[107.0098829,21.2949174],[107.0113777,21.2952202],[107.0130721,21.2976564],[107.0147072,21.2980785],[107.0179349,21.3000404],[107.0202148,21.2994957],[107.0209625,21.3009801],[107.0234791,21.3031258],[107.0241523,21.3040338],[107.0256329,21.3040538],[107.0255899,21.305683],[107.0260835,21.3078071],[107.0296884,21.3090765],[107.0305771,21.3101722],[107.0332396,21.3152835],[107.0326441,21.3167527],[107.0335291,21.3196465],[107.0329044,21.3209705],[107.0333228,21.3222071],[107.0318234,21.325403],[107.0272449,21.3277416],[107.0247102,21.3288984],[107.0245653,21.3300502],[107.0238102,21.3309015],[107.0219801,21.3315499],[107.021918,21.3325762],[107.0227196,21.3334378],[107.0227476,21.3351154],[107.0219924,21.3367065],[107.0201182,21.3373706],[107.0189461,21.3390881],[107.0175594,21.339844],[107.0181441,21.3433266],[107.0172751,21.3438662],[107.0159662,21.3438862],[107.0141994,21.3443967],[107.0117068,21.3462045],[107.009435,21.3474611],[107.0087242,21.3488201],[107.0061439,21.3495596],[107.0049477,21.3493972],[107.0029253,21.3501167],[107.0017827,21.3501216],[106.9999359,21.352731],[106.9995867,21.3539424],[106.9978604,21.3558258],[106.995604,21.3565683],[106.9923396,21.3570234],[106.9894682,21.3569117],[106.9884997,21.3576932],[106.9875009,21.3595153],[106.9873263,21.361411],[106.9876914,21.3620933],[106.9893058,21.3630106],[106.9908556,21.365739],[106.991191,21.3675037],[106.9911186,21.3720201],[106.9908984,21.3735377],[106.9893941,21.3742979],[106.9862846,21.3739431],[106.9845658,21.3733075],[106.9820359,21.3731611],[106.9789446,21.3732881],[106.9739478,21.3783883],[106.9722774,21.3789004],[106.9719702,21.3800888],[106.9702483,21.3816027],[106.9667867,21.3832126],[106.9642531,21.3822953],[106.9615423,21.3833819],[106.960123,21.3829959],[106.9589853,21.3822344],[106.9583582,21.3800966],[106.9585263,21.3783219],[106.9599533,21.3758242],[106.9607257,21.3755245],[106.9619703,21.3735863],[106.9601893,21.3711984],[106.9586658,21.3709986],[106.9566917,21.371698],[106.9556295,21.3709786],[106.9542842,21.3693422],[106.951838,21.3676836],[106.9501214,21.367304],[106.9493918,21.3664447],[106.9480186,21.3663048],[106.9466453,21.3669243],[106.9445529,21.3661141],[106.9427295,21.3646424],[106.9402524,21.3645161],[106.9384777,21.3620829],[106.9358773,21.3631503],[106.9331527,21.3622853],[106.9328538,21.3611458],[106.9314061,21.3599019],[106.9297997,21.359293],[106.9288657,21.3616416],[106.9261177,21.3626876],[106.9246233,21.3637662],[106.9241936,21.3650361],[106.9225871,21.3654188],[106.9206911,21.3672976],[106.9185336,21.3673672],[106.9140877,21.3654014],[106.9105852,21.3655058],[106.9084277,21.3640619],[106.9043274,21.3664104],[106.901829,21.3657754],[106.9008436,21.3647404],[106.8993679,21.3643055],[106.8984713,21.3646534],[106.8949408,21.365097],[106.8927926,21.3658537],[106.8904949,21.3642272],[106.8889407,21.3640082],[106.8895385,21.3627905],[106.8902297,21.3601636],[106.8893517,21.3591459],[106.8896319,21.3582586],[106.8907901,21.357902],[106.8916867,21.3567886],[106.8900195,21.3558317],[106.8895665,21.353744],[106.8865871,21.3522478],[106.8858492,21.3510735],[106.8861387,21.3502123],[106.8852323,21.3491173],[106.8843415,21.3489567],[106.8820427,21.3469227],[106.8804623,21.3450493],[106.8799451,21.3413826],[106.8792267,21.3395091],[106.8768992,21.3365381],[106.8753475,21.3356816],[106.8690258,21.3361099],[106.8674454,21.3355746],[106.8660374,21.3330586],[106.8675526,21.3313935],[106.8678091,21.327652],[106.8671816,21.3256415],[106.8694776,21.3250019],[106.8715161,21.324802],[106.8714732,21.3232229],[106.8706792,21.3214439],[106.8715161,21.3198048],[106.8711298,21.3186854],[106.8710655,21.3164266],[106.8677181,21.3153072],[106.866731,21.3146275],[106.8681712,21.3106313],[106.8691797,21.3105713],[106.8699415,21.3076427],[106.8702913,21.3024192],[106.8681356,21.3006221],[106.867309,21.2956206],[106.8646423,21.291043],[106.8648569,21.2889637],[106.8642346,21.2873042],[106.8629042,21.2864445],[106.8628399,21.2852249],[106.8613378,21.284665],[106.8585698,21.2826456],[106.8574111,21.2825657],[106.8506886,21.2771961],[106.8541877,21.2768367],[106.8551748,21.2774566],[106.8586724,21.2771767],[106.8616121,21.2761969],[106.864423,21.2754771],[106.8679421,21.2753171],[106.872062,21.2736975],[106.874594,21.2732376],[106.8761604,21.2735775],[106.8777053,21.2726977],[106.8798296,21.2734575],[106.880312,21.2748447],[106.8830384,21.2758381],[106.8839461,21.2775572],[106.885297,21.2779181],[106.8862326,21.2791711],[106.8861449,21.280619],[106.884322,21.2886986],[106.8849324,21.2894916],[106.8860033,21.2895876],[106.8887265,21.2889322],[106.8909491,21.2874021],[106.8920299,21.2860271],[106.896536,21.2838478],[106.8985745,21.2840877],[106.9004413,21.2837278],[106.9031235,21.2818884],[106.9052478,21.2826881],[106.9083806,21.2827681],[106.9104835,21.286667],[106.9128438,21.2876266],[106.9132515,21.2885064],[106.9152685,21.2883064],[106.9167491,21.2872268],[106.9178435,21.2873867],[106.9193026,21.286447],[106.9204398,21.2869469],[106.922371,21.2862671],[106.923916,21.2861671],[106.9246026,21.2867269],[106.9265124,21.2859672],[106.9282504,21.2861471],[106.9305249,21.2854073],[106.9304176,21.2836079],[106.9295808,21.2808487],[106.9309541,21.2802688],[106.9321772,21.2802688],[106.9326278,21.2812286],[106.93428,21.2813285],[106.9353958,21.2801488],[106.9359323,21.2775895],[106.9380614,21.2766893],[106.9428465,21.2780089],[106.9445416,21.2770292],[106.9470307,21.2769892],[106.9480607,21.2786688],[106.9483234,21.2797786],[106.9493525,21.281065],[106.9506396,21.2815567],[106.9516246,21.282742],[106.9539059,21.2832285],[106.9570917,21.2855556],[106.9593662,21.2864603],[106.9609916,21.2892444],[106.9629782,21.2895514],[106.9643497,21.2908089],[106.9644409,21.2922784],[106.9682443,21.2916536],[106.9699354,21.289632],[106.9715407,21.2867524],[106.9710714,21.2853107],[106.9723561,21.2839885]]]},"properties":{"@id":"relation/18699320","admin_level":"6","boundary":"administrative","name":"Xã An Lạc","name:lzh":"安樂社","name:vi-Hani":"社安樂","name:zh":"安樂社","name:zh-Hans":"安乐社","name:zh-Hant":"安樂社","type":"boundary","wikidata":"Q4750144","wikipedia":"vi:An Lạc, Sơn Động"},"id":"relation/18699320"},
{"type":"Feature","geometry":{"type":"Polygon","coordinates":[[[106.4607409,21.4372044],[106.4590702,21.4383468],[106.4580276,21.4385946],[106.4562884,21.4383496],[106.4549045,21.4385347],[106.4534128,21.4392504],[106.4516588,21.4385086],[106.4509591,21.4368053],[106.4499896,21.4360011],[106.4472538,21.4358456],[106.4444727,21.4363159],[106.4433925,21.4368541],[106.4419397,21.4399397],[106.4391403,21.443361],[106.4376575,21.4434219],[106.4354497,21.4424343],[106.4345856,21.4416393],[106.4334283,21.4384422],[106.4318663,21.4377259],[106.4305626,21.4382084],[106.4287697,21.4395236],[106.4266981,21.4400105],[106.4252237,21.4397937],[106.420847,21.4380871],[106.4173537,21.4369518],[106.4164109,21.4359986],[106.4147652,21.4332381],[106.413543,21.4321235],[106.4110192,21.4315745],[106.407381,21.4297014],[106.405813,21.4285619],[106.4048878,21.4262977],[106.4056986,21.4239788],[106.4072554,21.4210485],[106.4087387,21.4193472],[106.4114065,21.4182286],[106.4134099,21.4177389],[106.4147577,21.4165218],[106.4156355,21.4143456],[106.4150621,21.4120653],[106.4154626,21.4093782],[106.4146228,21.4077676],[106.4126921,21.4062169],[106.4113713,21.4058445],[106.4094204,21.4058558],[106.408034,21.405533],[106.4053496,21.4043696],[106.4041931,21.4044247],[106.4016283,21.4060008],[106.4004392,21.4053734],[106.4004703,21.4025926],[106.3995757,21.4002368],[106.4000653,21.3981165],[106.3997743,21.3962761],[106.4001637,21.394891],[106.3996723,21.3923816],[106.4000718,21.3895891],[106.3981961,21.3842729],[106.3957954,21.3811188],[106.3959088,21.3801451],[106.3971511,21.3777423],[106.4013612,21.3759203],[106.3986796,21.3704779],[106.3999188,21.3695952],[106.399639,21.3676718],[106.3989835,21.3656261],[106.4003057,21.3631194],[106.3992925,21.3580357],[106.3966155,21.3529263],[106.3966117,21.35209],[106.3973696,21.3491096],[106.3984519,21.3492602],[106.4007072,21.3477223],[106.4019889,21.3481128],[106.4047869,21.347958],[106.4065122,21.3473681],[106.4071691,21.3475766],[106.4092526,21.3462664],[106.4115959,21.3459489],[106.4125497,21.34447],[106.4158888,21.3432173],[106.4174112,21.3429041],[106.4231095,21.3386802],[106.4255663,21.3387718],[106.4270711,21.3383025],[106.4280448,21.33915],[106.4292426,21.3414068],[106.4316647,21.340602],[106.4346655,21.3417093],[106.4358867,21.3402972],[106.4353112,21.3377073],[106.4359594,21.3364728],[106.4343974,21.3355099],[106.4346315,21.3350062],[106.4334356,21.3337606],[106.4337058,21.332757],[106.4358868,21.3325849],[106.4356838,21.3315102],[106.4361485,21.3301071],[106.4381229,21.3279554],[106.4389349,21.3266114],[106.4407879,21.327115],[106.4418029,21.3264012],[106.4446449,21.3276667],[106.4456749,21.3284599],[106.4453477,21.3293082],[106.4463339,21.3314543],[106.4477652,21.3327856],[106.4478622,21.3342982],[106.4485784,21.3363962],[106.4499404,21.3377748],[106.4493817,21.3402212],[106.4505941,21.3404348],[106.451726,21.3412855],[106.4547555,21.3417769],[106.4583738,21.3418926],[106.4615563,21.3424022],[106.4639778,21.3422665],[106.4654964,21.3417027],[106.4674129,21.3420849],[106.46853,21.3414179],[106.4697504,21.3413304],[106.4705477,21.3404523],[106.472328,21.3402574],[106.4730924,21.3394217],[106.4757049,21.3395966],[106.4761421,21.3408158],[106.4771893,21.3411351],[106.4790121,21.3436089],[106.480085,21.3443483],[106.4812705,21.3437712],[106.4825351,21.3441665],[106.4840179,21.3434314],[106.4851463,21.3451578],[106.4866537,21.3457973],[106.4862344,21.3468634],[106.4863425,21.3491474],[106.4821744,21.3521151],[106.4791918,21.3554701],[106.4775825,21.3560484],[106.4767176,21.3569965],[106.4777595,21.3581105],[106.477502,21.3594244],[106.4763647,21.3605535],[106.4736369,21.3597966],[106.4726901,21.3612829],[106.4717554,21.3614765],[106.4716172,21.3624669],[106.4702305,21.3640081],[106.4686641,21.3644453],[106.4673096,21.3662937],[106.4675671,21.3685942],[106.466859,21.3696258],[106.4672238,21.37054],[106.4690155,21.3719837],[106.4692187,21.373162],[106.4707777,21.3730203],[106.4747715,21.3732238],[106.4774153,21.3725776],[106.4768127,21.3741318],[106.4777821,21.3744195],[106.4768167,21.3766337],[106.4779593,21.3785539],[106.4788887,21.3788349],[106.4784703,21.3804709],[106.4790255,21.382474],[106.4804417,21.3831333],[106.4797515,21.383987],[106.4793856,21.3862247],[106.4788033,21.3874944],[106.4793313,21.3882295],[106.4778967,21.3917992],[106.4770755,21.3959104],[106.4758578,21.3963024],[106.4764345,21.3991169],[106.4738354,21.3992717],[106.4722442,21.4016016],[106.4714654,21.4020029],[106.4703432,21.4034072],[106.4707401,21.4044461],[106.4698631,21.4052502],[106.4671111,21.4053201],[106.4668375,21.4062241],[106.4642492,21.4098025],[106.4633975,21.4099738],[106.461007,21.411914],[106.4598477,21.4121672],[106.458807,21.4114531],[106.4582075,21.4131149],[106.4597565,21.4154234],[106.4596438,21.4169366],[106.4602447,21.4192063],[106.4581498,21.4213187],[106.4590055,21.4228144],[106.4588196,21.4237782],[106.4593273,21.4285921],[106.4591557,21.4310989],[106.4597766,21.4327679],[106.4610574,21.4337753],[106.4600059,21.4344644],[106.4606148,21.4357877],[106.4607409,21.4372044]]]},"properties":{"@id":"relation/18699321","admin_level":"6","boundary":"administrative","name":"Xã Đông Phú","name:lzh":"東富社","name:vi-Hani":"社東富","name:zh":"東富社","name:zh-Hans":"东富社","name:zh-Hant":"東富社","type":"boundary","wikidata":"Q2200364","wikipedia":"vi:Đông Phú, Lục Nam"},"id":"relation/18699321"},
{"type":"Feature","geometry":{"type":"Polygon","coordinates":[[[106.7750679,21.3848073],[106.7782054,21.3812213],[106.7799052,21.3826883],[106.7963159,21.3768515],[106.7968393,21.3691273],[106.7996233,21.3679915],[106.8018559,21.3683456],[106.8043172,21.3675224],[106.8052396,21.3681459],[106.8073293,21.3679688],[106.8083289,21.3668558],[106.8111773,21.366746],[106.813683,21.3675634],[106.8145183,21.3671283],[106.8161888,21.3675238],[106.8176201,21.3668783],[106.81968,21.3676376],[106.8209795,21.3674606],[106.8227167,21.3643397],[106.8232585,21.3628088],[106.8242672,21.3621651],[106.8268551,21.3633853],[106.8304385,21.3628258],[106.8338372,21.3646726],[106.8374237,21.3638549],[106.839217,21.3641681],[106.840562,21.3652466],[106.8399501,21.3666512],[106.8398007,21.3680255],[106.8403237,21.3708088],[106.8396699,21.3728441],[106.8406413,21.3744271],[106.8428268,21.3765666],[106.8437421,21.3785323],[106.8464422,21.3800082],[106.8495151,21.3789993],[106.8502623,21.3796429],[106.8514858,21.3832087],[106.8560344,21.3872528],[106.8584441,21.3885225],[106.8614703,21.3885399],[106.8628526,21.387792],[106.8634317,21.3869397],[106.8650569,21.3866788],[106.8675305,21.3889624],[106.8674184,21.3896755],[106.8690436,21.3909452],[106.8689315,21.392928],[106.8693051,21.3956935],[106.8715378,21.3948199],[106.8743058,21.3958788],[106.8767639,21.3948358],[106.8799182,21.3956949],[106.8802615,21.3974131],[106.8806323,21.3987285],[106.8798706,21.4014905],[106.8807423,21.4039141],[106.8819627,21.4039628],[106.8831419,21.404941],[106.8849398,21.4051124],[106.8866245,21.4065095],[106.8865537,21.408526],[106.8868934,21.4100549],[106.888564,21.4113597],[106.8888188,21.412849],[106.8901778,21.4149973],[106.8926553,21.416816],[106.8932782,21.4193728],[106.8944654,21.419576],[106.8951809,21.421211],[106.8962031,21.4225332],[106.899445,21.4236929],[106.9000538,21.4248131],[106.9023897,21.4259464],[106.9032532,21.4272247],[106.9063394,21.4282263],[106.9075427,21.428134],[106.9105581,21.4297681],[106.9109657,21.430607],[106.910947,21.4309341],[106.9085437,21.4351685],[106.9072884,21.4350736],[106.905722,21.4357078],[106.9050902,21.4377257],[106.9036147,21.4389009],[106.9022888,21.4408184],[106.9001466,21.4418823],[106.8985145,21.4422131],[106.8961787,21.4441313],[106.8916029,21.4441313],[106.8845111,21.4436894],[106.879431,21.4432126],[106.8709016,21.4427632],[106.8688738,21.4428781],[106.8684769,21.4423987],[106.8649976,21.4416234],[106.8632787,21.4418719],[106.8620771,21.4415199],[106.8573028,21.4413851],[106.8553018,21.440756],[106.8533492,21.4417346],[106.8520725,21.4415649],[106.85049,21.4405962],[106.8498838,21.4408658],[106.8473947,21.4403815],[106.8436664,21.4402117],[106.8428457,21.4397823],[106.8405336,21.4398822],[106.8375778,21.4386688],[106.8347776,21.4360623],[106.8338013,21.4344245],[106.8309849,21.4313635],[106.8304378,21.4321774],[106.8288284,21.4314184],[106.8232458,21.4309165],[106.8192422,21.4309565],[106.8119896,21.4305878],[106.8088674,21.4300652],[106.8048575,21.4299728],[106.8021029,21.4304147],[106.7997801,21.4297057],[106.7964435,21.4298205],[106.7920875,21.4306544],[106.7893356,21.4298754],[106.785956,21.4297256],[106.7836279,21.428627],[106.782665,21.4276683],[106.7820594,21.4260278],[106.7783341,21.4232793],[106.7780715,21.4204482],[106.7769994,21.4195678],[106.7775521,21.4184657],[106.7756,21.4180504],[106.7760762,21.414954],[106.7773881,21.4120714],[106.77982,21.4110533],[106.7805279,21.4098224],[106.7800801,21.4057038],[106.7809549,21.4043757],[106.7818145,21.3993702],[106.7788762,21.3990636],[106.7781443,21.3984026],[106.7785396,21.3960288],[106.7765824,21.3920011],[106.7767602,21.3884153],[106.779602,21.3868973],[106.780126,21.3862858],[106.7798825,21.3851151],[106.7788602,21.3843011],[106.7767956,21.3851619],[106.7750679,21.3848073]]]},"properties":{"@id":"relation/18699355","admin_level":"6","boundary":"administrative","name":"Xã Đại Sơn","name:lzh":"大山社","name:vi-Hani":"社大山","name:zh":"大山社","name:zh-Hans":"大山社","name:zh-Hant":"大山社","type":"boundary","wikidata":"Q2170221","wikipedia":"vi:Đại Sơn, Bắc Ninh"},"id":"relation/18699355"},
{"type":"Feature","geometry":{"type":"Polygon","coordinates":[[[106.8437815,21.2237119],[106.8426834,21.2247094],[106.8408924,21.2240875],[106.8408816,21.2233974],[106.8378346,21.2238874],[106.8367725,21.2263877],[106.8357211,21.2265677],[106.833865,21.2275978],[106.8317299,21.229798],[106.8297773,21.230408],[106.8275671,21.2316781],[106.8256681,21.2316281],[106.8245738,21.2310481],[106.8222242,21.2316781],[106.819709,21.2314438],[106.8175005,21.232064],[106.8159999,21.2336079],[106.8132676,21.2344525],[106.8100682,21.233885],[106.8073643,21.2355873],[106.8048585,21.2362602],[106.8039525,21.2359172],[106.8026784,21.2371443],[106.8005832,21.2378569],[106.7993232,21.2391896],[106.798488,21.239282],[106.797681,21.240364],[106.7952602,21.2410237],[106.7929951,21.2408654],[106.7899243,21.2425771],[106.7866553,21.2426468],[106.7849555,21.2431169],[106.7810229,21.242496],[106.7787617,21.2434833],[106.7764116,21.245568],[106.7753216,21.2453437],[106.7735095,21.2460166],[106.7700835,21.2468215],[106.7679317,21.24665],[106.7664028,21.2447631],[106.7665585,21.2436284],[106.7656666,21.24252],[106.7658082,21.2415172],[106.763897,21.2416492],[106.7633449,21.2408707],[106.7580503,21.2391817],[106.7557427,21.2392081],[106.7543978,21.2375323],[106.7517647,21.2369385],[106.7503885,21.2357223],[106.7471961,21.2343301],[106.7443577,21.2346534],[106.7432039,21.2341784],[106.7417811,21.2341982],[106.7385109,21.2350823],[106.7372227,21.2341058],[106.7373359,21.233578],[106.7348868,21.2295137],[106.7342214,21.2280093],[106.733103,21.2275078],[106.7290684,21.2275342],[106.7284879,21.2262806],[106.7282756,21.2245914],[106.7258698,21.2223217],[106.7241532,21.2218816],[106.7207629,21.2218016],[106.7182524,21.2221016],[106.7150766,21.2213215],[106.7142183,21.2213615],[106.7117936,21.2203414],[106.7099697,21.2181811],[106.7078025,21.2168409],[106.7056837,21.2147801],[106.7056878,21.2116956],[106.7047065,21.2101493],[106.7028987,21.2092291],[106.7007798,21.2095892],[106.6970193,21.2096192],[106.6946644,21.2117046],[106.6934144,21.2103294],[106.6908127,21.2090441],[106.690346,21.2083489],[106.6892785,21.208579],[106.686843,21.2082639],[106.6855341,21.2089191],[106.6859847,21.2071187],[106.6838013,21.2072548],[106.6815054,21.2068286],[106.6808885,21.2063285],[106.679467,21.2039229],[106.6776343,21.2028955],[106.6751218,21.2033278],[106.6737592,21.2017323],[106.6752344,21.1984965],[106.6791075,21.1946803],[106.6761678,21.1922896],[106.6749179,21.1910641],[106.6750064,21.1885333],[106.6745639,21.1867126],[106.6737533,21.1854454],[106.6736037,21.1837465],[106.6768894,21.1702032],[106.6791095,21.1705305],[106.6800502,21.1699006],[106.6810623,21.1677237],[106.6820526,21.1665339],[106.6840321,21.1680496],[106.6865507,21.1687275],[106.6866124,21.167772],[106.6879347,21.1676294],[106.6906035,21.1678095],[106.6926473,21.1689901],[106.6945427,21.1696349],[106.697191,21.1701006],[106.7000771,21.167747],[106.7003292,21.1670441],[106.7033504,21.167092],[106.7065197,21.1684298],[106.7083409,21.166764],[106.708585,21.1660586],[106.7126191,21.1623717],[106.7135621,21.1623811],[106.7149285,21.1607827],[106.717785,21.1619065],[106.721348,21.1621053],[106.7205074,21.1605157],[106.7216098,21.1594051],[106.7242151,21.1591484],[106.7287472,21.1603306],[106.730563,21.1611611],[106.7331747,21.1615474],[106.7346454,21.1603857],[106.7367348,21.1594502],[106.7382663,21.159155],[106.7387116,21.1585372],[106.7426705,21.157434],[106.7436013,21.1557906],[106.7453724,21.1568985],[106.7467167,21.1567364],[106.7473456,21.1560633],[106.7486224,21.1566836],[106.751377,21.1559907],[106.7525625,21.1565435],[106.7572644,21.1552528],[106.7601049,21.1564585],[106.7625753,21.1562926],[106.7646003,21.1564885],[106.7658582,21.1559657],[106.7670518,21.1560983],[106.7683232,21.1551678],[106.7692566,21.1532191],[106.770941,21.1525862],[106.7782435,21.1519031],[106.7818844,21.1513605],[106.7865139,21.1509453],[106.788767,21.1502849],[106.7917389,21.1499747],[106.7951882,21.1500447],[106.7985785,21.1508752],[106.8007243,21.1518458],[106.8019259,21.1527463],[106.8042219,21.1550977],[106.8079555,21.1548876],[106.8111098,21.1540771],[106.8130839,21.1540771],[106.8148863,21.1546274],[106.818169,21.1561979],[106.8195534,21.1565486],[106.8237576,21.1549828],[106.8246592,21.1552032],[106.8261275,21.1545524],[106.8279947,21.1545073],[106.8300122,21.1536085],[106.831221,21.1526813],[106.833694,21.1526938],[106.8334912,21.1534387],[106.8308636,21.1561945],[106.8295549,21.157986],[106.826732,21.1628246],[106.8262388,21.1642131],[106.8261297,21.1665095],[106.8262834,21.1700033],[106.8260686,21.1740878],[106.8270115,21.1761065],[106.8268242,21.1790345],[106.8256136,21.1814446],[106.8256122,21.1825764],[106.8266076,21.1847429],[106.8269995,21.1863919],[106.8265249,21.1881138],[106.8319879,21.1869383],[106.8344565,21.1867439],[106.8383428,21.1867476],[106.8426762,21.1860381],[106.8451442,21.1862373],[106.8478217,21.1870763],[106.847291,21.1876092],[106.8440394,21.1883908],[106.8436532,21.1898513],[106.8422584,21.1904515],[106.8429022,21.1939327],[106.8446557,21.1949499],[106.8457127,21.1970271],[106.8444037,21.1980884],[106.8454478,21.1990567],[106.8452867,21.2078869],[106.8449862,21.2089985],[106.8462454,21.2113581],[106.8475138,21.2124345],[106.8476439,21.2143901],[106.8471482,21.21568],[106.8472854,21.2173001],[106.846642,21.217859],[106.8454162,21.2207578],[106.8445786,21.2218638],[106.8437815,21.2237119]]]},"properties":{"@id":"relation/18699430","admin_level":"6","boundary":"administrative","name":"Xã Tây Yên Tử","name:lzh":"西安子社","name:vi-Hani":"社西安子","name:zh":"西安子社","name:zh-Hans":"西安子社","name:zh-Hant":"西安子社","type":"boundary","wikidata":"Q2531582","wikipedia":"vi:Tây Yên Tử"},"id":"relation/18699430"},
{"type":"Feature","geometry":{"type":"Polygon","coordinates":[[[106.6912535,21.2681074],[106.6920967,21.2637199],[106.6900409,21.2620553],[106.6891697,21.2517325],[106.6830238,21.2463244],[106.6824214,21.2428863],[106.6843274,21.239057],[106.6859594,21.2373594],[106.687422,21.2337523],[106.6889252,21.2253063],[106.6872025,21.223744],[106.6867733,21.2220538],[106.6868886,21.2178907],[106.6855609,21.2154603],[106.68437,21.2140001],[106.6841286,21.2123848],[106.6842735,21.2095392],[106.6855341,21.2089191],[106.686843,21.2082639],[106.6892785,21.208579],[106.690346,21.2083489],[106.6908127,21.2090441],[106.6934144,21.2103294],[106.6946644,21.2117046],[106.6970193,21.2096192],[106.7007798,21.2095892],[106.7028987,21.2092291],[106.7047065,21.2101493],[106.7056878,21.2116956],[106.7056837,21.2147801],[106.7078025,21.2168409],[106.7099697,21.2181811],[106.7117936,21.2203414],[106.7142183,21.2213615],[106.7150766,21.2213215],[106.7182524,21.2221016],[106.7207629,21.2218016],[106.7241532,21.2218816],[106.7258698,21.2223217],[106.7282756,21.2245914],[106.7284879,21.2262806],[106.7290684,21.2275342],[106.733103,21.2275078],[106.7342214,21.2280093],[106.7348868,21.2295137],[106.7373359,21.233578],[106.7372227,21.2341058],[106.7385109,21.2350823],[106.7417811,21.2341982],[106.7432039,21.2341784],[106.7443577,21.2346534],[106.7471961,21.2343301],[106.7503885,21.2357223],[106.7517647,21.2369385],[106.7543978,21.2375323],[106.7557427,21.2392081],[106.7580503,21.2391817],[106.7633449,21.2408707],[106.763897,21.2416492],[106.7658082,21.2415172],[106.7656666,21.24252],[106.7665585,21.2436284],[106.7664028,21.2447631],[106.7679317,21.24665],[106.7700835,21.2468215],[106.7735095,21.2460166],[106.7753216,21.2453437],[106.7764116,21.245568],[106.7787617,21.2434833],[106.7810229,21.242496],[106.7849555,21.2431169],[106.7866553,21.2426468],[106.7899243,21.2425771],[106.7929951,21.2408654],[106.7952602,21.2410237],[106.797681,21.240364],[106.798488,21.239282],[106.7993232,21.2391896],[106.8005832,21.2378569],[106.8026784,21.2371443],[106.8039525,21.2359172],[106.8048585,21.2362602],[106.8073643,21.2355873],[106.8100682,21.233885],[106.8132676,21.2344525],[106.8159999,21.2336079],[106.8175005,21.232064],[106.819709,21.2314438],[106.8222242,21.2316781],[106.8245738,21.2310481],[106.8256681,21.2316281],[106.8275671,21.2316781],[106.8297773,21.230408],[106.8317299,21.229798],[106.833865,21.2275978],[106.8357211,21.2265677],[106.8367725,21.2263877],[106.8378346,21.2238874],[106.8408816,21.2233974],[106.8408924,21.2240875],[106.8426834,21.2247094],[106.8437815,21.2237119],[106.8466156,21.2246748],[106.8470922,21.2255485],[106.8492602,21.2257204],[106.8501079,21.2270027],[106.8509645,21.2269669],[106.8522375,21.228684],[106.8527696,21.2311836],[106.8544422,21.2328534],[106.8531051,21.2360907],[106.8528871,21.2390944],[106.8522707,21.2418105],[106.8513432,21.2429729],[106.851083,21.2447463],[106.8504163,21.2463983],[106.851083,21.2476715],[106.8499772,21.2495206],[106.8511155,21.2522184],[106.849717,21.2584019],[106.8512287,21.262465],[106.8441011,21.2690179],[106.8414833,21.2690579],[106.8400671,21.2702977],[106.8329217,21.2696578],[106.831648,21.2711031],[106.8268647,21.2712412],[106.8248659,21.2725467],[106.8226804,21.2719897],[106.8220079,21.2714675],[106.8180477,21.2712586],[106.8158809,21.2705101],[106.8146293,21.2704927],[106.8131349,21.2697964],[106.8116966,21.2697093],[106.8104263,21.2705623],[106.8090627,21.2705449],[106.8088572,21.2722508],[106.8072134,21.2729993],[106.8062233,21.2750708],[106.8056629,21.2774903],[106.8042432,21.2787784],[106.8027675,21.2795269],[106.8012918,21.2797009],[106.8010303,21.2829037],[106.7997974,21.2845921],[106.7973503,21.2862804],[106.7971075,21.2889608],[106.7961735,21.290684],[106.7966218,21.2918501],[106.7976866,21.292059],[106.7979612,21.2944298],[106.7967019,21.2968241],[106.7973881,21.2979063],[106.7971184,21.3045362],[106.7950004,21.3056578],[106.7956968,21.3077883],[106.7969999,21.3093489],[106.7987465,21.3097384],[106.8007995,21.3097872],[106.7985463,21.3140491],[106.7974263,21.3147352],[106.7959287,21.314939],[106.7914755,21.314857],[106.7903658,21.3142693],[106.7897218,21.3132895],[106.7895327,21.3119514],[106.7903828,21.3101396],[106.7899307,21.3086082],[106.7888559,21.3082401],[106.7872318,21.3090862],[106.7836061,21.3104864],[106.7810648,21.3105736],[106.7799265,21.3097777],[106.7793365,21.3082595],[106.7821593,21.3062475],[106.7826616,21.3053386],[106.7826412,21.3028516],[106.7814428,21.3021738],[106.7781571,21.3024537],[106.7716935,21.3035678],[106.7697808,21.3036554],[106.7677331,21.3033691],[106.7663383,21.303529],[106.7643499,21.3042443],[106.7623258,21.3042437],[106.761208,21.3019689],[106.7613797,21.2996157],[106.7532423,21.2953486],[106.7484499,21.2938286],[106.7474126,21.2927759],[106.7441274,21.293183],[106.7352057,21.2868293],[106.7349214,21.2857435],[106.7365405,21.2825665],[106.7357338,21.2771814],[106.7343452,21.276421],[106.7243987,21.2730468],[106.7189665,21.2742249],[106.715404,21.2734349],[106.7115353,21.271028],[106.711968,21.2692639],[106.7098533,21.2662075],[106.7052573,21.265182],[106.6998281,21.2648345],[106.697821,21.266347],[106.6953028,21.2665421],[106.6943629,21.2682537],[106.6912535,21.2681074]]]},"properties":{"@id":"relation/18699448","admin_level":"6","boundary":"administrative","name":"Xã Tuấn Đạo","name:lzh":"俊道社","name:vi-Hani":"社俊道","name:zh":"俊道社","name:zh-Hans":"俊道社","name:zh-Hant":"俊道社","type":"boundary","wikidata":"Q7857332","wikipedia":"vi:Tuấn Đạo"},"id":"relation/18699448"},
{"type":"Feature","geometry":{"type":"Polygon","coordinates":[[[106.4237344,21.2306821],[106.4258515,21.2313573],[106.4273954,21.2312319],[106.4296353,21.2306323],[106.4312282,21.2313118],[106.4319886,21.2311181],[106.4332732,21.2297398],[106.4358763,21.228369],[106.4381015,21.2283874],[106.439878,21.2288781],[106.4435477,21.2291464],[106.4452938,21.2307423],[106.4465153,21.2313499],[106.4488431,21.2313299],[106.451493,21.2305392],[106.4526071,21.2306982],[106.4548306,21.2326458],[106.4556152,21.2328263],[106.4572263,21.2311454],[106.4582615,21.2295631],[106.4603359,21.228927],[106.4624822,21.2272226],[106.4637608,21.2273427],[106.4656457,21.2262961],[106.4668201,21.2263047],[106.4699712,21.2283001],[106.4715781,21.2282861],[106.4746259,21.230245],[106.4771093,21.2293055],[106.4801098,21.2285674],[106.483735,21.2284982],[106.4862095,21.2287386],[106.4873283,21.2293656],[106.4883143,21.2311363],[106.4885699,21.2360789],[106.4895223,21.2365387],[106.4938529,21.2388601],[106.4949498,21.2397561],[106.4965874,21.240173],[106.4995915,21.244813],[106.504119,21.2455129],[106.5075522,21.2470529],[106.5088058,21.2489513],[106.5118811,21.2509247],[106.5102902,21.2540112],[106.5070513,21.2563004],[106.5032567,21.2579166],[106.50214,21.264135],[106.5037553,21.2677165],[106.5075319,21.270436],[106.5085619,21.2753949],[106.5119918,21.2792201],[106.5118617,21.2820537],[106.5098452,21.2849782],[106.5103237,21.2856536],[106.5116004,21.2891325],[106.5115468,21.2907819],[106.5124726,21.2909677],[106.5131011,21.2918634],[106.514426,21.2920241],[106.5130087,21.294315],[106.5104792,21.2962461],[106.5115736,21.2970109],[106.5111927,21.298081],[106.5102027,21.2981549],[106.5097234,21.2993571],[106.511344,21.2997849],[106.5121698,21.3010967],[106.5103799,21.3014794],[106.5112227,21.3024619],[106.5113568,21.3042062],[106.5106802,21.3057999],[106.507937,21.3054531],[106.5072758,21.3056006],[106.5054452,21.3082144],[106.5057641,21.3095967],[106.5082536,21.3101278],[106.5094605,21.3116097],[106.5080186,21.3156793],[106.5081532,21.3184109],[106.5039049,21.3218714],[106.50213,21.3226199],[106.5010464,21.3226395],[106.5010196,21.3209905],[106.500539,21.3198217],[106.4992562,21.3180865],[106.4975914,21.3170818],[106.4964458,21.31688],[106.4948921,21.3171738],[106.4928774,21.3184481],[106.4905811,21.320938],[106.4862326,21.3250082],[106.48294,21.3283897],[106.4808507,21.3297659],[106.4791489,21.3303001],[106.4770807,21.330493],[106.4745853,21.3297283],[106.4736155,21.3282238],[106.4738022,21.3265673],[106.4749271,21.3233292],[106.4748759,21.32218],[106.4725445,21.3173754],[106.4713812,21.3154034],[106.4693618,21.3128339],[106.4681063,21.3126083],[106.4667477,21.3134967],[106.4645722,21.3165789],[106.462797,21.3174799],[106.4610386,21.3175323],[106.4584408,21.3169027],[106.4566658,21.31592],[106.4557716,21.314999],[106.4544994,21.3127847],[106.4522018,21.3066573],[106.4514558,21.3054858],[106.4500791,21.3046885],[106.4500143,21.3032953],[106.452544,21.3024664],[106.452516,21.3020279],[106.4479913,21.3010975],[106.4474016,21.3000587],[106.4452728,21.2999186],[106.4422272,21.290934],[106.4411356,21.2860996],[106.4401176,21.2847562],[106.4418109,21.280519],[106.4400904,21.2794569],[106.4403332,21.2784838],[106.43871,21.2777993],[106.4376578,21.2769029],[106.4365088,21.276745],[106.4356611,21.2758944],[106.4306838,21.2750448],[106.4298365,21.2751827],[106.4285286,21.2765922],[106.4282299,21.2782637],[106.4259705,21.2793776],[106.4252091,21.2819675],[106.423547,21.2824997],[106.4227467,21.283244],[106.4138439,21.2837316],[106.4119444,21.2844363],[106.4086313,21.2870672],[106.4049617,21.2881228],[106.4037593,21.2841674],[106.40237,21.280147],[106.401665,21.2773102],[106.4011366,21.2720324],[106.4014428,21.2686059],[106.4014066,21.2666052],[106.4009925,21.2634566],[106.4008397,21.2584408],[106.4000416,21.2559049],[106.3990629,21.2546186],[106.3970461,21.2528338],[106.3941892,21.2507515],[106.3919907,21.2495386],[106.3888103,21.2485167],[106.3890038,21.2461595],[106.3953883,21.2415955],[106.3985797,21.2399521],[106.4009547,21.2402839],[106.4074211,21.2390275],[106.4131227,21.2368747],[106.4146126,21.2355691],[106.414953,21.2342579],[106.4216137,21.2327023],[106.4237344,21.2306821]]]},"properties":{"@id":"relation/18699478","admin_level":"6","boundary":"administrative","name":"Xã Nghĩa Phương","name:lzh":"義芳社","name:vi-Hani":"社義芳","name:zh":"義芳社","name:zh-Hans":"义芳社","name:zh-Hant":"義芳社","type":"boundary","wikidata":"Q2460465","wikipedia":"vi:Nghĩa Phương, Lục Nam"},"id":"relation/18699478"},
{"type":"Feature","geometry":{"type":"Polygon","coordinates":[[[106.7623258,21.3042437],[106.7643499,21.3042443],[106.7663383,21.303529],[106.7677331,21.3033691],[106.7697808,21.3036554],[106.7716935,21.3035678],[106.7781571,21.3024537],[106.7814428,21.3021738],[106.7826412,21.3028516],[106.7826616,21.3053386],[106.7821593,21.3062475],[106.7793365,21.3082595],[106.7799265,21.3097777],[106.7810648,21.3105736],[106.7836061,21.3104864],[106.7872318,21.3090862],[106.7888559,21.3082401],[106.7899307,21.3086082],[106.7903828,21.3101396],[106.7895327,21.3119514],[106.7897218,21.3132895],[106.7903658,21.3142693],[106.7914755,21.314857],[106.7959287,21.314939],[106.7974263,21.3147352],[106.7985463,21.3140491],[106.8007995,21.3097872],[106.8007886,21.308002],[106.8014432,21.3063355],[106.8029398,21.3061229],[106.8040342,21.3068706],[106.8033585,21.3084858],[106.8032464,21.3102957],[106.8039749,21.3117402],[106.8048342,21.3120882],[106.8059924,21.3141417],[106.8079351,21.3141417],[106.8088691,21.3156557],[106.8103261,21.3173263],[106.811503,21.3177961],[106.812437,21.3201802],[106.8109858,21.3222993],[106.8124947,21.3260839],[106.8135408,21.3269017],[106.8166791,21.3279283],[106.8205271,21.3294596],[106.8227314,21.3308864],[106.8248422,21.331652],[106.8276629,21.3337748],[106.8290078,21.3342968],[106.8294188,21.3352712],[106.8307264,21.335741],[106.8318098,21.3377942],[106.8344064,21.3389773],[106.8346866,21.3398473],[106.8363864,21.3420744],[106.8358074,21.3436751],[106.8349923,21.3440007],[106.8292631,21.3435436],[106.8266668,21.3446428],[106.8271439,21.3509961],[106.8265835,21.3540581],[106.826789,21.3578507],[106.8253693,21.3595034],[106.8242672,21.3621651],[106.8232585,21.3628088],[106.8227167,21.3643397],[106.8209795,21.3674606],[106.81968,21.3676376],[106.8176201,21.3668783],[106.8161888,21.3675238],[106.8145183,21.3671283],[106.813683,21.3675634],[106.8111773,21.366746],[106.8083289,21.3668558],[106.8073293,21.3679688],[106.8052396,21.3681459],[106.8043172,21.3675224],[106.8018559,21.3683456],[106.7996233,21.3679915],[106.7968393,21.3691273],[106.7963159,21.3768515],[106.7799052,21.3826883],[106.7782054,21.3812213],[106.7750679,21.3848073],[106.7733401,21.3843831],[106.7746439,21.3825334],[106.7732325,21.3819223],[106.7714994,21.3828641],[106.7709351,21.3842355],[106.7685606,21.3846288],[106.7667981,21.38288],[106.7643571,21.3822501],[106.7646723,21.3782151],[106.7612649,21.3734949],[106.7628415,21.3715911],[106.7614784,21.3693239],[106.7550596,21.3682727],[106.7532981,21.3671704],[106.750737,21.3643804],[106.7520096,21.3596952],[106.7497902,21.3542875],[106.7476087,21.3520218],[106.748152,21.3505935],[106.7505792,21.3498474],[106.7548929,21.3466007],[106.7580765,21.3467303],[106.759545,21.3438167],[106.7619836,21.3422343],[106.7637298,21.3397991],[106.7684176,21.3395802],[106.7708248,21.3392529],[106.772222,21.3358653],[106.7736054,21.3347388],[106.7725659,21.3281539],[106.7705689,21.3253959],[106.7622133,21.3199807],[106.7600577,21.3199667],[106.7567766,21.3219255],[106.7570168,21.3199715],[106.7562765,21.318496],[106.7555094,21.3100349],[106.7581878,21.3072544],[106.7591571,21.3057447],[106.7623258,21.3042437]]]},"properties":{"@id":"relation/18707946","admin_level":"6","boundary":"administrative","name":"Xã Yên Định","name:lzh":"安定社","name:vi-Hani":"社安定","name:zh":"安定社","name:zh-Hans":"安定社","name:zh-Hant":"安定社","type":"boundary","wikidata":"Q8062580","wikipedia":"vi:Yên Định, Sơn Động"},"id":"relation/18707946"},
{"type":"Feature","geometry":{"type":"Polygon","coordinates":[[[106.3205181,21.2905118],[106.3210163,21.2898543],[106.3190889,21.2878742],[106.3176159,21.2872379],[106.3156993,21.2868893],[106.3149635,21.2872276],[106.3117622,21.2871689],[106.310716,21.2867203],[106.3101407,21.2875483],[106.3071168,21.2871351],[106.3051157,21.2865782],[106.305468,21.2851654],[106.3012844,21.2851794],[106.2996973,21.2854606],[106.3003071,21.2836698],[106.3016536,21.2826214],[106.3022097,21.2804333],[106.3017227,21.2794797],[106.3020541,21.2773179],[106.3042093,21.2740299],[106.3047007,21.2725889],[106.3039454,21.2711992],[106.3027646,21.2699337],[106.3024332,21.2676955],[106.3023897,21.2653811],[106.3000796,21.2629856],[106.3006238,21.2615186],[106.299458,21.2609551],[106.3000213,21.2599452],[106.2998326,21.2589155],[106.2986522,21.2579303],[106.2996009,21.2550793],[106.3015001,21.2552778],[106.30344,21.255948],[106.3045339,21.2559522],[106.3042215,21.2572813],[106.3048945,21.2578786],[106.3060856,21.2571248],[106.3063562,21.2559904],[106.3085245,21.2529285],[106.3065849,21.2506764],[106.3058879,21.2480665],[106.3063657,21.2465102],[106.3092168,21.246726],[106.3100747,21.2452597],[106.3156353,21.2472263],[106.3175109,21.2455353],[106.3196254,21.2444017],[106.3202337,21.2437095],[106.3203779,21.2400013],[106.3190901,21.2400945],[106.3179597,21.2415126],[106.3172403,21.2408116],[106.3178447,21.2388781],[106.3178884,21.2368944],[106.3197109,21.2369442],[106.319831,21.238208],[106.3218193,21.2390257],[106.3230801,21.2387129],[106.3242726,21.2360801],[106.3257675,21.2356366],[106.3262787,21.2333692],[106.3274551,21.2330114],[106.3272266,21.2371331],[106.3284168,21.2391653],[106.3307403,21.240596],[106.3336458,21.2412106],[106.3353378,21.2410312],[106.3372406,21.2401605],[106.3389459,21.2384227],[106.3398049,21.2368468],[106.3421397,21.2311418],[106.3436721,21.2297356],[106.3452197,21.2296326],[106.34751,21.2306398],[106.351787,21.2337278],[106.3546467,21.2354445],[106.3594605,21.2373547],[106.3627134,21.2381583],[106.3660835,21.2384276],[106.3687872,21.2380758],[106.371156,21.2358161],[106.3750957,21.2358902],[106.3847955,21.2334995],[106.3886661,21.2329475],[106.3905627,21.2339556],[106.3920729,21.2332836],[106.3934933,21.2336076],[106.3942893,21.2344696],[106.3959436,21.2343716],[106.3995567,21.2351997],[106.4008524,21.2371478],[106.4009547,21.2402839],[106.3985797,21.2399521],[106.3953883,21.2415955],[106.3890038,21.2461595],[106.3888103,21.2485167],[106.3919907,21.2495386],[106.3941892,21.2507515],[106.3970461,21.2528338],[106.3990629,21.2546186],[106.4000416,21.2559049],[106.4008397,21.2584408],[106.4009925,21.2634566],[106.4014066,21.2666052],[106.4014428,21.2686059],[106.4011366,21.2720324],[106.401665,21.2773102],[106.3995197,21.2775541],[106.3980047,21.276951],[106.3966698,21.2769592],[106.3936507,21.2791641],[106.3921845,21.2781966],[106.3897238,21.2792896],[106.3892523,21.2803524],[106.3876029,21.2785637],[106.3857538,21.2780396],[106.3856776,21.2817243],[106.3868276,21.2827262],[106.3846058,21.2855972],[106.382509,21.2847464],[106.3803958,21.2849128],[106.3761636,21.2868062],[106.3732391,21.2858798],[106.3710522,21.2860649],[106.3658095,21.283526],[106.3627227,21.2826389],[106.3583573,21.2865353],[106.3543879,21.2880877],[106.3528137,21.2875562],[106.3524441,21.2864931],[106.3511168,21.2858806],[106.3492962,21.2868294],[106.3480019,21.286911],[106.3463848,21.2864823],[106.3428704,21.2866953],[106.3427381,21.2876235],[106.3404405,21.288128],[106.3380968,21.2879247],[106.3375432,21.2902132],[106.336267,21.2902326],[106.3357385,21.2889612],[106.3339666,21.2898829],[106.330324,21.2892705],[106.3289552,21.2886492],[106.3271375,21.2886519],[106.3254661,21.2894577],[106.3251749,21.2904375],[106.3237428,21.2914048],[106.322414,21.2905174],[106.3205181,21.2905118]]]},"properties":{"@id":"relation/18707983","admin_level":"6","boundary":"administrative","name":"Xã Bắc Lũng","name:lzh":"北隴社","name:vi-Hani":"社北隴","name:zh":"北隴社","name:zh-Hans":"北陇社","name:zh-Hant":"北隴社","type":"boundary","wikidata":"Q2076245","wikipedia":"vi:Bắc Lũng"},"id":"relation/18707983"},
{"type":"Feature","geometry":{"type":"Polygon","coordinates":[[[106.3250867,21.1924875],[106.3230882,21.1852158],[106.3255752,21.1839201],[106.3278302,21.1822509],[106.3283735,21.1813619],[106.3308767,21.1813379],[106.3313808,21.1776817],[106.3320259,21.1764377],[106.3324308,21.1745766],[106.3350223,21.1743203],[106.3354341,21.1732259],[106.3364322,21.1724512],[106.3386329,21.1719914],[106.339255,21.1726648],[106.3410055,21.1726215],[106.3457573,21.1664523],[106.3475448,21.1681267],[106.3465861,21.1691458],[106.3457784,21.1709131],[106.3443271,21.1721235],[106.3442533,21.1730793],[106.3453487,21.1735014],[106.3464577,21.1731554],[106.3484143,21.1731774],[106.3506692,21.1720167],[106.3523529,21.17146],[106.3536103,21.171581],[106.3562602,21.1731145],[106.3582908,21.1721991],[106.3621377,21.1717373],[106.3637337,21.1728485],[106.3648875,21.172914],[106.3667682,21.1736293],[106.3651481,21.174373],[106.365309,21.1762073],[106.364498,21.1776001],[106.3644507,21.1791739],[106.3658373,21.1798931],[106.367415,21.1812478],[106.3692753,21.179753],[106.3709845,21.1815504],[106.3694759,21.1836288],[106.3703887,21.1843519],[106.3712503,21.186218],[106.3725177,21.1874065],[106.3737553,21.1898315],[106.3742872,21.1938918],[106.3741364,21.1954103],[106.3774636,21.1966008],[106.3824416,21.1958858],[106.3855991,21.1965343],[106.3863879,21.1971834],[106.3894702,21.1986003],[106.391709,21.2001179],[106.3933633,21.2030076],[106.3987364,21.2026822],[106.4000903,21.2020903],[106.4012257,21.2045346],[106.4038099,21.2055247],[106.4073787,21.2060756],[106.4083918,21.2064793],[106.4111277,21.2082546],[106.4128748,21.2078466],[106.4149051,21.2133928],[106.4156286,21.2158031],[106.4164694,21.2197294],[106.4168227,21.222199],[106.4176781,21.2233344],[106.420483,21.2236667],[106.422563,21.223593],[106.4231774,21.2253673],[106.4233933,21.2278037],[106.4240898,21.2300985],[106.4237344,21.2306821],[106.4216137,21.2327023],[106.414953,21.2342579],[106.4146126,21.2355691],[106.4131227,21.2368747],[106.4074211,21.2390275],[106.4009547,21.2402839],[106.4008524,21.2371478],[106.3995567,21.2351997],[106.3959436,21.2343716],[106.3942893,21.2344696],[106.3934933,21.2336076],[106.3920729,21.2332836],[106.3905627,21.2339556],[106.3886661,21.2329475],[106.3847955,21.2334995],[106.3750957,21.2358902],[106.371156,21.2358161],[106.3687872,21.2380758],[106.3660835,21.2384276],[106.3627134,21.2381583],[106.3594605,21.2373547],[106.3546467,21.2354445],[106.351787,21.2337278],[106.34751,21.2306398],[106.3452197,21.2296326],[106.3436721,21.2297356],[106.3421397,21.2311418],[106.3398049,21.2368468],[106.3389459,21.2384227],[106.3372406,21.2401605],[106.3353378,21.2410312],[106.3336458,21.2412106],[106.3307403,21.240596],[106.3284168,21.2391653],[106.3272266,21.2371331],[106.3274551,21.2330114],[106.3274503,21.2286918],[106.3269741,21.2236401],[106.326848,21.2209934],[106.326896,21.2159032],[106.3275022,21.2128883],[106.3290932,21.2081573],[106.3301014,21.2046879],[106.3310892,21.2029035],[106.3321608,21.2017419],[106.3337225,21.2006592],[106.337728,21.1986756],[106.3372711,21.1968949],[106.3340189,21.1952002],[106.3319766,21.1944211],[106.3300038,21.1939715],[106.3250867,21.1924875]]]},"properties":{"@id":"relation/18726310","admin_level":"6","boundary":"administrative","name":"Xã Cẩm Lý","name:lzh":"錦里社","name:vi-Hani":"社錦里","name:zh":"錦里社","name:zh-Hans":"锦里社","name:zh-Hant":"錦里社","type":"boundary","wikidata":"Q2787324","wikipedia":"vi:Cẩm Lý"},"id":"relation/18726310"},
{"type":"Feature","geometry":{"type":"Polygon","coordinates":[[[106.4895223,21.2365387],[106.4897417,21.235825],[106.4899651,21.2314027],[106.4924856,21.2280089],[106.4952486,21.2282466],[106.4983523,21.2275448],[106.4992326,21.2269938],[106.5002603,21.224737],[106.5018799,21.2244007],[106.5050131,21.2233186],[106.5078747,21.2214855],[106.5099499,21.2221197],[106.5124727,21.2220469],[106.514801,21.2238838],[106.5175061,21.2250811],[106.5196589,21.2254467],[106.5221623,21.2252233],[106.5255145,21.2242893],[106.5283436,21.2227909],[106.5293668,21.2217106],[106.5305376,21.2193736],[106.5307593,21.2175306],[106.5326528,21.2161076],[106.5332936,21.215131],[106.5350449,21.2085882],[106.5365384,21.2047252],[106.538414,21.2024488],[106.5391272,21.199865],[106.5412858,21.1965316],[106.5416422,21.1939342],[106.5420241,21.1929266],[106.5433066,21.1919608],[106.5452964,21.1912565],[106.5473361,21.1910872],[106.5488652,21.1923786],[106.5556614,21.1943579],[106.5580407,21.1942691],[106.5593573,21.1931356],[106.5614959,21.193049],[106.566129,21.199052],[106.5661178,21.2011579],[106.5641801,21.2115789],[106.5660249,21.212785],[106.5684844,21.2158271],[106.5686132,21.2183275],[106.5672184,21.2194076],[106.5673042,21.221908],[106.5682913,21.2233481],[106.5686135,21.2285514],[106.572433,21.2317316],[106.5791922,21.2333717],[106.5830116,21.2366718],[106.5857153,21.2362918],[106.5894489,21.2388919],[106.5900927,21.2416119],[106.587904,21.2456918],[106.5846966,21.2485023],[106.5844662,21.2493927],[106.5847634,21.2510995],[106.5854077,21.2519599],[106.5841841,21.2547144],[106.5821146,21.256237],[106.5825693,21.2579353],[106.5823243,21.2588128],[106.5832684,21.2607925],[106.5822975,21.2636996],[106.5795777,21.2659717],[106.5762947,21.2692411],[106.5761123,21.2703109],[106.574621,21.2726104],[106.572325,21.2726904],[106.5706107,21.273635],[106.5698886,21.274455],[106.569982,21.2766221],[106.5684417,21.2792021],[106.5693636,21.2808166],[106.572842,21.2819177],[106.5733671,21.2838647],[106.5739712,21.2883257],[106.5734269,21.2899105],[106.57243,21.2887534],[106.5704379,21.2872043],[106.5695115,21.2869087],[106.5665498,21.2880891],[106.5644751,21.2895313],[106.561605,21.2892888],[106.5611157,21.2877931],[106.560115,21.2869922],[106.5569858,21.2881229],[106.5556785,21.2896426],[106.5539836,21.2909105],[106.5527588,21.2932119],[106.5502275,21.2952831],[106.5498496,21.2959747],[106.550721,21.2976369],[106.5497869,21.2987437],[106.5481249,21.2990073],[106.5467962,21.299849],[106.5475948,21.3010351],[106.5472292,21.3018141],[106.5479364,21.3025625],[106.550323,21.303542],[106.5503273,21.3045324],[106.5464393,21.3066018],[106.5455217,21.3081885],[106.544046,21.3088178],[106.5427382,21.3102948],[106.5413829,21.3102403],[106.539166,21.3115467],[106.5380958,21.3107582],[106.5380126,21.3081095],[106.5371559,21.3072472],[106.5355155,21.3071774],[106.53514,21.3062328],[106.5331954,21.3043361],[106.5323693,21.3050258],[106.5310442,21.3050433],[106.5288717,21.3044211],[106.5277393,21.3034969],[106.5280294,21.3016348],[106.525891,21.2992254],[106.5239691,21.2994065],[106.5214848,21.2993057],[106.5206641,21.3002628],[106.5201273,21.3018484],[106.518908,21.3023623],[106.5131593,21.3025819],[106.5112227,21.3024619],[106.5103799,21.3014794],[106.5121698,21.3010967],[106.511344,21.2997849],[106.5097234,21.2993571],[106.5102027,21.2981549],[106.5111927,21.298081],[106.5115736,21.2970109],[106.5104792,21.2962461],[106.5130087,21.294315],[106.514426,21.2920241],[106.5131011,21.2918634],[106.5124726,21.2909677],[106.5115468,21.2907819],[106.5116004,21.2891325],[106.5103237,21.2856536],[106.5098452,21.2849782],[106.5118617,21.2820537],[106.5119918,21.2792201],[106.5085619,21.2753949],[106.5075319,21.270436],[106.5037553,21.2677165],[106.50214,21.264135],[106.5032567,21.2579166],[106.5070513,21.2563004],[106.5102902,21.2540112],[106.5118811,21.2509247],[106.5088058,21.2489513],[106.5075522,21.2470529],[106.504119,21.2455129],[106.4995915,21.244813],[106.4965874,21.240173],[106.4949498,21.2397561],[106.4938529,21.2388601],[106.4895223,21.2365387]]]},"properties":{"@id":"relation/18726331","admin_level":"6","boundary":"administrative","name":"Xã Trường Sơn","name:lzh":"長山社","name:vi-Hani":"社長山","name:zh":"長山社","name:zh-Hans":"长山社","name:zh-Hant":"長山社","type":"boundary","wikidata":"Q8011271","wikipedia":"vi:Trường Sơn, Lục Nam"},"id":"relation/18726331"},
{"type":"Feature","geometry":{"type":"Polygon","coordinates":[[[106.5614959,21.193049],[106.5640861,21.1909664],[106.5651261,21.188982],[106.5670839,21.1886625],[106.570513,21.1900533],[106.5721475,21.1901661],[106.5743984,21.1907534],[106.5764513,21.191839],[106.5799265,21.1925261],[106.582337,21.1920015],[106.5833452,21.1912389],[106.5842987,21.1895229],[106.5863291,21.1893198],[106.5881068,21.1879977],[106.5903281,21.1848138],[106.5907659,21.1832364],[106.5888986,21.1811788],[106.5885206,21.1800108],[106.588896,21.1784341],[106.5902861,21.1783876],[106.594421,21.1791017],[106.600895,21.1793251],[106.6030768,21.179957],[106.6057403,21.1797812],[106.6078349,21.1775223],[106.6079807,21.1762284],[106.6086942,21.175243],[106.6082221,21.1744927],[106.6086996,21.1727069],[106.6110091,21.1717415],[106.6116339,21.1710361],[106.6131282,21.1716921],[106.6167879,21.1713237],[106.6187845,21.1720904],[106.6249342,21.1710335],[106.6288484,21.1711697],[106.6303933,21.1724567],[106.6329253,21.1714763],[106.6342127,21.1713212],[106.6375387,21.1678045],[106.6382963,21.1681277],[106.6398963,21.1707434],[106.6401726,21.1732571],[106.6395249,21.1764632],[106.6372436,21.1787895],[106.6397649,21.1800901],[106.6407251,21.1812655],[106.6433859,21.1793748],[106.6459265,21.1793684],[106.6461915,21.1780992],[106.6479421,21.1761211],[106.649268,21.1755781],[106.6512168,21.1742366],[106.6538143,21.1737123],[106.655657,21.1745402],[106.6583021,21.1734317],[106.6601661,21.1733923],[106.661758,21.172362],[106.6639638,21.1717164],[106.666013,21.1719015],[106.6698968,21.1710661],[106.6711521,21.1701065],[106.6732513,21.1702955],[106.6742825,21.1700431],[106.6768894,21.1702032],[106.6736037,21.1837465],[106.6737533,21.1854454],[106.6745639,21.1867126],[106.6750064,21.1885333],[106.6749179,21.1910641],[106.6761678,21.1922896],[106.6791075,21.1946803],[106.6752344,21.1984965],[106.6737592,21.2017323],[106.6751218,21.2033278],[106.6776343,21.2028955],[106.679467,21.2039229],[106.6808885,21.2063285],[106.6815054,21.2068286],[106.6838013,21.2072548],[106.6859847,21.2071187],[106.6855341,21.2089191],[106.6842735,21.2095392],[106.6841286,21.2123848],[106.68437,21.2140001],[106.6855609,21.2154603],[106.6868886,21.2178907],[106.6867733,21.2220538],[106.6872025,21.223744],[106.6889252,21.2253063],[106.687422,21.2337523],[106.6859594,21.2373594],[106.6843274,21.239057],[106.6824214,21.2428863],[106.6830238,21.2463244],[106.6891697,21.2517325],[106.6900409,21.2620553],[106.6920967,21.2637199],[106.6912535,21.2681074],[106.6882343,21.2681193],[106.6872536,21.2674694],[106.6843026,21.2686783],[106.6819355,21.2722429],[106.6797535,21.2786587],[106.6717942,21.2766723],[106.6707038,21.2775244],[106.6654948,21.2783305],[106.6591228,21.2767467],[106.651034,21.2767041],[106.6450844,21.2785911],[106.6379763,21.2746063],[106.6331993,21.274109],[106.6328791,21.2725802],[106.629848,21.2693517],[106.6261394,21.2685767],[106.624505,21.2674065],[106.6168595,21.2675178],[106.6145324,21.265468],[106.6099027,21.2675869],[106.6054062,21.2684191],[106.6025634,21.2707859],[106.600443,21.2714803],[106.6000207,21.2729562],[106.5984522,21.2763195],[106.598427,21.2784853],[106.5989426,21.2801593],[106.5983706,21.2808389],[106.5968096,21.2809218],[106.5939533,21.2819814],[106.5931022,21.2827054],[106.5925756,21.2839846],[106.5926687,21.2858901],[106.5914415,21.2870128],[106.5905038,21.2870797],[106.5896721,21.2859943],[106.586995,21.2858612],[106.5848712,21.2854158],[106.5838865,21.2842768],[106.5820713,21.2836676],[106.5803341,21.283455],[106.5798232,21.2822374],[106.5785891,21.2822179],[106.5778108,21.2841606],[106.5762813,21.2858573],[106.5748191,21.2885294],[106.5742063,21.2901083],[106.5734269,21.2899105],[106.5739712,21.2883257],[106.5733671,21.2838647],[106.572842,21.2819177],[106.5693636,21.2808166],[106.5684417,21.2792021],[106.569982,21.2766221],[106.5698886,21.274455],[106.5706107,21.273635],[106.572325,21.2726904],[106.574621,21.2726104],[106.5761123,21.2703109],[106.5762947,21.2692411],[106.5795777,21.2659717],[106.5822975,21.2636996],[106.5832684,21.2607925],[106.5823243,21.2588128],[106.5825693,21.2579353],[106.5821146,21.256237],[106.5841841,21.2547144],[106.5854077,21.2519599],[106.5847634,21.2510995],[106.5844662,21.2493927],[106.5846966,21.2485023],[106.587904,21.2456918],[106.5900927,21.2416119],[106.5894489,21.2388919],[106.5857153,21.2362918],[106.5830116,21.2366718],[106.5791922,21.2333717],[106.572433,21.2317316],[106.5686135,21.2285514],[106.5682913,21.2233481],[106.5673042,21.221908],[106.5672184,21.2194076],[106.5686132,21.2183275],[106.5684844,21.2158271],[106.5660249,21.212785],[106.5641801,21.2115789],[106.5661178,21.2011579],[106.566129,21.199052],[106.5614959,21.193049]]]},"properties":{"@id":"relation/18726339","admin_level":"6","boundary":"administrative","name":"Xã Lục Sơn","type":"boundary","wikidata":"Q741722","wikipedia":"vi:Lục Sơn"},"id":"relation/18726339"},
{"type":"Feature","geometry":{"type":"Polygon","coordinates":[[[106.2014773,21.2654616],[106.206123,21.2685244],[106.2073896,21.266719],[106.2090301,21.2678146],[106.2099431,21.2666285],[106.2114287,21.2676289],[106.2135611,21.2648366],[106.214557,21.2655099],[106.2159825,21.264583],[106.2173411,21.2654627],[106.2199582,21.2649114],[106.2205303,21.26322],[106.222721,21.2647104],[106.2219921,21.267152],[106.2202453,21.2693866],[106.2213825,21.27016],[106.2224457,21.2693888],[106.2220591,21.2678577],[106.2223724,21.2672934],[106.2248331,21.2671532],[106.2262956,21.2675216],[106.228259,21.2702711],[106.2331889,21.2724981],[106.2434644,21.2788703],[106.2464879,21.2783837],[106.2515253,21.2779854],[106.2516305,21.2774784],[106.2526674,21.2784367],[106.2545939,21.2792146],[106.2554995,21.2801366],[106.2559303,21.2824718],[106.2548048,21.2832696],[106.2544193,21.2847217],[106.2555465,21.2870675],[106.2543152,21.2897385],[106.2535059,21.2896039],[106.2527887,21.2917328],[106.2529264,21.2930858],[106.250943,21.2923732],[106.2499195,21.2932462],[106.2478362,21.2933001],[106.2472543,21.2952264],[106.2476621,21.2961121],[106.2457627,21.2971387],[106.2445511,21.2969268],[106.2433954,21.2954394],[106.2382714,21.2985774],[106.2375429,21.2962567],[106.2359688,21.2972609],[106.2329189,21.2969411],[106.2318806,21.2953821],[106.2266795,21.2964189],[106.2260628,21.297265],[106.2242633,21.3012325],[106.2234997,21.3006711],[106.2205403,21.3015496],[106.2194655,21.3014817],[106.2190406,21.3002074],[106.2154145,21.3017744],[106.2112507,21.2994538],[106.2084286,21.3016394],[106.2045852,21.3049141],[106.2031669,21.3049952],[106.202624,21.306856],[106.2030474,21.3077893],[106.2028945,21.3108207],[106.2015956,21.3113816],[106.2004496,21.3127006],[106.1985467,21.312565],[106.1976505,21.3121097],[106.1950006,21.3115332],[106.1957049,21.3096113],[106.1966253,21.3060525],[106.1966766,21.3040128],[106.1962173,21.3022897],[106.194826,21.2995268],[106.1939422,21.2985219],[106.1928175,21.2980074],[106.1910215,21.2980441],[106.1892009,21.2972828],[106.1876978,21.2957456],[106.1870461,21.2943399],[106.1863883,21.291591],[106.1844116,21.2871442],[106.1839113,21.2854968],[106.1837567,21.2834167],[106.1840404,21.2811678],[106.1847438,21.2785053],[106.1861063,21.2749201],[106.1903287,21.2682223],[106.1916095,21.2667107],[106.1929563,21.266109],[106.1952943,21.2659867],[106.1985855,21.2669034],[106.1997538,21.2669219],[106.2014773,21.2654616]]]},"properties":{"@id":"relation/18758357","admin_level":"6","boundary":"administrative","name":"Phường Bắc Giang","name:en":"Bac Giang Ward","name:lzh":"北江坊","name:vi-Hani":"坊北江","name:zh":"北江坊","name:zh-Hans":"北江坊","name:zh-Hant":"北江坊","population":"122838","population:date":"2025-07-01","source:population":"gis.vn","type":"boundary","wikidata":"Q134980445","wikipedia":"vi:Bắc Giang (phường)"},"id":"relation/18758357"},
{"type":"Feature","geometry":{"type":"Polygon","coordinates":[[[106.2524377,21.2746094],[106.2516305,21.2774784],[106.2515253,21.2779854],[106.2464879,21.2783837],[106.2434644,21.2788703],[106.2331889,21.2724981],[106.228259,21.2702711],[106.2262956,21.2675216],[106.2248331,21.2671532],[106.2223724,21.2672934],[106.2220591,21.2678577],[106.2224457,21.2693888],[106.2213825,21.27016],[106.2202453,21.2693866],[106.2219921,21.267152],[106.222721,21.2647104],[106.2205303,21.26322],[106.2199582,21.2649114],[106.2173411,21.2654627],[106.2159825,21.264583],[106.214557,21.2655099],[106.2135611,21.2648366],[106.2114287,21.2676289],[106.2099431,21.2666285],[106.2090301,21.2678146],[106.2073896,21.266719],[106.206123,21.2685244],[106.2014773,21.2654616],[106.2045391,21.2589546],[106.2069362,21.2543421],[106.2090515,21.2511725],[106.2099379,21.2494158],[106.2100921,21.2482972],[106.209618,21.2448066],[106.2083731,21.24122],[106.2084575,21.2400176],[106.2110714,21.2378401],[106.2136367,21.2364821],[106.2148195,21.2362742],[106.2174746,21.2367368],[106.2220972,21.236391],[106.2242606,21.2365913],[106.2270991,21.2373383],[106.2286471,21.2383569],[106.2295004,21.2398206],[106.2296107,21.2407954],[106.2292521,21.2447202],[106.2306636,21.2462475],[106.2323115,21.2465595],[106.2367572,21.2465059],[106.2396323,21.2460302],[106.2414708,21.2447006],[106.2424355,21.2431632],[106.2430922,21.2410184],[106.2449902,21.2370708],[106.2452526,21.2355189],[106.2451353,21.2325409],[106.2442726,21.2250686],[106.2451512,21.223566],[106.2478449,21.2221249],[106.2494303,21.2216489],[106.2519708,21.2228961],[106.2530926,21.2234954],[106.2563582,21.224631],[106.2619559,21.2275013],[106.2642669,21.2282726],[106.2664762,21.2284701],[106.2679403,21.2281177],[106.2687133,21.2295597],[106.2695662,21.2293797],[106.2715309,21.23465],[106.2763378,21.2323508],[106.2767795,21.2337575],[106.2785731,21.2331118],[106.281382,21.2391923],[106.2850292,21.2440166],[106.2819669,21.2480704],[106.2831277,21.2487327],[106.2808116,21.2518598],[106.2796964,21.2512138],[106.2791439,21.2521293],[106.2772356,21.2525013],[106.2761353,21.2513562],[106.2758716,21.2504731],[106.2731507,21.2502803],[106.2725475,21.2494756],[106.2715767,21.2504091],[106.2711509,21.2489398],[106.2673626,21.2497655],[106.2652177,21.2509893],[106.2653463,21.2526279],[106.2637424,21.2525695],[106.2633663,21.2542467],[106.2609738,21.2545106],[106.2599545,21.2536794],[106.2549286,21.2530148],[106.2555774,21.2562968],[106.2563899,21.2578154],[106.253569,21.2582544],[106.2545991,21.2607338],[106.2531295,21.261069],[106.2521886,21.2619941],[106.2520215,21.2640166],[106.2505576,21.2670726],[106.2526129,21.269468],[106.2524067,21.2706207],[106.2515902,21.271342],[106.2521904,21.2723526],[106.2524377,21.2746094]]]},"properties":{"@id":"relation/18758370","admin_level":"6","boundary":"administrative","name":"Phường Tân Tiến","name:lzh":"新進坊","name:vi-Hani":"坊新進","name:zh":"新進坊","name:zh-Hans":"新进坊","name:zh-Hant":"新進坊","population":"34321","population:date":"2025-07-01","source:population":"gis.vn","type":"boundary","wikidata":"Q2014618","wikipedia":"vi:Tân Tiến, thành phố Bắc Giang"},"id":"relation/18758370"},
{"type":"Feature","geometry":{"type":"Polygon","coordinates":[[[106.1615974,21.258095],[106.1621437,21.2572523],[106.1617841,21.2558539],[106.1663455,21.252135],[106.16544,21.251451],[106.160983,21.247219],[106.157421,21.244284],[106.1565499,21.2433372],[106.1549324,21.2427178],[106.1543944,21.2429675],[106.1529435,21.246932],[106.1512056,21.2480761],[106.1484051,21.2490996],[106.146683,21.249123],[106.1452723,21.248776],[106.1435434,21.2476821],[106.142829,21.2445657],[106.1421419,21.2398188],[106.1427656,21.2395294],[106.1425307,21.2358612],[106.1419207,21.2331072],[106.1442958,21.2324131],[106.1458405,21.2299785],[106.1487413,21.2296516],[106.1495976,21.2282982],[106.1515895,21.2269158],[106.152386,21.2253913],[106.1538774,21.2239517],[106.1556211,21.2243888],[106.1586188,21.223712],[106.1603869,21.2242695],[106.1617518,21.22372],[106.1634547,21.2243027],[106.164716,21.2233542],[106.1649581,21.2225611],[106.1660793,21.2217402],[106.1672742,21.2224606],[106.1683614,21.2225686],[106.1690936,21.2206814],[106.1704781,21.2196523],[106.1715021,21.2184056],[106.1748252,21.2168837],[106.1764236,21.216894],[106.1771344,21.2160773],[106.1773222,21.2145646],[106.1793914,21.213117],[106.1794108,21.2122418],[106.1807852,21.2108136],[106.1828895,21.2105867],[106.1843001,21.2122744],[106.188086,21.2112705],[106.1915459,21.2079281],[106.194101,21.2069621],[106.1950823,21.2078072],[106.1983747,21.2052763],[106.2023845,21.2105669],[106.2038236,21.2110424],[106.2046845,21.211854],[106.2047999,21.2128154],[106.2061621,21.2135156],[106.2065578,21.2166694],[106.2078279,21.2200855],[106.2093613,21.2199871],[106.2107267,21.2217998],[106.2107819,21.2272442],[106.2125645,21.2271075],[106.212979,21.2287096],[106.2142286,21.2295264],[106.212396,21.235216],[106.2106044,21.2372459],[106.2110714,21.2378401],[106.2084575,21.2400176],[106.2083731,21.24122],[106.209618,21.2448066],[106.2100921,21.2482972],[106.2099379,21.2494158],[106.2090515,21.2511725],[106.2069362,21.2543421],[106.2045391,21.2589546],[106.2014773,21.2654616],[106.1997538,21.2669219],[106.1985855,21.2669034],[106.1952943,21.2659867],[106.1929563,21.266109],[106.1916095,21.2667107],[106.1903287,21.2682223],[106.1881076,21.2667763],[106.1869392,21.2665043],[106.1861213,21.2672758],[106.184766,21.266375],[106.18441,21.2651582],[106.1815766,21.2632134],[106.1716546,21.2558494],[106.1686147,21.258738],[106.164926,21.2591996],[106.1635816,21.2583341],[106.1615974,21.258095]]]},"properties":{"@id":"relation/18758380","admin_level":"6","boundary":"administrative","name":"Phường Tiền Phong","name:lzh":"前鋒坊","name:vi-Hani":"坊前鋒","name:zh":"前鋒坊","name:zh-Hans":"前锋坊","name:zh-Hant":"前鋒坊","population":"36335","population:date":"2025-07-01","source:population":"gis.vn","type":"boundary","wikidata":"Q2193410","wikipedia":"vi:Tiền Phong (phường)"},"id":"relation/18758380"},
{"type":"Feature","geometry":{"type":"Polygon","coordinates":[[[106.2673644,21.143914],[106.2686277,21.1414446],[106.2693903,21.1391882],[106.2714996,21.1344356],[106.2723246,21.1329638],[106.2747093,21.1310616],[106.2763289,21.1311018],[106.2777847,21.1315619],[106.2811383,21.1319553],[106.2831483,21.13194],[106.2870208,21.1309947],[106.2899723,21.1300825],[106.2924743,21.1288596],[106.294747,21.126958],[106.2992819,21.1219509],[106.3053268,21.1268507],[106.3096378,21.1281782],[106.3126711,21.1302483],[106.3138538,21.1313906],[106.3173796,21.1354719],[106.3199929,21.1405285],[106.3225364,21.1471296],[106.3228277,21.1484881],[106.3232017,21.1528817],[106.3227441,21.1547957],[106.3201198,21.1611493],[106.3184114,21.1637273],[106.3167906,21.1667494],[106.3139143,21.1699122],[106.312238,21.172987],[106.310822,21.1770805],[106.309674,21.1799157],[106.309367,21.1831108],[106.3094994,21.1854651],[106.3105117,21.1894089],[106.3119279,21.1916485],[106.3135593,21.1929443],[106.312521,21.1964099],[106.3112219,21.1994355],[106.3107672,21.2027342],[106.3113026,21.2075049],[106.3111798,21.2105579],[106.3104809,21.2136567],[106.3095627,21.2156276],[106.3082734,21.2168674],[106.3070764,21.2175152],[106.3046112,21.2182019],[106.302142,21.2183078],[106.3006131,21.2176024],[106.2987664,21.2154046],[106.2972038,21.2139739],[106.2950356,21.2132128],[106.2949556,21.2119954],[106.2965715,21.2108827],[106.2980413,21.2093147],[106.2991322,21.2076578],[106.2991565,21.2055201],[106.3004928,21.2046799],[106.3006092,21.2028057],[106.3044351,21.2025031],[106.3045373,21.1997128],[106.3037417,21.1986351],[106.3033778,21.1972209],[106.3018174,21.1978821],[106.2996186,21.1947123],[106.2988268,21.19315],[106.2963334,21.1873715],[106.2955595,21.1877859],[106.2915228,21.1856535],[106.287859,21.1898768],[106.2854698,21.1918425],[106.2842086,21.1903699],[106.2822065,21.1920454],[106.278517,21.1881029],[106.2757385,21.189263],[106.2758011,21.1884158],[106.2739729,21.1852161],[106.2746319,21.1844383],[106.2730087,21.1826159],[106.2730763,21.1819751],[106.2757056,21.1813878],[106.2766767,21.1802162],[106.2769163,21.1789954],[106.2747452,21.1766545],[106.278317,21.1748701],[106.2788137,21.1724294],[106.2800213,21.1698935],[106.2788924,21.1679572],[106.2746561,21.1673451],[106.2754548,21.1644673],[106.27379,21.1643741],[106.2737608,21.1611222],[106.27284,21.1612627],[106.2739103,21.1577204],[106.2748696,21.1563071],[106.2747335,21.1553656],[106.2735121,21.1548898],[106.2739675,21.1538968],[106.2724988,21.1531512],[106.2726856,21.1524978],[106.2713059,21.1512021],[106.268567,21.149641],[106.2702245,21.1475541],[106.2720051,21.1444123],[106.2698593,21.1442092],[106.2688238,21.1446909],[106.2673644,21.143914]]]},"properties":{"@id":"relation/18759231","admin_level":"6","boundary":"administrative","name":"Xã Đồng Việt","name:lzh":"同越社","name:vi-Hani":"社同越","name:zh":"同越社","name:zh-Hans":"同越社","name:zh-Hant":"同越社","type":"boundary","wikidata":"Q5645609","wikipedia":"vi:Đồng Việt"},"id":"relation/18759231"},
{"type":"Feature","geometry":{"type":"Polygon","coordinates":[[[106.1950006,21.3115332],[106.1935768,21.313162],[106.1911064,21.3144601],[106.1897439,21.3154484],[106.1879333,21.3173173],[106.1853703,21.3194222],[106.1832809,21.3202521],[106.1821099,21.321147],[106.1811617,21.3226732],[106.1808885,21.3246468],[106.1819871,21.3270536],[106.1854615,21.3296268],[106.1882415,21.3327453],[106.1898002,21.3347807],[106.1885038,21.3353991],[106.1860794,21.33585],[106.1847933,21.3356064],[106.1831423,21.3365265],[106.1825676,21.3378178],[106.1815743,21.3388165],[106.1790262,21.3402],[106.1779441,21.3414375],[106.1761509,21.3419585],[106.1753279,21.3427682],[106.1745951,21.3417772],[106.1734022,21.341964],[106.1720197,21.3419354],[106.1718683,21.3402827],[106.1731746,21.3390567],[106.1719996,21.3381572],[106.1696118,21.3381882],[106.1673658,21.3372035],[106.1662792,21.3379188],[106.165456,21.3390931],[106.1640279,21.3395875],[106.1632438,21.3393257],[106.1614951,21.3396124],[106.1596998,21.3384583],[106.15559,21.3375301],[106.1549314,21.3383009],[106.1517322,21.337058],[106.1501896,21.3368266],[106.1493653,21.3352567],[106.1491437,21.333349],[106.1466439,21.3324473],[106.1460628,21.3307954],[106.1454355,21.3301318],[106.146089,21.3294542],[106.1453215,21.325347],[106.1493651,21.3223766],[106.1502011,21.3215639],[106.150825,21.3186292],[106.1508282,21.3167155],[106.1515377,21.3155024],[106.1534863,21.3133713],[106.1519095,21.3124079],[106.1493752,21.3099481],[106.1483529,21.3079818],[106.1485903,21.3066545],[106.1521945,21.3056703],[106.1543592,21.3048409],[106.1542626,21.303121],[106.1564294,21.3020427],[106.1572093,21.3004641],[106.1591582,21.3004347],[106.1604931,21.2983851],[106.1621804,21.2972658],[106.1614124,21.2959203],[106.15976,21.2955061],[106.1591878,21.2919455],[106.1580809,21.2883207],[106.1583695,21.2870783],[106.1560894,21.2858524],[106.1547951,21.2862218],[106.1532581,21.2850658],[106.1514347,21.2868337],[106.1505898,21.2864359],[106.1492891,21.2833971],[106.1480263,21.2821544],[106.1460942,21.2821276],[106.1445272,21.2809176],[106.1464644,21.2801159],[106.14543,21.279332],[106.1436291,21.2769854],[106.1413424,21.2781197],[106.1405975,21.2761989],[106.1403376,21.2727738],[106.141014,21.271967],[106.1407982,21.2708089],[106.1412254,21.2698942],[106.1435306,21.270541],[106.1479679,21.2705231],[106.1497075,21.2677427],[106.1507741,21.2674663],[106.1533016,21.2659312],[106.1537137,21.2650254],[106.1551925,21.2648303],[106.1559502,21.2655873],[106.1581237,21.263779],[106.1599437,21.2605404],[106.1615974,21.258095],[106.1635816,21.2583341],[106.164926,21.2591996],[106.1686147,21.258738],[106.1716546,21.2558494],[106.1815766,21.2632134],[106.18441,21.2651582],[106.184766,21.266375],[106.1861213,21.2672758],[106.1869392,21.2665043],[106.1881076,21.2667763],[106.1903287,21.2682223],[106.1861063,21.2749201],[106.1847438,21.2785053],[106.1840404,21.2811678],[106.1837567,21.2834167],[106.1839113,21.2854968],[106.1844116,21.2871442],[106.1863883,21.291591],[106.1870461,21.2943399],[106.1876978,21.2957456],[106.1892009,21.2972828],[106.1910215,21.2980441],[106.1928175,21.2980074],[106.1939422,21.2985219],[106.194826,21.2995268],[106.1962173,21.3022897],[106.1966766,21.3040128],[106.1966253,21.3060525],[106.1957049,21.3096113],[106.1950006,21.3115332]]]},"properties":{"@id":"relation/18759422","admin_level":"6","boundary":"administrative","name":"Phường Đa Mai","name:lzh":"多枚坊","name:vi-Hani":"坊多枚","name:zh":"多枚坊","name:zh-Hans":"多枚坊","name:zh-Hant":"多枚坊","population":"51733","population:date":"2025-07-01","source:population":"gis.vn","type":"boundary","wikidata":"Q2253852","wikipedia":"vi:Đa Mai"},"id":"relation/18759422"},
{"type":"Feature","geometry":{"type":"Polygon","coordinates":[[[106.098611,21.4623459],[106.0973398,21.4607676],[106.0964686,21.4569051],[106.0954181,21.4546914],[106.0956362,21.4504762],[106.0950962,21.4483743],[106.0938382,21.4475268],[106.0918278,21.4476787],[106.0906135,21.4494064],[106.0888086,21.4508342],[106.0876645,21.450673],[106.0867664,21.451151],[106.0854075,21.4506831],[106.0838805,21.4494695],[106.0824864,21.448929],[106.0808713,21.449441],[106.0799944,21.4487339],[106.0785925,21.4489333],[106.0791371,21.4469903],[106.0789466,21.4458051],[106.0770943,21.4446551],[106.0773741,21.4437897],[106.0760368,21.4420893],[106.0783695,21.43851],[106.0793968,21.4383053],[106.0820307,21.437167],[106.083199,21.4377677],[106.0867017,21.4313021],[106.0782943,21.4253485],[106.0772213,21.4243903],[106.0733855,21.4223147],[106.0716824,21.4209358],[106.0703457,21.4174622],[106.0694219,21.4155259],[106.0708205,21.416064],[106.0719141,21.4152762],[106.0715993,21.4136666],[106.0723941,21.4104138],[106.0720956,21.4086688],[106.070642,21.4084574],[106.0719763,21.4059899],[106.0732566,21.4054104],[106.0719174,21.4041603],[106.0723305,21.4022766],[106.0734705,21.4021037],[106.0751554,21.3996704],[106.0750957,21.3984047],[106.0757335,21.3970429],[106.0756122,21.3958239],[106.076602,21.3958603],[106.0763017,21.394353],[106.076703,21.3910068],[106.0782492,21.389536],[106.0822504,21.3906881],[106.0831909,21.3902611],[106.0842875,21.391478],[106.0857104,21.3902988],[106.0867789,21.390281],[106.0875543,21.3914616],[106.0876713,21.3936952],[106.0881771,21.3943418],[106.0913902,21.395517],[106.0917497,21.3963707],[106.093219,21.3971456],[106.094445,21.3971955],[106.0953194,21.3980403],[106.0969542,21.3976942],[106.0996088,21.3997708],[106.0994439,21.4012343],[106.1008038,21.4036874],[106.1022332,21.404184],[106.10391,21.4038976],[106.1046134,21.4030625],[106.1080005,21.4027848],[106.1106872,21.4006149],[106.1119173,21.4009785],[106.1129525,21.4020905],[106.11451,21.4025865],[106.1150253,21.3992597],[106.1164334,21.3992469],[106.117439,21.3982227],[106.1182426,21.3983269],[106.119451,21.3972491],[106.1222229,21.4002354],[106.1253451,21.4022747],[106.1265198,21.4044526],[106.1266739,21.4055675],[106.1280493,21.4064285],[106.1289588,21.4074963],[106.1285312,21.4090803],[106.1288388,21.4129381],[106.1304074,21.41598],[106.1307769,21.4251587],[106.1317126,21.4254621],[106.1324686,21.4265351],[106.1318084,21.4279828],[106.1339518,21.4321628],[106.1425425,21.433068],[106.1432162,21.4341077],[106.1447434,21.4338738],[106.145305,21.4353188],[106.1470476,21.4377328],[106.1482345,21.4384522],[106.1473419,21.4407686],[106.1480009,21.4416189],[106.1467771,21.4432386],[106.1462322,21.4425666],[106.1441666,21.4439285],[106.1424014,21.4428492],[106.1390573,21.4437059],[106.1381693,21.4444155],[106.1366899,21.4465757],[106.1347497,21.4481045],[106.1336958,21.4484499],[106.1299563,21.4476178],[106.1262727,21.4472789],[106.1244145,21.4467097],[106.1235963,21.4470155],[106.1210131,21.4490492],[106.1190688,21.449107],[106.1163034,21.4487931],[106.1148025,21.4494969],[106.1139578,21.4507592],[106.1126461,21.4500845],[106.109268,21.4493073],[106.1086756,21.4489308],[106.1058279,21.4523233],[106.1024971,21.4534913],[106.1012497,21.4561648],[106.1001998,21.4571549],[106.1004616,21.4592314],[106.1010254,21.4603783],[106.0997744,21.4624337],[106.098611,21.4623459]]]},"properties":{"@id":"relation/18759461","admin_level":"6","boundary":"administrative","name":"Xã Nhã Nam","name:lzh":"雅南社","name:vi-Hani":"社雅南","name:zh":"雅南社","name:zh-Hans":"雅南社","name:zh-Hant":"雅南社","type":"boundary","wikidata":"Q1907795","wikipedia":"vi:Nhã Nam"},"id":"relation/18759461"},
{"type":"Feature","geometry":{"type":"Polygon","coordinates":[[[106.9908984,21.3735377],[106.992975,21.3760143],[106.9928305,21.3784922],[106.990753,21.3844682],[106.987878,21.3874363],[106.9881591,21.3901173],[106.9872555,21.392417],[106.985869,21.3968657],[106.9853921,21.4010956],[106.9858039,21.401923],[106.988229,21.4035174],[106.9890258,21.4048397],[106.9904705,21.4063415],[106.9913354,21.4077462],[106.9913278,21.4088283],[106.9905853,21.4098777],[106.9901405,21.4115476],[106.9907946,21.4138288],[106.9934044,21.4158786],[106.9945226,21.4162815],[106.9968824,21.4179597],[107.0003647,21.4183546],[107.0026971,21.4194542],[107.0037973,21.4216561],[107.0027768,21.4235431],[106.9994813,21.4262251],[106.9977915,21.4266745],[106.9960749,21.4289516],[106.9947137,21.4303286],[106.9924293,21.4300191],[106.9911772,21.431743],[106.9910565,21.4359517],[106.9907695,21.4364118],[106.9880471,21.4379348],[106.9868025,21.4395926],[106.9836831,21.4387038],[106.9805932,21.4391282],[106.978544,21.4384891],[106.9769989,21.4367273],[106.9757384,21.4368413],[106.9747245,21.4374554],[106.9736764,21.4371509],[106.9724607,21.4356828],[106.9712698,21.4362071],[106.9692447,21.4359103],[106.967048,21.4344545],[106.9661039,21.431778],[106.9647682,21.4307243],[106.9641998,21.4296939],[106.961866,21.4276283],[106.9596881,21.4250716],[106.9580097,21.4243665],[106.9569363,21.4243458],[106.9552624,21.4233262],[106.9526649,21.4232415],[106.951518,21.4235684],[106.9500482,21.4250666],[106.9493884,21.4264398],[106.9489109,21.428692],[106.9482619,21.43019],[106.9463398,21.4316008],[106.9469261,21.4335257],[106.9451344,21.4346792],[106.9417647,21.4343463],[106.9404914,21.4352026],[106.9389734,21.4329939],[106.9379654,21.4326865],[106.9364306,21.4312012],[106.9350937,21.4316094],[106.9331449,21.4282575],[106.9316034,21.426828],[106.9283786,21.4258556],[106.9288444,21.429207],[106.9295615,21.4303698],[106.9304816,21.4331568],[106.9298275,21.4341676],[106.9293469,21.436302],[106.9298807,21.4372283],[106.9291833,21.4393154],[106.9269812,21.4409282],[106.9261497,21.4406661],[106.9250956,21.4394353],[106.9239038,21.4386434],[106.9236406,21.4376945],[106.922408,21.4367186],[106.9206941,21.4359749],[106.9202998,21.433643],[106.9189694,21.4320951],[106.9179448,21.4318878],[106.9169658,21.4306894],[106.9145988,21.429534],[106.9126637,21.4304455],[106.9109657,21.430607],[106.9105581,21.4297681],[106.9075427,21.428134],[106.9063394,21.4282263],[106.9032532,21.4272247],[106.9023897,21.4259464],[106.9000538,21.4248131],[106.899445,21.4236929],[106.8962031,21.4225332],[106.8951809,21.421211],[106.8944654,21.419576],[106.8932782,21.4193728],[106.8926553,21.416816],[106.8901778,21.4149973],[106.8888188,21.412849],[106.888564,21.4113597],[106.8868934,21.4100549],[106.8865537,21.408526],[106.8866245,21.4065095],[106.8849398,21.4051124],[106.8831419,21.404941],[106.8819627,21.4039628],[106.8807423,21.4039141],[106.8798706,21.4014905],[106.8806323,21.3987285],[106.8802615,21.3974131],[106.883051,21.3962743],[106.8843385,21.3945761],[106.8856903,21.3942764],[106.8847223,21.3905395],[106.8848565,21.3882361],[106.8857652,21.3844004],[106.8881863,21.381454],[106.8904138,21.3790804],[106.8910361,21.3759633],[106.8906284,21.3735455],[106.8924952,21.371867],[106.8929243,21.369589],[106.8978543,21.3678706],[106.8984713,21.3646534],[106.8993679,21.3643055],[106.9008436,21.3647404],[106.901829,21.3657754],[106.9043274,21.3664104],[106.9084277,21.3640619],[106.9105852,21.3655058],[106.9140877,21.3654014],[106.9185336,21.3673672],[106.9206911,21.3672976],[106.9225871,21.3654188],[106.9241936,21.3650361],[106.9246233,21.3637662],[106.9261177,21.3626876],[106.9288657,21.3616416],[106.9297997,21.359293],[106.9314061,21.3599019],[106.9328538,21.3611458],[106.9331527,21.3622853],[106.9358773,21.3631503],[106.9384777,21.3620829],[106.9402524,21.3645161],[106.9427295,21.3646424],[106.9445529,21.3661141],[106.9466453,21.3669243],[106.9480186,21.3663048],[106.9493918,21.3664447],[106.9501214,21.367304],[106.951838,21.3676836],[106.9542842,21.3693422],[106.9556295,21.3709786],[106.9566917,21.371698],[106.9586658,21.3709986],[106.9601893,21.3711984],[106.9619703,21.3735863],[106.9607257,21.3755245],[106.9599533,21.3758242],[106.9585263,21.3783219],[106.9583582,21.3800966],[106.9589853,21.3822344],[106.960123,21.3829959],[106.9615423,21.3833819],[106.9642531,21.3822953],[106.9667867,21.3832126],[106.9702483,21.3816027],[106.9719702,21.3800888],[106.9722774,21.3789004],[106.9739478,21.3783883],[106.9789446,21.3732881],[106.9820359,21.3731611],[106.9845658,21.3733075],[106.9862846,21.3739431],[106.9893941,21.3742979],[106.9908984,21.3735377]]]},"properties":{"@id":"relation/18759494","admin_level":"6","boundary":"administrative","name":"Xã Vân Sơn","name:lzh":"雲山社","name:vi-Hani":"社雲山","name:zh":"雲山社","name:zh-Hans":"云山社","name:zh-Hant":"雲山社","type":"boundary","wikidata":"Q3045936","wikipedia":"vi:Vân Sơn, Sơn Động"},"id":"relation/18759494"},
{"type":"Feature","geometry":{"type":"Polygon","coordinates":[[[106.1759271,21.3841101],[106.1764585,21.3829392],[106.1768676,21.3796426],[106.1783997,21.3767851],[106.1799682,21.3750169],[106.1816855,21.3740254],[106.1849035,21.3744574],[106.1857242,21.3741977],[106.1860354,21.3731736],[106.1847372,21.3706558],[106.1816097,21.3668242],[106.1804653,21.3651215],[106.1797,21.3629425],[106.1801143,21.3620437],[106.1818138,21.3616889],[106.1835428,21.3621013],[106.1870764,21.3633573],[106.1880616,21.3628941],[106.1885193,21.3608271],[106.1886881,21.3576708],[106.1894214,21.3567827],[106.1912423,21.3571864],[106.1923302,21.3569931],[106.192757,21.356138],[106.192486,21.3540181],[106.1927603,21.3490434],[106.1935239,21.3446641],[106.1933391,21.343043],[106.1910927,21.336971],[106.1898002,21.3347807],[106.1882415,21.3327453],[106.1854615,21.3296268],[106.1819871,21.3270536],[106.1808885,21.3246468],[106.1811617,21.3226732],[106.1821099,21.321147],[106.1832809,21.3202521],[106.1853703,21.3194222],[106.1879333,21.3173173],[106.1897439,21.3154484],[106.1911064,21.3144601],[106.1935768,21.313162],[106.1950006,21.3115332],[106.1976505,21.3121097],[106.1985467,21.312565],[106.2004496,21.3127006],[106.2015956,21.3113816],[106.2028945,21.3108207],[106.2030474,21.3077893],[106.202624,21.306856],[106.2031669,21.3049952],[106.2045852,21.3049141],[106.2084286,21.3016394],[106.2112507,21.2994538],[106.2154145,21.3017744],[106.2190406,21.3002074],[106.2194655,21.3014817],[106.2205403,21.3015496],[106.2234997,21.3006711],[106.2242633,21.3012325],[106.2232425,21.3015797],[106.2228924,21.3025052],[106.221593,21.3035818],[106.2221493,21.3043171],[106.2227331,21.3078955],[106.2231848,21.308651],[106.2266894,21.3103886],[106.2266759,21.3112155],[106.225542,21.3117969],[106.2257935,21.3126053],[106.2240659,21.3129871],[106.2246761,21.3163602],[106.226152,21.3158796],[106.2272125,21.3161783],[106.2278129,21.3149016],[106.2285268,21.3146629],[106.229304,21.3160337],[106.2320338,21.3180118],[106.234088,21.3201869],[106.2366258,21.3216166],[106.2361452,21.3224611],[106.2321872,21.3277399],[106.2300299,21.3292824],[106.229783,21.3301693],[106.2284148,21.3310654],[106.2289762,21.3327249],[106.2319491,21.3335937],[106.2314398,21.3357642],[106.2299869,21.3361148],[106.2292986,21.3369434],[106.2295693,21.3382125],[106.2289013,21.3389373],[106.2291177,21.3402291],[106.2278777,21.3420586],[106.2263752,21.343556],[106.2246987,21.3445627],[106.2226058,21.345011],[106.2223831,21.3456053],[106.2207491,21.3463991],[106.220906,21.3476773],[106.2215688,21.3483705],[106.2249608,21.3488703],[106.2264647,21.3489007],[106.2277194,21.3481145],[106.2285891,21.3482175],[106.2298203,21.347435],[106.2312464,21.3475844],[106.2321856,21.347138],[106.2339632,21.3479778],[106.2357501,21.3476693],[106.2374545,21.3493318],[106.2392793,21.349632],[106.240134,21.3508559],[106.242073,21.3511798],[106.2433672,21.353798],[106.2446042,21.3572072],[106.2440461,21.3574664],[106.2421587,21.357034],[106.2412724,21.3606007],[106.2422238,21.3616532],[106.2419473,21.3649017],[106.2401341,21.3674005],[106.2450243,21.3715279],[106.2472472,21.3778424],[106.249358,21.3795296],[106.2497432,21.3871237],[106.2450146,21.3882109],[106.2421342,21.3872851],[106.2415231,21.3888023],[106.2390931,21.3891726],[106.2383766,21.3869595],[106.236423,21.3860614],[106.2344349,21.3841441],[106.2300846,21.3840194],[106.22901,21.3825897],[106.2271019,21.3824584],[106.2239287,21.3841325],[106.2209582,21.3838666],[106.220076,21.3825331],[106.2183415,21.383145],[106.2181217,21.3839789],[106.216937,21.3849168],[106.2161153,21.3865715],[106.214373,21.386579],[106.2117358,21.387249],[106.2082674,21.3872882],[106.2082213,21.3880107],[106.207052,21.3892864],[106.2056328,21.3888074],[106.2045673,21.3897178],[106.2035669,21.3896818],[106.2031804,21.3886062],[106.2016168,21.3877254],[106.1991155,21.3892586],[106.1968586,21.3900939],[106.1941025,21.3902481],[106.1906296,21.3922182],[106.1886733,21.3902713],[106.1858926,21.3903867],[106.1801571,21.3877871],[106.1792704,21.3858957],[106.1783071,21.3851517],[106.1759271,21.3841101]]]},"properties":{"@id":"relation/18759499","admin_level":"6","boundary":"administrative","name":"Xã Mỹ Thái","name:lzh":"美太社","name:vi-Hani":"社美太","name:zh":"美太社","name:zh-Hans":"美太社","name:zh-Hant":"美太社","type":"boundary","wikidata":"Q2175093","wikipedia":"vi:Mỹ Thái, Lạng Giang"},"id":"relation/18759499"},
{"type":"Feature","geometry":{"type":"Polygon","coordinates":[[[106.2918956,21.3307449],[106.2909466,21.331763],[106.2899044,21.330744],[106.2878671,21.3294192],[106.2881597,21.3277887],[106.2850221,21.3277452],[106.2830917,21.3287846],[106.2816426,21.3303028],[106.2812126,21.3300605],[106.2828731,21.3262158],[106.2806136,21.3250804],[106.2799111,21.3230116],[106.2783419,21.3218787],[106.277519,21.3221176],[106.2773757,21.3206519],[106.2780771,21.3202476],[106.2768329,21.3174946],[106.2742598,21.3166889],[106.2731344,21.3167778],[106.2704777,21.3146653],[106.2702615,21.3156583],[106.2680048,21.3159533],[106.2655074,21.3167116],[106.2647943,21.3174786],[106.2628428,21.3162312],[106.2610792,21.3156732],[106.2609523,21.3151392],[106.2588298,21.3143717],[106.2560691,21.3141873],[106.2556383,21.3150942],[106.2563591,21.3170212],[106.2576171,21.3190352],[106.2563789,21.3202721],[106.2546951,21.3203523],[106.2538026,21.3222939],[106.254484,21.3240648],[106.2524864,21.3254631],[106.2487439,21.3264063],[106.2465473,21.3203563],[106.2412239,21.3248672],[106.2399519,21.3243868],[106.2389211,21.3253707],[106.2361452,21.3224611],[106.2366258,21.3216166],[106.234088,21.3201869],[106.2320338,21.3180118],[106.229304,21.3160337],[106.2285268,21.3146629],[106.2278129,21.3149016],[106.2272125,21.3161783],[106.226152,21.3158796],[106.2246761,21.3163602],[106.2240659,21.3129871],[106.2257935,21.3126053],[106.225542,21.3117969],[106.2266759,21.3112155],[106.2266894,21.3103886],[106.2231848,21.308651],[106.2227331,21.3078955],[106.2221493,21.3043171],[106.221593,21.3035818],[106.2228924,21.3025052],[106.2232425,21.3015797],[106.2242633,21.3012325],[106.2260628,21.297265],[106.2266795,21.2964189],[106.2318806,21.2953821],[106.2329189,21.2969411],[106.2359688,21.2972609],[106.2375429,21.2962567],[106.2382714,21.2985774],[106.2433954,21.2954394],[106.2445511,21.2969268],[106.2457627,21.2971387],[106.2476621,21.2961121],[106.2472543,21.2952264],[106.2478362,21.2933001],[106.2499195,21.2932462],[106.250943,21.2923732],[106.2529264,21.2930858],[106.2527887,21.2917328],[106.2535059,21.2896039],[106.2543152,21.2897385],[106.2555465,21.2870675],[106.2544193,21.2847217],[106.2548048,21.2832696],[106.2559303,21.2824718],[106.2554995,21.2801366],[106.2545939,21.2792146],[106.2526674,21.2784367],[106.2516305,21.2774784],[106.2524377,21.2746094],[106.2546911,21.2741331],[106.2550138,21.2764185],[106.2576868,21.2760824],[106.2599601,21.2770776],[106.2622222,21.2783889],[106.2636333,21.2794802],[106.2652908,21.2789825],[106.2675094,21.277836],[106.269275,21.2757401],[106.2704311,21.2737654],[106.2737177,21.2718361],[106.2751422,21.2727209],[106.2754473,21.275605],[106.2747301,21.2764007],[106.274575,21.2779834],[106.2729147,21.2788422],[106.2741792,21.2813959],[106.2755425,21.2815579],[106.280274,21.2806322],[106.2815732,21.2809908],[106.2837124,21.2808993],[106.283117,21.2822049],[106.2841867,21.2829782],[106.2864193,21.2859143],[106.2872993,21.2875506],[106.2885448,21.2855989],[106.2912045,21.2856079],[106.296408,21.2860435],[106.2996973,21.2854606],[106.3012844,21.2851794],[106.305468,21.2851654],[106.3051157,21.2865782],[106.3071168,21.2871351],[106.3101407,21.2875483],[106.310716,21.2867203],[106.3117622,21.2871689],[106.3149635,21.2872276],[106.3156993,21.2868893],[106.3176159,21.2872379],[106.3190889,21.2878742],[106.3210163,21.2898543],[106.3205181,21.2905118],[106.3196672,21.292694],[106.3202785,21.2952928],[106.3203096,21.2972469],[106.3194078,21.2982473],[106.3162259,21.3004103],[106.3152271,21.3025451],[106.3139655,21.3027699],[106.3135992,21.3034101],[106.3119616,21.3028494],[106.3107589,21.3020344],[106.3093563,21.3016268],[106.3071197,21.3022045],[106.3064463,21.3020038],[106.3043764,21.3004951],[106.303794,21.301113],[106.3022704,21.3015439],[106.301268,21.3007001],[106.3001526,21.298575],[106.299379,21.2989838],[106.2992379,21.3004943],[106.2981217,21.3026596],[106.2959164,21.3037741],[106.2938366,21.3036396],[106.2928808,21.3054116],[106.2950352,21.308667],[106.2941898,21.3093226],[106.2939887,21.3119184],[106.2940723,21.3140857],[106.2924939,21.316153],[106.2932811,21.3169713],[106.2923563,21.3179957],[106.2921413,21.3191818],[106.2926952,21.3197407],[106.2923581,21.3208575],[106.2911114,21.3224407],[106.2911205,21.3234528],[106.2922932,21.3235026],[106.2955047,21.3246015],[106.2946989,21.326084],[106.2919509,21.3294364],[106.2918956,21.3307449]]]},"properties":{"@id":"relation/18762684","UArea":"31.96","admin_level":"6","boundary":"administrative","name":"Xã Tân Dĩnh","name:lzh":"新清社","name:vi-Hani":"社新清","name:zh":"新清社","name:zh-Hans":"新清社","name:zh-Hant":"新清社","population":"35334","type":"boundary","wikidata":"Q2321848","wikipedia":"vi:Tân Dĩnh"},"id":"relation/18762684"},
{"type":"Feature","geometry":{"type":"Polygon","coordinates":[[[106.1777289,21.4226889],[106.1737401,21.4195743],[106.1713798,21.4179663],[106.1704064,21.4169158],[106.168836,21.4143332],[106.168727,21.411754],[106.1699221,21.4079013],[106.1693065,21.4069564],[106.1676121,21.4066295],[106.1665035,21.4060402],[106.1663561,21.4053049],[106.1675067,21.4021895],[106.1677623,21.3994265],[106.1673735,21.3958553],[106.168778,21.3950172],[106.1709077,21.3959363],[106.1719323,21.3956965],[106.1729569,21.3947076],[106.1735309,21.3927496],[106.1739059,21.3899174],[106.1738088,21.3872114],[106.1740674,21.3862262],[106.1759271,21.3841101],[106.1783071,21.3851517],[106.1792704,21.3858957],[106.1801571,21.3877871],[106.1858926,21.3903867],[106.1886733,21.3902713],[106.1906296,21.3922182],[106.1941025,21.3902481],[106.1968586,21.3900939],[106.1991155,21.3892586],[106.2016168,21.3877254],[106.2031804,21.3886062],[106.2035669,21.3896818],[106.2045673,21.3897178],[106.2056328,21.3888074],[106.207052,21.3892864],[106.2082213,21.3880107],[106.2082674,21.3872882],[106.2117358,21.387249],[106.214373,21.386579],[106.2161153,21.3865715],[106.216937,21.3849168],[106.2181217,21.3839789],[106.2183415,21.383145],[106.220076,21.3825331],[106.2209582,21.3838666],[106.2239287,21.3841325],[106.2271019,21.3824584],[106.22901,21.3825897],[106.2300846,21.3840194],[106.2344349,21.3841441],[106.236423,21.3860614],[106.2383766,21.3869595],[106.2390931,21.3891726],[106.2380285,21.3926714],[106.2357399,21.3938682],[106.2374902,21.3963592],[106.2385524,21.3993308],[106.2374343,21.4018568],[106.2387676,21.4029882],[106.2408755,21.403112],[106.2414367,21.403768],[106.2426804,21.4037962],[106.2431557,21.4024742],[106.2446761,21.4024368],[106.2458925,21.4019613],[106.2465461,21.4027002],[106.2466757,21.4046298],[106.2476525,21.4047155],[106.2471592,21.4062767],[106.2535671,21.4073095],[106.2527056,21.409474],[106.2527226,21.4104024],[106.2548521,21.4105036],[106.2565283,21.412009],[106.2569313,21.4143496],[106.257626,21.4160439],[106.2604954,21.4184224],[106.2585282,21.4181851],[106.2588469,21.419473],[106.258751,21.4219665],[106.2599168,21.4231925],[106.26355,21.4247522],[106.2646541,21.4284882],[106.2620567,21.4288599],[106.2579388,21.4319703],[106.2558948,21.4329043],[106.2557993,21.4346343],[106.2532571,21.4366844],[106.2531994,21.4383611],[106.250137,21.4431491],[106.2494858,21.4452274],[106.2469645,21.4444434],[106.2463191,21.4455132],[106.2445479,21.4468811],[106.2441954,21.4481906],[106.2427832,21.4491537],[106.2417141,21.4518318],[106.2400373,21.4533539],[106.2378728,21.4549151],[106.2372269,21.4566249],[106.2400827,21.4600025],[106.2413078,21.4620083],[106.240852,21.4636229],[106.2395647,21.4641569],[106.2380692,21.4641871],[106.2368983,21.4634836],[106.2356982,21.4598337],[106.2348768,21.4581457],[106.2331953,21.4560147],[106.2325555,21.4543305],[106.2326202,21.4484776],[106.2312985,21.4483018],[106.2269637,21.452022],[106.2249308,21.4532217],[106.2234467,21.453184],[106.2221075,21.4517038],[106.2197893,21.4478372],[106.2186725,21.4476794],[106.2180628,21.4483154],[106.2181833,21.4499981],[106.2176558,21.4518089],[106.2174954,21.4547791],[106.2153451,21.4554307],[106.2140098,21.4550258],[106.2108073,21.4525744],[106.2083074,21.4502577],[106.2048759,21.4465775],[106.2014414,21.4453398],[106.2013125,21.4444623],[106.2030773,21.4435472],[106.2051854,21.4438093],[106.2059122,21.4443985],[106.2073976,21.4465906],[106.2086013,21.4462885],[106.2094151,21.4450761],[106.2093184,21.4436964],[106.2071863,21.4414825],[106.2056688,21.4402417],[106.2032795,21.4395777],[106.2020771,21.4396426],[106.1999723,21.4406771],[106.1965117,21.4418395],[106.1959825,21.4414546],[106.1958115,21.4399207],[106.1960873,21.4368163],[106.1977825,21.432482],[106.1976795,21.431008],[106.1965136,21.4297823],[106.1935248,21.4285769],[106.1920402,21.4283298],[106.1905137,21.4285222],[106.1899366,21.4291639],[106.1868766,21.4340001],[106.1850275,21.4349155],[106.1815175,21.433643],[106.1812909,21.4322228],[106.1832106,21.4276075],[106.1831329,21.4272848],[106.1802138,21.4238015],[106.1777289,21.4226889]]]},"properties":{"@id":"relation/18762724","admin_level":"6","boundary":"administrative","name":"Xã Tiên Lục","name:lzh":"僊籙社","name:vi-Hani":"社僊籙","name:zh":"僊籙社","name:zh-Hans":"僊箓社","name:zh-Hant":"僊籙社","type":"boundary","wikidata":"Q4002092","wikipedia":"vi:Tiên Lục"},"id":"relation/18762724"},
{"type":"Feature","geometry":{"type":"Polygon","coordinates":[[[106.2458925,21.4019613],[106.2466929,21.4012203],[106.248286,21.4009772],[106.2492267,21.3998374],[106.2516112,21.3994994],[106.2521009,21.3989409],[106.2541447,21.3990694],[106.2553375,21.3982532],[106.2607461,21.3962106],[106.2626801,21.3965393],[106.2712749,21.3997725],[106.2745975,21.4002834],[106.2754167,21.4008416],[106.2766729,21.3984915],[106.2785221,21.3997679],[106.2819023,21.4003052],[106.2835535,21.4002279],[106.2846159,21.3995028],[106.2855135,21.3982242],[106.2849433,21.3966474],[106.2852595,21.3959134],[106.2837188,21.3944655],[106.2816744,21.3937152],[106.2795338,21.3924701],[106.2800223,21.3876174],[106.2836664,21.385278],[106.2862543,21.3850128],[106.2925438,21.3773032],[106.291528,21.3750141],[106.2923243,21.3746993],[106.2940273,21.3766101],[106.296617,21.3763067],[106.2977991,21.3751259],[106.2988193,21.3724374],[106.3002915,21.3706289],[106.302642,21.3702672],[106.3047293,21.3691109],[106.3059701,21.369778],[106.3071882,21.3740882],[106.3084751,21.3724273],[106.3098025,21.3732323],[106.3108749,21.3724549],[106.3128214,21.37376],[106.3147638,21.3741121],[106.3165315,21.3752684],[106.3191531,21.3745686],[106.3220805,21.3744867],[106.3243779,21.3749233],[106.3260141,21.3755828],[106.3277032,21.3771983],[106.3294406,21.379548],[106.3286514,21.3800212],[106.3300411,21.3811826],[106.3320417,21.3813619],[106.3329032,21.382648],[106.3349012,21.3830359],[106.3360106,21.3865439],[106.3390884,21.3868003],[106.339857,21.3891646],[106.3418329,21.3925386],[106.3438583,21.3937508],[106.3458406,21.3953345],[106.3485118,21.3960413],[106.3498552,21.3968843],[106.3484384,21.3994113],[106.3467538,21.4010843],[106.3459488,21.4011285],[106.3441003,21.3985421],[106.3422071,21.3993544],[106.3415185,21.3979061],[106.3404915,21.3973626],[106.3395831,21.3981214],[106.3367488,21.4012158],[106.3349203,21.4043506],[106.3341182,21.4044761],[106.332089,21.4038924],[106.3310153,21.4045632],[106.3299932,21.4069422],[106.3292194,21.4080086],[106.3263848,21.4084546],[106.3247633,21.409463],[106.3240863,21.4110774],[106.3239265,21.4130832],[106.3242097,21.4142777],[106.3259519,21.4161836],[106.3265974,21.4172538],[106.326808,21.4196348],[106.3265182,21.42181],[106.3253957,21.4240292],[106.3259991,21.4252232],[106.3276185,21.4259786],[106.3280787,21.4270075],[106.3283248,21.4298371],[106.3292003,21.4310281],[106.3291694,21.4330683],[106.3324956,21.4356585],[106.3318481,21.4392937],[106.3295167,21.4403703],[106.328926,21.4411307],[106.3286419,21.4435255],[106.3291159,21.4451683],[106.3284707,21.4469512],[106.3262547,21.44816],[106.3249997,21.4481139],[106.3216062,21.4469786],[106.3189955,21.4469087],[106.3179677,21.4464096],[106.3169879,21.4445624],[106.3154345,21.4447503],[106.3146057,21.4457322],[106.3138419,21.4484128],[106.3129295,21.450064],[106.3113892,21.4516851],[106.3100895,21.4518346],[106.3049316,21.4490412],[106.3040771,21.4482236],[106.3039057,21.4469168],[106.3058184,21.4441666],[106.3061627,21.4433098],[106.3055401,21.4424332],[106.3044109,21.4424737],[106.3013795,21.4431602],[106.3003203,21.4442165],[106.2988868,21.4464931],[106.2979238,21.4464782],[106.2959878,21.4434317],[106.2951704,21.4431927],[106.2934175,21.4442739],[106.28873,21.448979],[106.2885574,21.4507927],[106.290013,21.4527072],[106.2905219,21.4543187],[106.2898374,21.4559588],[106.287505,21.455068],[106.2849448,21.4524585],[106.2837033,21.4521868],[106.2796143,21.4514266],[106.2764499,21.4510262],[106.2755655,21.4506592],[106.2735836,21.4490555],[106.2720421,21.4483604],[106.2683132,21.4474572],[106.2658382,21.447335],[106.2626196,21.4484708],[106.2596343,21.4493017],[106.2555678,21.4492249],[106.2549238,21.4498577],[106.2548009,21.451426],[106.2554616,21.4536897],[106.2565389,21.4563139],[106.2568781,21.4596168],[106.2562449,21.4604805],[106.2547097,21.4601559],[106.2536924,21.4595088],[106.2509939,21.4560922],[106.250335,21.4557472],[106.2470903,21.4553233],[106.2456698,21.4534],[106.245161,21.4498483],[106.2441954,21.4481906],[106.2445479,21.4468811],[106.2463191,21.4455132],[106.2469645,21.4444434],[106.2494858,21.4452274],[106.250137,21.4431491],[106.2531994,21.4383611],[106.2532571,21.4366844],[106.2557993,21.4346343],[106.2558948,21.4329043],[106.2579388,21.4319703],[106.2620567,21.4288599],[106.2646541,21.4284882],[106.26355,21.4247522],[106.2599168,21.4231925],[106.258751,21.4219665],[106.2588469,21.419473],[106.2585282,21.4181851],[106.2604954,21.4184224],[106.257626,21.4160439],[106.2569313,21.4143496],[106.2565283,21.412009],[106.2548521,21.4105036],[106.2527226,21.4104024],[106.2527056,21.409474],[106.2535671,21.4073095],[106.2471592,21.4062767],[106.2476525,21.4047155],[106.2466757,21.4046298],[106.2465461,21.4027002],[106.2458925,21.4019613]]]},"properties":{"@id":"relation/18763054","admin_level":"6","boundary":"administrative","name":"Xã Kép","name:lzh":"𠄳社","name:vi-Hani":"社𠄳","name:zh":"𠄳社","name:zh-Hans":"𠄳社","name:zh-Hant":"𠄳社","type":"boundary","wikidata":"Q2520959","wikipedia":"vi:Kép (thị trấn)"},"id":"relation/18763054"},
{"type":"Feature","geometry":{"type":"Polygon","coordinates":[[[106.2127845,21.1548551],[106.2185249,21.1545948],[106.2242757,21.1551341],[106.2260982,21.1557274],[106.2288442,21.1573433],[106.2310994,21.1592912],[106.2354006,21.1640829],[106.2376407,21.1661136],[106.2404746,21.1683168],[106.2426416,21.169691],[106.2479574,21.1716353],[106.247155,21.1736966],[106.2416408,21.1728598],[106.2408063,21.1757124],[106.2381807,21.1751322],[106.2376373,21.1765523],[106.2366609,21.1761595],[106.2351947,21.1789928],[106.2340713,21.1785609],[106.2332265,21.178851],[106.2330759,21.1808672],[106.2342824,21.1814652],[106.233949,21.1829899],[106.2329769,21.1830758],[106.2332376,21.1853737],[106.2404445,21.1862937],[106.2403237,21.1875236],[106.2417786,21.188487],[106.2418744,21.1900295],[106.2436531,21.1901881],[106.2438906,21.1929067],[106.2489114,21.1944079],[106.2516074,21.1942258],[106.2531895,21.1965045],[106.2537118,21.1991958],[106.2527969,21.1993419],[106.251389,21.2004497],[106.251693,21.2012766],[106.2496776,21.2026756],[106.250548,21.2050959],[106.2507052,21.2064937],[106.2522564,21.2095237],[106.2520881,21.2115488],[106.2526733,21.2127294],[106.252585,21.2139323],[106.2531385,21.2153668],[106.2528522,21.2182058],[106.2521344,21.2199243],[106.2524755,21.2208367],[106.2519708,21.2228961],[106.2494303,21.2216489],[106.2478449,21.2221249],[106.2451512,21.223566],[106.2442726,21.2250686],[106.2451353,21.2325409],[106.2452526,21.2355189],[106.2449902,21.2370708],[106.2430922,21.2410184],[106.2424355,21.2431632],[106.2414708,21.2447006],[106.2396323,21.2460302],[106.2367572,21.2465059],[106.2323115,21.2465595],[106.2306636,21.2462475],[106.2292521,21.2447202],[106.2296107,21.2407954],[106.2295004,21.2398206],[106.2286471,21.2383569],[106.2270991,21.2373383],[106.2242606,21.2365913],[106.2220972,21.236391],[106.2174746,21.2367368],[106.2148195,21.2362742],[106.2136367,21.2364821],[106.2110714,21.2378401],[106.2106044,21.2372459],[106.212396,21.235216],[106.2142286,21.2295264],[106.212979,21.2287096],[106.2125645,21.2271075],[106.2107819,21.2272442],[106.2107267,21.2217998],[106.2093613,21.2199871],[106.2078279,21.2200855],[106.2065578,21.2166694],[106.2061621,21.2135156],[106.2047999,21.2128154],[106.2046845,21.211854],[106.2038236,21.2110424],[106.2023845,21.2105669],[106.1983747,21.2052763],[106.1950823,21.2078072],[106.194101,21.2069621],[106.1915459,21.2079281],[106.188086,21.2112705],[106.1843001,21.2122744],[106.1828895,21.2105867],[106.1807852,21.2108136],[106.1794108,21.2122418],[106.1793914,21.213117],[106.1773222,21.2145646],[106.1771344,21.2160773],[106.1764236,21.216894],[106.1748252,21.2168837],[106.1715021,21.2184056],[106.1704781,21.2196523],[106.1690936,21.2206814],[106.1683614,21.2225686],[106.1672742,21.2224606],[106.1660793,21.2217402],[106.1649581,21.2225611],[106.164716,21.2233542],[106.1634547,21.2243027],[106.1617518,21.22372],[106.1603869,21.2242695],[106.1586188,21.223712],[106.1556211,21.2243888],[106.1538774,21.2239517],[106.152386,21.2253913],[106.1523017,21.2221239],[106.1517732,21.2198435],[106.1520341,21.2171372],[106.1512532,21.2151624],[106.1513207,21.2129336],[106.1506122,21.2107174],[106.1528545,21.2085477],[106.1543778,21.2065379],[106.1610237,21.1960395],[106.1649884,21.1914727],[106.1660306,21.1898896],[106.1683627,21.1855167],[106.1700822,21.1822704],[106.1713488,21.180831],[106.1730361,21.1796699],[106.1743755,21.1792122],[106.1777357,21.1774115],[106.1806192,21.1763673],[106.1822,21.1761841],[106.1855027,21.1763755],[106.1866947,21.1774445],[106.1871486,21.1791718],[106.1877709,21.1801619],[106.1899023,21.1814925],[106.1913337,21.1818296],[106.1958931,21.1821537],[106.1987784,21.1815777],[106.2046729,21.1785527],[106.2086307,21.1769266],[106.2105621,21.1763516],[106.2133247,21.1760765],[106.2177961,21.1768606],[106.2190726,21.1767825],[106.220808,21.1759477],[106.2216507,21.1747676],[106.2217687,21.1733482],[106.221001,21.1719303],[106.2182089,21.1694306],[106.2167063,21.167844],[106.2138237,21.1638735],[106.2093943,21.1595884],[106.208025,21.1578253],[106.2074996,21.1566029],[106.2086988,21.1551262],[106.2127845,21.1548551]]]},"properties":{"@id":"relation/18763210","admin_level":"6","boundary":"administrative","name":"Phường Yên Dũng","name:lzh":"安勇社","name:vi-Hani":"社安勇","name:zh":"安勇社","name:zh-Hans":"安勇社","name:zh-Hant":"安勇社","type":"boundary","wikidata":"Q134980576","wikipedia":"vi:Yên Dũng (phường)"},"id":"relation/18763210"},
{"type":"Feature","geometry":{"type":"Polygon","coordinates":[[[106.2479574,21.1716353],[106.2518762,21.1714295],[106.2544105,21.1705995],[106.2566232,21.1680707],[106.2581068,21.165181],[106.2580363,21.1634543],[106.2560007,21.160486],[106.2556818,21.1591014],[106.2560255,21.1534984],[106.2567905,21.1515037],[106.257676,21.150555],[106.2595693,21.1499129],[106.2622113,21.1486632],[106.2659277,21.1457044],[106.2673644,21.143914],[106.2688238,21.1446909],[106.2698593,21.1442092],[106.2720051,21.1444123],[106.2702245,21.1475541],[106.268567,21.149641],[106.2713059,21.1512021],[106.2726856,21.1524978],[106.2724988,21.1531512],[106.2739675,21.1538968],[106.2735121,21.1548898],[106.2747335,21.1553656],[106.2748696,21.1563071],[106.2739103,21.1577204],[106.27284,21.1612627],[106.2737608,21.1611222],[106.27379,21.1643741],[106.2754548,21.1644673],[106.2746561,21.1673451],[106.2788924,21.1679572],[106.2800213,21.1698935],[106.2788137,21.1724294],[106.278317,21.1748701],[106.2747452,21.1766545],[106.2769163,21.1789954],[106.2766767,21.1802162],[106.2757056,21.1813878],[106.2730763,21.1819751],[106.2730087,21.1826159],[106.2746319,21.1844383],[106.2739729,21.1852161],[106.2758011,21.1884158],[106.2757385,21.189263],[106.278517,21.1881029],[106.2822065,21.1920454],[106.2842086,21.1903699],[106.2854698,21.1918425],[106.287859,21.1898768],[106.2915228,21.1856535],[106.2955595,21.1877859],[106.2963334,21.1873715],[106.2988268,21.19315],[106.2996186,21.1947123],[106.3018174,21.1978821],[106.3033778,21.1972209],[106.3037417,21.1986351],[106.3045373,21.1997128],[106.3044351,21.2025031],[106.3006092,21.2028057],[106.3004928,21.2046799],[106.2991565,21.2055201],[106.2984833,21.2043964],[106.296864,21.2035],[106.2946802,21.2033455],[106.2906891,21.2042427],[106.2855335,21.2064045],[106.2812454,21.2087061],[106.2773108,21.2117363],[106.2740941,21.2137418],[106.271014,21.216511],[106.2697422,21.218324],[106.2683723,21.2213944],[106.2683797,21.2230998],[106.269472,21.225431],[106.2696,21.2265838],[106.2679403,21.2281177],[106.2664762,21.2284701],[106.2642669,21.2282726],[106.2619559,21.2275013],[106.2563582,21.224631],[106.2530926,21.2234954],[106.2519708,21.2228961],[106.2524755,21.2208367],[106.2521344,21.2199243],[106.2528522,21.2182058],[106.2531385,21.2153668],[106.252585,21.2139323],[106.2526733,21.2127294],[106.2520881,21.2115488],[106.2522564,21.2095237],[106.2507052,21.2064937],[106.250548,21.2050959],[106.2496776,21.2026756],[106.251693,21.2012766],[106.251389,21.2004497],[106.2527969,21.1993419],[106.2537118,21.1991958],[106.2531895,21.1965045],[106.2516074,21.1942258],[106.2489114,21.1944079],[106.2438906,21.1929067],[106.2436531,21.1901881],[106.2418744,21.1900295],[106.2417786,21.188487],[106.2403237,21.1875236],[106.2404445,21.1862937],[106.2332376,21.1853737],[106.2329769,21.1830758],[106.233949,21.1829899],[106.2342824,21.1814652],[106.2330759,21.1808672],[106.2332265,21.178851],[106.2340713,21.1785609],[106.2351947,21.1789928],[106.2366609,21.1761595],[106.2376373,21.1765523],[106.2381807,21.1751322],[106.2408063,21.1757124],[106.2416408,21.1728598],[106.247155,21.1736966],[106.2479574,21.1716353]]]},"properties":{"@id":"relation/18787162","admin_level":"6","boundary":"administrative","name":"Phường Cảnh Thụy","name:lzh":"境瑞坊","name:vi-Hani":"坊境瑞","name:zh":"境瑞坊","name:zh-Hans":"境瑞坊","name:zh-Hant":"境瑞坊","population":"26928","population:date":"2025-07-01","source:population":"gis.vn","type":"boundary","wikidata":"Q2730280","wikipedia":"vi:Cảnh Thụy"},"id":"relation/18787162"},
{"type":"Feature","geometry":{"type":"Polygon","coordinates":[[[106.1482345,21.4384522],[106.1470476,21.4377328],[106.145305,21.4353188],[106.1447434,21.4338738],[106.1432162,21.4341077],[106.1425425,21.433068],[106.1339518,21.4321628],[106.1318084,21.4279828],[106.1324686,21.4265351],[106.1317126,21.4254621],[106.1307769,21.4251587],[106.1304074,21.41598],[106.1288388,21.4129381],[106.1285312,21.4090803],[106.1289588,21.4074963],[106.1322136,21.4060387],[106.1330396,21.4071057],[106.1342163,21.4077136],[106.1360987,21.40755],[106.1422517,21.4038207],[106.1436502,21.4022859],[106.1442019,21.3976754],[106.1440005,21.396166],[106.1443571,21.3940373],[106.1454217,21.3918785],[106.147456,21.39002],[106.146424,21.3883314],[106.1465297,21.3851769],[106.1493083,21.3848509],[106.1496675,21.3839986],[106.1533378,21.3828646],[106.1537593,21.3812424],[106.1547172,21.3799964],[106.1559994,21.3793908],[106.1561425,21.3786698],[106.154511,21.3749568],[106.1546074,21.3733572],[106.1531386,21.3722967],[106.1521466,21.372549],[106.1511649,21.3717532],[106.1506741,21.3690243],[106.1501298,21.3679643],[106.1503806,21.3661469],[106.1521769,21.3608031],[106.1552248,21.35659],[106.1585228,21.3553886],[106.161865,21.3526695],[106.162844,21.3540318],[106.1641032,21.3534631],[106.1710691,21.3521549],[106.1724226,21.3532406],[106.17493,21.3521742],[106.1754925,21.3491008],[106.1745969,21.345746],[106.1747936,21.3446775],[106.1738796,21.3442495],[106.1734022,21.341964],[106.1745951,21.3417772],[106.1753279,21.3427682],[106.1761509,21.3419585],[106.1779441,21.3414375],[106.1790262,21.3402],[106.1815743,21.3388165],[106.1825676,21.3378178],[106.1831423,21.3365265],[106.1847933,21.3356064],[106.1860794,21.33585],[106.1885038,21.3353991],[106.1898002,21.3347807],[106.1910927,21.336971],[106.1933391,21.343043],[106.1935239,21.3446641],[106.1927603,21.3490434],[106.192486,21.3540181],[106.192757,21.356138],[106.1923302,21.3569931],[106.1912423,21.3571864],[106.1894214,21.3567827],[106.1886881,21.3576708],[106.1885193,21.3608271],[106.1880616,21.3628941],[106.1870764,21.3633573],[106.1835428,21.3621013],[106.1818138,21.3616889],[106.1801143,21.3620437],[106.1797,21.3629425],[106.1804653,21.3651215],[106.1816097,21.3668242],[106.1847372,21.3706558],[106.1860354,21.3731736],[106.1857242,21.3741977],[106.1849035,21.3744574],[106.1816855,21.3740254],[106.1799682,21.3750169],[106.1783997,21.3767851],[106.1768676,21.3796426],[106.1764585,21.3829392],[106.1759271,21.3841101],[106.1740674,21.3862262],[106.1738088,21.3872114],[106.1739059,21.3899174],[106.1735309,21.3927496],[106.1729569,21.3947076],[106.1719323,21.3956965],[106.1709077,21.3959363],[106.168778,21.3950172],[106.1673735,21.3958553],[106.1677623,21.3994265],[106.1675067,21.4021895],[106.1663561,21.4053049],[106.1665035,21.4060402],[106.1676121,21.4066295],[106.1693065,21.4069564],[106.1699221,21.4079013],[106.168727,21.411754],[106.168836,21.4143332],[106.1704064,21.4169158],[106.1713798,21.4179663],[106.1737401,21.4195743],[106.1777289,21.4226889],[106.1769819,21.4231689],[106.1740392,21.4231504],[106.1714403,21.4240432],[106.1692958,21.424779],[106.1681505,21.4257459],[106.1679919,21.4267745],[106.1665277,21.4275955],[106.1658715,21.4285374],[106.1645466,21.4280518],[106.1646908,21.4308257],[106.1635724,21.4317598],[106.1638225,21.4329144],[106.16304,21.4345786],[106.1612718,21.4350736],[106.1613409,21.4362343],[106.1607801,21.4374121],[106.158555,21.4392926],[106.1574307,21.4385409],[106.1569274,21.4390938],[106.1546723,21.43926],[106.1543369,21.4381322],[106.1512557,21.4377509],[106.1504578,21.4369229],[106.1489862,21.4372035],[106.1482345,21.4384522]]]},"properties":{"@id":"relation/18787303","admin_level":"6","boundary":"administrative","name":"Xã Phúc Hòa","name:lzh":"福和社","name:vi-Hani":"社福和","name:zh":"福和社","name:zh-Hans":"福和社","name:zh-Hant":"福和社","type":"boundary","wikidata":"Q1972190","wikipedia":"vi:Phúc Hòa, Tân Yên"},"id":"relation/18787303"},
{"type":"Feature","geometry":{"type":"Polygon","coordinates":[[[106.2524377,21.2746094],[106.2521904,21.2723526],[106.2515902,21.271342],[106.2524067,21.2706207],[106.2526129,21.269468],[106.2505576,21.2670726],[106.2520215,21.2640166],[106.2521886,21.2619941],[106.2531295,21.261069],[106.2545991,21.2607338],[106.253569,21.2582544],[106.2563899,21.2578154],[106.2555774,21.2562968],[106.2549286,21.2530148],[106.2599545,21.2536794],[106.2609738,21.2545106],[106.2633663,21.2542467],[106.2637424,21.2525695],[106.2653463,21.2526279],[106.2652177,21.2509893],[106.2673626,21.2497655],[106.2711509,21.2489398],[106.2715767,21.2504091],[106.2725475,21.2494756],[106.2731507,21.2502803],[106.2758716,21.2504731],[106.2761353,21.2513562],[106.2772356,21.2525013],[106.2791439,21.2521293],[106.2796964,21.2512138],[106.2808116,21.2518598],[106.2831277,21.2487327],[106.2819669,21.2480704],[106.2850292,21.2440166],[106.281382,21.2391923],[106.2785731,21.2331118],[106.2767795,21.2337575],[106.2763378,21.2323508],[106.2715309,21.23465],[106.2695662,21.2293797],[106.2687133,21.2295597],[106.2679403,21.2281177],[106.2696,21.2265838],[106.269472,21.225431],[106.2683797,21.2230998],[106.2683723,21.2213944],[106.2697422,21.218324],[106.271014,21.216511],[106.2740941,21.2137418],[106.2773108,21.2117363],[106.2812454,21.2087061],[106.2855335,21.2064045],[106.2906891,21.2042427],[106.2946802,21.2033455],[106.296864,21.2035],[106.2984833,21.2043964],[106.2991565,21.2055201],[106.2991322,21.2076578],[106.2980413,21.2093147],[106.2965715,21.2108827],[106.2949556,21.2119954],[106.2950356,21.2132128],[106.2972038,21.2139739],[106.2987664,21.2154046],[106.3006131,21.2176024],[106.302142,21.2183078],[106.3046112,21.2182019],[106.3070764,21.2175152],[106.3082734,21.2168674],[106.3095627,21.2156276],[106.3104809,21.2136567],[106.3111798,21.2105579],[106.3113026,21.2075049],[106.3107672,21.2027342],[106.3112219,21.1994355],[106.312521,21.1964099],[106.3135593,21.1929443],[106.3164084,21.1929745],[106.3250867,21.1924875],[106.3300038,21.1939715],[106.3319766,21.1944211],[106.3340189,21.1952002],[106.3372711,21.1968949],[106.337728,21.1986756],[106.3337225,21.2006592],[106.3321608,21.2017419],[106.3310892,21.2029035],[106.3301014,21.2046879],[106.3290932,21.2081573],[106.3275022,21.2128883],[106.326896,21.2159032],[106.326848,21.2209934],[106.3269741,21.2236401],[106.3274503,21.2286918],[106.3274551,21.2330114],[106.3262787,21.2333692],[106.3257675,21.2356366],[106.3242726,21.2360801],[106.3230801,21.2387129],[106.3218193,21.2390257],[106.319831,21.238208],[106.3197109,21.2369442],[106.3178884,21.2368944],[106.3178447,21.2388781],[106.3172403,21.2408116],[106.3179597,21.2415126],[106.3190901,21.2400945],[106.3203779,21.2400013],[106.3202337,21.2437095],[106.3196254,21.2444017],[106.3175109,21.2455353],[106.3156353,21.2472263],[106.3100747,21.2452597],[106.3092168,21.246726],[106.3063657,21.2465102],[106.3058879,21.2480665],[106.3065849,21.2506764],[106.3085245,21.2529285],[106.3063562,21.2559904],[106.3060856,21.2571248],[106.3048945,21.2578786],[106.3042215,21.2572813],[106.3045339,21.2559522],[106.30344,21.255948],[106.3015001,21.2552778],[106.2996009,21.2550793],[106.2986522,21.2579303],[106.2998326,21.2589155],[106.3000213,21.2599452],[106.299458,21.2609551],[106.3006238,21.2615186],[106.3000796,21.2629856],[106.3023897,21.2653811],[106.3024332,21.2676955],[106.3027646,21.2699337],[106.3039454,21.2711992],[106.3047007,21.2725889],[106.3042093,21.2740299],[106.3020541,21.2773179],[106.3017227,21.2794797],[106.3022097,21.2804333],[106.3016536,21.2826214],[106.3003071,21.2836698],[106.2996973,21.2854606],[106.296408,21.2860435],[106.2912045,21.2856079],[106.2885448,21.2855989],[106.2872993,21.2875506],[106.2864193,21.2859143],[106.2841867,21.2829782],[106.283117,21.2822049],[106.2837124,21.2808993],[106.2815732,21.2809908],[106.280274,21.2806322],[106.2755425,21.2815579],[106.2741792,21.2813959],[106.2729147,21.2788422],[106.274575,21.2779834],[106.2747301,21.2764007],[106.2754473,21.275605],[106.2751422,21.2727209],[106.2737177,21.2718361],[106.2704311,21.2737654],[106.269275,21.2757401],[106.2675094,21.277836],[106.2652908,21.2789825],[106.2636333,21.2794802],[106.2622222,21.2783889],[106.2599601,21.2770776],[106.2576868,21.2760824],[106.2550138,21.2764185],[106.2546911,21.2741331],[106.2524377,21.2746094]]]},"properties":{"@id":"relation/18787338","admin_level":"6","boundary":"administrative","name":"Phường Tân An","name:lzh":"新安坊","name:vi-Hani":"坊新安","name:zh":"新安坊","name:zh-Hans":"新安坊","name:zh-Hant":"新安坊","type":"boundary","wikidata":"Q2126866","wikipedia":"vi:Tân An, thành phố Bắc Giang"},"id":"relation/18787338"},
{"type":"Feature","geometry":{"type":"Polygon","coordinates":[[[106.1006588,21.3294518],[106.0982731,21.3331042],[106.0960332,21.335987],[106.0951606,21.338126],[106.0951465,21.3397255],[106.0956199,21.3419831],[106.0955705,21.3437142],[106.0944115,21.3464983],[106.0925819,21.348093],[106.0935322,21.3490584],[106.0998418,21.3527388],[106.1005655,21.3545411],[106.1026145,21.3550321],[106.1036339,21.3571125],[106.1020085,21.3580011],[106.1015279,21.3595148],[106.1026728,21.3605745],[106.101959,21.3622659],[106.1006029,21.3630993],[106.1004068,21.3637864],[106.1017984,21.3662132],[106.1026169,21.3664337],[106.1015657,21.368269],[106.103183,21.3695014],[106.1040799,21.3694012],[106.1052501,21.3700477],[106.1037636,21.3720928],[106.1044274,21.373571],[106.1034875,21.3755862],[106.1037766,21.3766327],[106.103299,21.3784551],[106.0988038,21.3808647],[106.097603,21.3835965],[106.0948632,21.3847717],[106.0944871,21.3856504],[106.0928943,21.3854943],[106.0910184,21.3859526],[106.0882271,21.3871415],[106.088134,21.3885762],[106.083784,21.3882442],[106.0837432,21.3896835],[106.0831909,21.3902611],[106.0822504,21.3906881],[106.0782492,21.389536],[106.076703,21.3910068],[106.071274,21.3918394],[106.0670236,21.3898017],[106.0654615,21.3902463],[106.0636468,21.3892589],[106.0576879,21.3904953],[106.0571483,21.3920341],[106.0525427,21.3925263],[106.0480918,21.3923131],[106.0395662,21.3948346],[106.0392133,21.3954039],[106.0365767,21.3968528],[106.0358867,21.39833],[106.0293739,21.3941249],[106.0277564,21.3941274],[106.0259913,21.3946741],[106.0228541,21.3944924],[106.0200687,21.3955399],[106.0197409,21.3964874],[106.0197007,21.3997197],[106.0176586,21.4028638],[106.0153568,21.4033635],[106.013188,21.4027404],[106.0139893,21.3994093],[106.0123747,21.3973763],[106.0126163,21.3953165],[106.0131858,21.3946353],[106.0127438,21.3925035],[106.0116752,21.392249],[106.0125225,21.390719],[106.013013,21.3874571],[106.0151039,21.3874733],[106.0156282,21.3863294],[106.0169545,21.3857462],[106.0186916,21.3867643],[106.0215591,21.3877192],[106.0230184,21.3875862],[106.0233534,21.3890013],[106.0249818,21.3881917],[106.025648,21.3884026],[106.0263151,21.3871581],[106.0262146,21.3859208],[106.0277215,21.3857298],[106.0268803,21.3845714],[106.0301586,21.3837038],[106.030512,21.3824237],[106.029653,21.3815949],[106.0298082,21.3798949],[106.0268554,21.3806292],[106.0254507,21.3800726],[106.0244525,21.3806411],[106.0224911,21.380311],[106.0201528,21.3781344],[106.0186163,21.3817036],[106.0172046,21.3802279],[106.0158729,21.3807687],[106.0131989,21.380504],[106.0108716,21.3792876],[106.0080908,21.3782285],[106.0067961,21.3772759],[106.0064234,21.3748066],[106.0059773,21.3737156],[106.0060494,21.3723124],[106.0068008,21.3702621],[106.0067988,21.3691349],[106.0077659,21.3670195],[106.0098914,21.3660127],[106.011536,21.3640834],[106.0141161,21.362035],[106.0147084,21.3591588],[106.0179349,21.3596049],[106.019614,21.3605425],[106.020505,21.3605552],[106.0214403,21.359504],[106.0259165,21.3613969],[106.0267583,21.3593487],[106.0270659,21.3574297],[106.0280599,21.3575786],[106.0316099,21.3543727],[106.0319718,21.3536251],[106.0305897,21.3523038],[106.0325846,21.3512154],[106.0331031,21.3505603],[106.0334154,21.3489155],[106.0313038,21.3486321],[106.0321222,21.3463778],[106.0319501,21.3447324],[106.0330983,21.3434011],[106.0333488,21.3416258],[106.0325252,21.3405648],[106.0341217,21.3386933],[106.0357976,21.3376938],[106.0381256,21.337767],[106.0423468,21.3355421],[106.0526754,21.3360037],[106.0574598,21.3366317],[106.0570356,21.3376588],[106.0557878,21.3390373],[106.0565395,21.3402931],[106.0549274,21.3417524],[106.0556026,21.3426796],[106.0575191,21.3427058],[106.0595267,21.3419662],[106.0606405,21.3424255],[106.0639347,21.3417852],[106.066259,21.342122],[106.0672187,21.3411129],[106.0677176,21.3393829],[106.067173,21.3375494],[106.0662027,21.3363873],[106.0671506,21.3354645],[106.0678249,21.3337899],[106.0699345,21.3330133],[106.0719613,21.335762],[106.0758349,21.3373765],[106.0826569,21.3336679],[106.0841081,21.331974],[106.0854572,21.3319383],[106.0863978,21.329319],[106.087625,21.326861],[106.0893352,21.3282282],[106.0939216,21.3299402],[106.0940335,21.3318069],[106.0950551,21.3319471],[106.0959044,21.3275687],[106.0985364,21.3291672],[106.1006588,21.3294518]]]},"properties":{"@id":"relation/18787456","UArea":"51.26","admin_level":"6","boundary":"administrative","name":"Xã Ngọc Thiện","name:lzh":"玉善社","name:vi-Hani":"社玉善","name:zh":"玉善社","name:zh-Hans":"玉善社","name:zh-Hant":"玉善社","population":"56702","type":"boundary","wikidata":"Q2252775","wikipedia":"vi:Ngọc Thiện"},"id":"relation/18787456"},
{"type":"Feature","geometry":{"type":"Polygon","coordinates":[[[106.0785925,21.4489333],[106.0771182,21.450643],[106.0763614,21.4521082],[106.0738922,21.4535417],[106.0730494,21.4530783],[106.0721597,21.4534845],[106.0710654,21.456251],[106.0694469,21.4569137],[106.0682176,21.456629],[106.0634841,21.4593622],[106.0629007,21.4622413],[106.061901,21.46262],[106.0608355,21.4644004],[106.0598204,21.4645374],[106.0596308,21.4681612],[106.0583987,21.4693702],[106.056565,21.4692416],[106.0549778,21.4685921],[106.0516946,21.4667508],[106.0514065,21.4646055],[106.0520814,21.4618811],[106.0514684,21.4603951],[106.0507019,21.4568307],[106.0500491,21.4546696],[106.048555,21.4537237],[106.0491138,21.4519862],[106.0491125,21.4498276],[106.048571,21.4476936],[106.0481524,21.4419619],[106.047259,21.441016],[106.0453537,21.4405157],[106.04327,21.4404606],[106.0410078,21.4407949],[106.0402338,21.4406282],[106.0391441,21.4387717],[106.0381204,21.4380748],[106.0357796,21.4394291],[106.0318639,21.4379796],[106.0299766,21.436484],[106.0253764,21.4316891],[106.0275259,21.4285276],[106.0297528,21.4263283],[106.0302287,21.4250482],[106.030942,21.4201509],[106.031715,21.4163665],[106.0333345,21.4145586],[106.0340291,21.4081754],[106.03268,21.4078807],[106.0311277,21.4069525],[106.0300145,21.4049329],[106.0296799,21.4018201],[106.0272794,21.399169],[106.0274925,21.3969193],[106.0293739,21.3941249],[106.0358867,21.39833],[106.0365767,21.3968528],[106.0392133,21.3954039],[106.0395662,21.3948346],[106.0480918,21.3923131],[106.0525427,21.3925263],[106.0571483,21.3920341],[106.0576879,21.3904953],[106.0636468,21.3892589],[106.0654615,21.3902463],[106.0670236,21.3898017],[106.071274,21.3918394],[106.076703,21.3910068],[106.0763017,21.394353],[106.076602,21.3958603],[106.0756122,21.3958239],[106.0757335,21.3970429],[106.0750957,21.3984047],[106.0751554,21.3996704],[106.0734705,21.4021037],[106.0723305,21.4022766],[106.0719174,21.4041603],[106.0732566,21.4054104],[106.0719763,21.4059899],[106.070642,21.4084574],[106.0720956,21.4086688],[106.0723941,21.4104138],[106.0715993,21.4136666],[106.0719141,21.4152762],[106.0708205,21.416064],[106.0694219,21.4155259],[106.0703457,21.4174622],[106.0716824,21.4209358],[106.0733855,21.4223147],[106.0772213,21.4243903],[106.0782943,21.4253485],[106.0867017,21.4313021],[106.083199,21.4377677],[106.0820307,21.437167],[106.0793968,21.4383053],[106.0783695,21.43851],[106.0760368,21.4420893],[106.0773741,21.4437897],[106.0770943,21.4446551],[106.0789466,21.4458051],[106.0791371,21.4469903],[106.0785925,21.4489333]]]},"properties":{"@id":"relation/18787478","admin_level":"6","boundary":"administrative","name":"Xã Quang Trung","name:lzh":"光中社","name:vi-Hani":"社光中","name:zh":"光中社","name:zh-Hans":"光中社","name:zh-Hant":"光中社","type":"boundary","wikidata":"Q135152223","wikipedia":"vi:Quang Trung, Bắc Ninh"},"id":"relation/18787478"},
{"type":"Feature","geometry":{"type":"Polygon","coordinates":[[[106.1412254,21.2698942],[106.1413275,21.2689935],[106.1400676,21.2682547],[106.1388642,21.2668431],[106.1403648,21.2642705],[106.142007,21.2630831],[106.1413885,21.2619084],[106.1421824,21.2612382],[106.1408468,21.2603939],[106.1399969,21.2603939],[106.1374097,21.2591492],[106.1354376,21.2604672],[106.1280697,21.2634559],[106.1248665,21.2642131],[106.1243057,21.2631986],[106.1189113,21.2569017],[106.1173709,21.2574489],[106.1166411,21.2559111],[106.1108131,21.25754],[106.1088949,21.2553927],[106.1074834,21.2568193],[106.1044405,21.2554468],[106.1026275,21.2545984],[106.1016636,21.2537599],[106.1014915,21.2513504],[106.1000068,21.2515813],[106.0975457,21.2494964],[106.0924957,21.248715],[106.0921178,21.2473676],[106.0935084,21.2452488],[106.092582,21.243224],[106.0919877,21.2404002],[106.0937496,21.2400941],[106.0947411,21.2389562],[106.0945758,21.2352958],[106.0963544,21.2309236],[106.0953885,21.22874],[106.095634,21.2231574],[106.0961597,21.2218793],[106.0950624,21.2211218],[106.0913498,21.2197547],[106.0907115,21.2176865],[106.0909839,21.2165534],[106.088421,21.2159544],[106.0869262,21.2153342],[106.0873815,21.2142634],[106.0870684,21.2129328],[106.0857079,21.2103092],[106.0860241,21.2079905],[106.0880579,21.2063015],[106.0900711,21.2052942],[106.0930836,21.2041956],[106.1016077,21.2023366],[106.1053496,21.2018119],[106.1129464,21.2010062],[106.11503,21.2005474],[106.1174752,21.1995999],[106.1199034,21.1982091],[106.1219678,21.1980979],[106.1235371,21.1988947],[106.1243168,21.2000434],[106.1248263,21.2017794],[106.1244536,21.2074609],[106.1252716,21.2108068],[106.1263953,21.212597],[106.1283623,21.2145552],[106.1304028,21.2158612],[106.1326952,21.2166696],[106.1349376,21.2166974],[106.1471787,21.2127453],[106.1492361,21.2117497],[106.1506122,21.2107174],[106.1513207,21.2129336],[106.1512532,21.2151624],[106.1520341,21.2171372],[106.1517732,21.2198435],[106.1523017,21.2221239],[106.152386,21.2253913],[106.1515895,21.2269158],[106.1495976,21.2282982],[106.1487413,21.2296516],[106.1458405,21.2299785],[106.1442958,21.2324131],[106.1419207,21.2331072],[106.1425307,21.2358612],[106.1427656,21.2395294],[106.1421419,21.2398188],[106.142829,21.2445657],[106.1435434,21.2476821],[106.1452723,21.248776],[106.146683,21.249123],[106.1484051,21.2490996],[106.1512056,21.2480761],[106.1529435,21.246932],[106.1543944,21.2429675],[106.1549324,21.2427178],[106.1565499,21.2433372],[106.157421,21.244284],[106.160983,21.247219],[106.16544,21.251451],[106.1663455,21.252135],[106.1617841,21.2558539],[106.1621437,21.2572523],[106.1615974,21.258095],[106.1599437,21.2605404],[106.1581237,21.263779],[106.1559502,21.2655873],[106.1551925,21.2648303],[106.1537137,21.2650254],[106.1533016,21.2659312],[106.1507741,21.2674663],[106.1497075,21.2677427],[106.1479679,21.2705231],[106.1435306,21.270541],[106.1412254,21.2698942]]]},"properties":{"@id":"relation/18787504","admin_level":"6","boundary":"administrative","name":"Phường Nếnh","name:lzh":"儜坊","name:vi-Hani":"坊儜","name:zh":"儜坊","name:zh-Hans":"儜坊","name:zh-Hant":"儜坊","population":"55559","population:date":"2025-07-01","source:population":"gis.vn","type":"boundary","wikidata":"Q2133522","wikipedia":"vi:Nếnh"},"id":"relation/18787504"},
{"type":"Feature","geometry":{"type":"Polygon","coordinates":[[[106.0341217,21.3386933],[106.0330685,21.3370235],[106.0337175,21.3361297],[106.032091,21.3354206],[106.032283,21.3339268],[106.0293732,21.3334894],[106.0299278,21.3322386],[106.0256494,21.3283756],[106.0252663,21.3270407],[106.0255456,21.3252372],[106.0247144,21.3244722],[106.0237854,21.3215426],[106.0251593,21.3201076],[106.0253645,21.3172639],[106.0270191,21.3166922],[106.029301,21.3116118],[106.0275572,21.3097446],[106.0274887,21.3080944],[106.0285222,21.3071093],[106.0281156,21.3055069],[106.0283788,21.3046917],[106.02687,21.2991705],[106.0281857,21.297533],[106.0263593,21.296247],[106.0277408,21.2954806],[106.03037,21.2928378],[106.0291935,21.290925],[106.0307876,21.2897102],[106.0297461,21.2885086],[106.0298824,21.285585],[106.0308375,21.2854532],[106.0311738,21.2829011],[106.0317543,21.282548],[106.0337876,21.2829348],[106.0353832,21.2823389],[106.0365992,21.282721],[106.0393894,21.2789486],[106.0479329,21.2756611],[106.0470904,21.2736845],[106.0480692,21.272222],[106.0489997,21.2716414],[106.052351,21.2705797],[106.0558503,21.2709553],[106.0584719,21.2714601],[106.0609309,21.2734196],[106.0609119,21.2750898],[106.0618932,21.2774468],[106.0640641,21.2804379],[106.0640485,21.2827572],[106.0632862,21.2846319],[106.0652179,21.2852018],[106.0664427,21.2850184],[106.0671911,21.2865899],[106.0729719,21.2843969],[106.0738365,21.2823992],[106.0754024,21.2824348],[106.0771701,21.2809047],[106.0789957,21.2812586],[106.079854,21.283528],[106.0816565,21.2839978],[106.0831692,21.2851275],[106.0848107,21.2852774],[106.0869351,21.2860172],[106.0883512,21.2862071],[106.0893919,21.2886064],[106.090379,21.2889963],[106.0917844,21.2904358],[106.0928895,21.2910556],[106.0939946,21.292665],[106.0956576,21.2931848],[106.0979467,21.2933747],[106.0991698,21.292775],[106.1001569,21.2935947],[106.0996775,21.2958334],[106.0990876,21.2961984],[106.0964074,21.2954113],[106.0959451,21.2961586],[106.0958133,21.2979435],[106.09653,21.298734],[106.0980519,21.2990863],[106.0987882,21.3007782],[106.0958943,21.3016257],[106.0956367,21.3026207],[106.0943896,21.3034284],[106.0938751,21.3050478],[106.0930864,21.3054397],[106.0920021,21.305044],[106.0909617,21.3055166],[106.0901414,21.3050041],[106.0893298,21.3058793],[106.0869921,21.3071536],[106.0867951,21.3046259],[106.0853453,21.3035329],[106.084349,21.3036571],[106.0832846,21.3047178],[106.0823005,21.3092463],[106.0830369,21.3098372],[106.082953,21.310824],[106.0851242,21.312461],[106.0853373,21.313778],[106.0841805,21.3153629],[106.0848279,21.3179178],[106.0844335,21.3188445],[106.0851139,21.321004],[106.0866363,21.3216566],[106.0857023,21.3233097],[106.0864122,21.324319],[106.0860292,21.3254936],[106.0874022,21.3259982],[106.087625,21.326861],[106.0863978,21.329319],[106.0854572,21.3319383],[106.0841081,21.331974],[106.0826569,21.3336679],[106.0758349,21.3373765],[106.0719613,21.335762],[106.0699345,21.3330133],[106.0678249,21.3337899],[106.0671506,21.3354645],[106.0662027,21.3363873],[106.067173,21.3375494],[106.0677176,21.3393829],[106.0672187,21.3411129],[106.066259,21.342122],[106.0639347,21.3417852],[106.0606405,21.3424255],[106.0595267,21.3419662],[106.0575191,21.3427058],[106.0556026,21.3426796],[106.0549274,21.3417524],[106.0565395,21.3402931],[106.0557878,21.3390373],[106.0570356,21.3376588],[106.0574598,21.3366317],[106.0526754,21.3360037],[106.0423468,21.3355421],[106.0381256,21.337767],[106.0357976,21.3376938],[106.0341217,21.3386933]]]},"properties":{"@id":"relation/18788173","admin_level":"6","boundary":"administrative","name":"Phường Tự Lạn","name:lzh":"寺爛坊","name:vi-Hani":"坊寺爛","name:zh":"寺爛坊","name:zh-Hans":"寺烂坊","name:zh-Hant":"寺爛坊","population":"45470","population:date":"2025-07-01","source:population":"gis.vn","type":"boundary","wikidata":"Q1947883","wikipedia":"vi:Tự Lạn"},"id":"relation/18788173"},
{"type":"Feature","geometry":{"type":"Polygon","coordinates":[[[106.098611,21.4623459],[106.0976548,21.4637744],[106.0967428,21.4636826],[106.0966274,21.4657568],[106.0955437,21.4673344],[106.0963625,21.4695549],[106.0958475,21.4710326],[106.0948605,21.4721509],[106.0957402,21.4743274],[106.0952467,21.4753258],[106.0952467,21.4772826],[106.0940236,21.4781612],[106.093573,21.4794192],[106.0957617,21.4835524],[106.0966482,21.4881622],[106.0984532,21.488296],[106.0997027,21.4895715],[106.1008103,21.4941942],[106.0981066,21.4975284],[106.0976775,21.5008625],[106.098407,21.5052147],[106.099673,21.5068916],[106.1012394,21.5097065],[106.1008961,21.5120821],[106.1044366,21.5151264],[106.1091788,21.5116429],[106.1106594,21.5117227],[106.1150701,21.507177],[106.1179842,21.509697],[106.1206461,21.5094363],[106.1213746,21.5080633],[106.1222188,21.5086907],[106.1206782,21.5124256],[106.1224424,21.5130435],[106.125728,21.5104984],[106.1262798,21.5113343],[106.12582,21.5125124],[106.1241505,21.5139669],[106.1246032,21.5156254],[106.1234855,21.5176063],[106.1204186,21.519956],[106.1201922,21.5227007],[106.1189328,21.5222531],[106.1184163,21.5230364],[106.1197606,21.5235892],[106.1203762,21.5247213],[106.1196616,21.5251031],[106.1169234,21.5244646],[106.116513,21.5235761],[106.1155649,21.5232799],[106.1147937,21.5255638],[106.1128622,21.5254256],[106.1107466,21.526222],[106.1129329,21.5277358],[106.1133433,21.5295721],[106.1118433,21.5308753],[106.1120131,21.531823],[106.1099542,21.533192],[106.1107325,21.535614],[106.1100108,21.5369039],[106.1091901,21.5366801],[106.1088292,21.5356666],[106.1073363,21.5362524],[106.1059402,21.5361229],[106.1040651,21.5370115],[106.103959,21.5383608],[106.1025933,21.5374788],[106.1008809,21.5383015],[106.0992393,21.5397956],[106.1020131,21.541158],[106.0998337,21.5429482],[106.0987369,21.5423888],[106.0995082,21.5407499],[106.0986662,21.5402497],[106.0962462,21.5404209],[106.0960481,21.5424085],[106.0952414,21.5421453],[106.0916398,21.5424743],[106.0906775,21.5433234],[106.0916257,21.544462],[106.0903378,21.5453636],[106.0884769,21.5459362],[106.0864461,21.5479699],[106.086814,21.5502734],[106.0853912,21.5507038],[106.0846507,21.5530033],[106.0824834,21.5532627],[106.0817753,21.5518557],[106.0794365,21.5505784],[106.0782777,21.5517061],[106.0773765,21.5517959],[106.0755204,21.5511872],[106.075338,21.5527937],[106.0728919,21.5537916],[106.072291,21.5528336],[106.071976,21.5509756],[106.071346,21.5500539],[106.0702701,21.5496852],[106.0695481,21.5478813],[106.0659522,21.541969],[106.0618541,21.5414753],[106.0543225,21.5416948],[106.0525448,21.542193],[106.0521729,21.5403017],[106.0537703,21.5392082],[106.0538091,21.5386264],[106.0527379,21.536871],[106.0512002,21.5337368],[106.0506663,21.5332524],[106.0491875,21.5333496],[106.0474942,21.5305213],[106.0470945,21.529123],[106.045834,21.5264991],[106.0454143,21.524019],[106.0438897,21.5213008],[106.0440903,21.5184489],[106.0419241,21.5170065],[106.0411221,21.5161659],[106.0420065,21.514349],[106.0447181,21.5138741],[106.0449837,21.513182],[106.0445102,21.510983],[106.0455462,21.508492],[106.0449647,21.5056152],[106.0438432,21.5040041],[106.0433658,21.5022016],[106.0428977,21.499013],[106.0422226,21.4974801],[106.0403737,21.4953613],[106.0395003,21.4936815],[106.038409,21.4924891],[106.0375674,21.4902689],[106.0397704,21.4881537],[106.0400082,21.4867624],[106.0409526,21.4865904],[106.0440539,21.4849626],[106.0455051,21.4839637],[106.0481463,21.481472],[106.0490907,21.4798939],[106.0485745,21.4780395],[106.0474803,21.4767674],[106.0440449,21.4736927],[106.0419697,21.4738941],[106.0409012,21.4731873],[106.0403919,21.4712923],[106.0423908,21.4664201],[106.0440536,21.4638116],[106.0470512,21.4629851],[106.0482235,21.4611335],[106.0506372,21.461051],[106.0514684,21.4603951],[106.0520814,21.4618811],[106.0514065,21.4646055],[106.0516946,21.4667508],[106.0549778,21.4685921],[106.056565,21.4692416],[106.0583987,21.4693702],[106.0596308,21.4681612],[106.0598204,21.4645374],[106.0608355,21.4644004],[106.061901,21.46262],[106.0629007,21.4622413],[106.0634841,21.4593622],[106.0682176,21.456629],[106.0694469,21.4569137],[106.0710654,21.456251],[106.0721597,21.4534845],[106.0730494,21.4530783],[106.0738922,21.4535417],[106.0763614,21.4521082],[106.0771182,21.450643],[106.0785925,21.4489333],[106.0799944,21.4487339],[106.0808713,21.449441],[106.0824864,21.448929],[106.0838805,21.4494695],[106.0854075,21.4506831],[106.0867664,21.451151],[106.0876645,21.450673],[106.0888086,21.4508342],[106.0906135,21.4494064],[106.0918278,21.4476787],[106.0938382,21.4475268],[106.0950962,21.4483743],[106.0956362,21.4504762],[106.0954181,21.4546914],[106.0964686,21.4569051],[106.0973398,21.4607676],[106.098611,21.4623459]]]},"properties":{"@id":"relation/18802196","admin_level":"6","boundary":"administrative","name":"Xã Tam Tiến","name:lzh":"三進社","name:vi-Hani":"社三進","name:zh":"三進社","name:zh-Hans":"三进社","name:zh-Hant":"三進社","type":"boundary","wikidata":"Q10823850","wikipedia":"vi:Tam Tiến, Yên Thế"},"id":"relation/18802196"},
{"type":"Feature","geometry":{"type":"Polygon","coordinates":[[[105.9567738,21.3720638],[105.957976,21.3723069],[105.9613858,21.3715016],[105.9630007,21.3724589],[105.9647509,21.3710001],[105.9678622,21.373042],[105.968939,21.3729329],[105.9773251,21.3760866],[105.9779561,21.372954],[105.9800846,21.373609],[105.9796844,21.3748421],[105.9811623,21.3747631],[105.9816183,21.3737327],[105.9814325,21.3720142],[105.9822797,21.3706751],[105.9821582,21.3691453],[105.980342,21.3664272],[105.9822944,21.359811],[105.9842092,21.3586866],[105.9855802,21.3586733],[105.9917316,21.355398],[105.9918004,21.3548786],[105.997871,21.3532693],[105.9989801,21.351876],[106.0018539,21.3504803],[106.001966,21.3493542],[106.0046506,21.3477488],[106.0072239,21.3466889],[106.0076842,21.3474892],[106.0094672,21.3466267],[106.0113459,21.3467621],[106.012073,21.3485039],[106.0168908,21.3491473],[106.017734,21.3508614],[106.0197803,21.3510149],[106.0198457,21.3524825],[106.0147084,21.3591588],[106.0141161,21.362035],[106.011536,21.3640834],[106.0098914,21.3660127],[106.0077659,21.3670195],[106.0067988,21.3691349],[106.0068008,21.3702621],[106.0060494,21.3723124],[106.0059773,21.3737156],[106.0064234,21.3748066],[106.0067961,21.3772759],[106.0080908,21.3782285],[106.0108716,21.3792876],[106.0131989,21.380504],[106.0158729,21.3807687],[106.0172046,21.3802279],[106.0186163,21.3817036],[106.0201528,21.3781344],[106.0224911,21.380311],[106.0244525,21.3806411],[106.0254507,21.3800726],[106.0268554,21.3806292],[106.0298082,21.3798949],[106.029653,21.3815949],[106.030512,21.3824237],[106.0301586,21.3837038],[106.0268803,21.3845714],[106.0277215,21.3857298],[106.0262146,21.3859208],[106.0263151,21.3871581],[106.025648,21.3884026],[106.0249818,21.3881917],[106.0233534,21.3890013],[106.0230184,21.3875862],[106.0215591,21.3877192],[106.0186916,21.3867643],[106.0169545,21.3857462],[106.0156282,21.3863294],[106.0151039,21.3874733],[106.013013,21.3874571],[106.0125225,21.390719],[106.0116752,21.392249],[106.0127438,21.3925035],[106.0131858,21.3946353],[106.0126163,21.3953165],[106.0123747,21.3973763],[106.0139893,21.3994093],[106.013188,21.4027404],[106.0119316,21.4038522],[106.0104284,21.404272],[106.009016,21.4066448],[106.0074282,21.4056844],[106.0057617,21.4065749],[106.0015953,21.4059628],[105.9986787,21.4050724],[105.9955664,21.4045692],[105.9943186,21.4051362],[105.9935023,21.4068913],[105.9936059,21.4079734],[105.9930528,21.4087707],[105.990732,21.4101739],[105.9912844,21.4121376],[105.9906157,21.4129176],[105.98967,21.4126163],[105.9890006,21.413324],[105.9875095,21.4135313],[105.9868106,21.4140726],[105.9847673,21.410779],[105.9838573,21.4124175],[105.9803452,21.414031],[105.9785,21.4138638],[105.9776069,21.4157559],[105.9762374,21.4178704],[105.9743437,21.4195279],[105.9724155,21.420116],[105.9721056,21.4227705],[105.9707038,21.4234011],[105.9690795,21.4268121],[105.9681303,21.4274562],[105.9679939,21.4286743],[105.9672097,21.4295264],[105.9677877,21.4309988],[105.9665483,21.4328633],[105.9649711,21.4361179],[105.9631278,21.436958],[105.9610634,21.4363749],[105.9607063,21.4348072],[105.9584639,21.4333953],[105.9577241,21.432137],[105.9578193,21.4290161],[105.9588765,21.4258178],[105.9589992,21.4239773],[105.9585621,21.4218877],[105.9574666,21.4192066],[105.9565902,21.4176424],[105.9559383,21.415067],[105.9549291,21.4138103],[105.9546882,21.4122786],[105.9562205,21.4081397],[105.9583796,21.4056924],[105.9591021,21.4043175],[105.9590704,21.4024059],[105.9585052,21.401327],[105.9575583,21.4007372],[105.9560752,21.4005834],[105.9549225,21.4009146],[105.9543918,21.4021801],[105.9556866,21.4029843],[105.9559663,21.4045699],[105.9554721,21.4055286],[105.9540357,21.4066371],[105.9528038,21.406644],[105.9513835,21.4042894],[105.9484107,21.4029355],[105.9447542,21.4000163],[105.9428559,21.4011452],[105.9413993,21.4005675],[105.9401936,21.397732],[105.9407755,21.3957116],[105.9440595,21.3929575],[105.9448231,21.392072],[105.9454808,21.3902907],[105.945118,21.3877136],[105.9438541,21.3827067],[105.9437463,21.3808856],[105.9440215,21.378792],[105.9458349,21.3788965],[105.947235,21.378407],[105.946949,21.3772859],[105.9477779,21.3758791],[105.9480778,21.3742632],[105.9491821,21.373548],[105.9516771,21.3742263],[105.9529211,21.3732644],[105.9540075,21.3732919],[105.9553368,21.3722398],[105.9567738,21.3720638]]]},"properties":{"@id":"relation/18802345","UArea":"40.23","admin_level":"6","boundary":"administrative","name":"Xã Hoàng Vân","name:lzh":"黃雲社","name:vi-Hani":"社黃雲","name:zh":"黃雲社","name:zh-Hans":"黄云社","name:zh-Hant":"黃雲社","population":"52899","type":"boundary","wikidata":"Q19850307","wikipedia":"vi:Hoàng Vân (xã)"},"id":"relation/18802345"},
{"type":"Feature","geometry":{"type":"Polygon","coordinates":[[[106.2441954,21.4481906],[106.245161,21.4498483],[106.2456698,21.4534],[106.2470903,21.4553233],[106.250335,21.4557472],[106.2509939,21.4560922],[106.2536924,21.4595088],[106.2547097,21.4601559],[106.2562449,21.4604805],[106.2568781,21.4596168],[106.2565389,21.4563139],[106.2554616,21.4536897],[106.2548009,21.451426],[106.2549238,21.4498577],[106.2555678,21.4492249],[106.2596343,21.4493017],[106.2626196,21.4484708],[106.2658382,21.447335],[106.2683132,21.4474572],[106.2720421,21.4483604],[106.2735836,21.4490555],[106.2755655,21.4506592],[106.2764499,21.4510262],[106.2796143,21.4514266],[106.2837033,21.4521868],[106.2831396,21.4545807],[106.2834193,21.4575821],[106.2845623,21.4600567],[106.2844517,21.461517],[106.2859525,21.4645566],[106.2864352,21.4666312],[106.2863401,21.4693422],[106.2857929,21.4709537],[106.2826687,21.4723252],[106.2823924,21.4728934],[106.2846111,21.4779189],[106.2848367,21.479673],[106.284257,21.4809903],[106.2842981,21.4823713],[106.2854332,21.4844087],[106.285691,21.4859521],[106.285113,21.4872965],[106.2856108,21.4885823],[106.2870284,21.4899698],[106.2877824,21.4913753],[106.2856475,21.4908003],[106.2826284,21.490662],[106.2802414,21.4909367],[106.2771156,21.4923197],[106.2754758,21.493377],[106.2740064,21.4937173],[106.2725276,21.4933225],[106.2700184,21.4908883],[106.2686371,21.4901154],[106.2648573,21.4916236],[106.2634346,21.4917387],[106.2616085,21.4910938],[106.2604512,21.4899501],[106.2598639,21.4888242],[106.258741,21.4879478],[106.2561376,21.4868631],[106.2543949,21.4873153],[106.2517378,21.4870209],[106.2494885,21.4874762],[106.2477145,21.4858807],[106.2455845,21.4823411],[106.2444895,21.4820413],[106.2440533,21.4831172],[106.2453101,21.4837633],[106.2455756,21.4850326],[106.2450711,21.4855725],[106.2419258,21.4861025],[106.2404621,21.4821908],[106.2346513,21.4791605],[106.2324495,21.475094],[106.2277265,21.4732639],[106.2257715,21.4750081],[106.2237451,21.4735382],[106.225722,21.4701192],[106.223925,21.4676741],[106.2180136,21.4715304],[106.2129286,21.4772858],[106.1962354,21.485322],[106.1896376,21.4862738],[106.1869286,21.4827054],[106.1882418,21.481238],[106.1878346,21.4753197],[106.1853028,21.4727096],[106.1854501,21.4680622],[106.1846075,21.4661058],[106.1852029,21.4645269],[106.1867387,21.4635367],[106.1881354,21.4620072],[106.191088,21.4595568],[106.1916228,21.457759],[106.1903221,21.4570147],[106.1903466,21.4538849],[106.189107,21.452763],[106.1891122,21.45118],[106.1855716,21.4491399],[106.1835025,21.4483974],[106.183016,21.4473439],[106.1812328,21.4475849],[106.1780365,21.4441492],[106.1754837,21.4421088],[106.1742028,21.4401649],[106.1744301,21.4391864],[106.1764894,21.4378201],[106.1753929,21.4341973],[106.173723,21.4339667],[106.1725562,21.4326173],[106.1725845,21.4305307],[106.1730611,21.4272225],[106.1738636,21.426063],[106.1752812,21.4256027],[106.1751674,21.4248976],[106.172931,21.4254352],[106.1714403,21.4240432],[106.1740392,21.4231504],[106.1769819,21.4231689],[106.1777289,21.4226889],[106.1802138,21.4238015],[106.1831329,21.4272848],[106.1832106,21.4276075],[106.1812909,21.4322228],[106.1815175,21.433643],[106.1850275,21.4349155],[106.1868766,21.4340001],[106.1899366,21.4291639],[106.1905137,21.4285222],[106.1920402,21.4283298],[106.1935248,21.4285769],[106.1965136,21.4297823],[106.1976795,21.431008],[106.1977825,21.432482],[106.1960873,21.4368163],[106.1958115,21.4399207],[106.1959825,21.4414546],[106.1965117,21.4418395],[106.1999723,21.4406771],[106.2020771,21.4396426],[106.2032795,21.4395777],[106.2056688,21.4402417],[106.2071863,21.4414825],[106.2093184,21.4436964],[106.2094151,21.4450761],[106.2086013,21.4462885],[106.2073976,21.4465906],[106.2059122,21.4443985],[106.2051854,21.4438093],[106.2030773,21.4435472],[106.2013125,21.4444623],[106.2014414,21.4453398],[106.2048759,21.4465775],[106.2083074,21.4502577],[106.2108073,21.4525744],[106.2140098,21.4550258],[106.2153451,21.4554307],[106.2174954,21.4547791],[106.2176558,21.4518089],[106.2181833,21.4499981],[106.2180628,21.4483154],[106.2186725,21.4476794],[106.2197893,21.4478372],[106.2221075,21.4517038],[106.2234467,21.453184],[106.2249308,21.4532217],[106.2269637,21.452022],[106.2312985,21.4483018],[106.2326202,21.4484776],[106.2325555,21.4543305],[106.2331953,21.4560147],[106.2348768,21.4581457],[106.2356982,21.4598337],[106.2368983,21.4634836],[106.2380692,21.4641871],[106.2395647,21.4641569],[106.240852,21.4636229],[106.2413078,21.4620083],[106.2400827,21.4600025],[106.2372269,21.4566249],[106.2378728,21.4549151],[106.2400373,21.4533539],[106.2417141,21.4518318],[106.2427832,21.4491537],[106.2441954,21.4481906]]]},"properties":{"@id":"relation/18802476","admin_level":"6","boundary":"administrative","name":"Xã Bố Hạ","name:lzh":"布下社","name:vi-Hani":"社布下","name:zh":"布下社","name:zh-Hans":"布下社","name:zh-Hant":"布下社","type":"boundary","wikidata":"Q2075108","wikipedia":"vi:Bố Hạ"},"id":"relation/18802476"},
{"type":"Feature","geometry":{"type":"Polygon","coordinates":[[[106.1671257,21.5433111],[106.1595334,21.5477542],[106.1550862,21.5538826],[106.1482237,21.5567562],[106.139735,21.5595694],[106.1343743,21.5571766],[106.1265683,21.5458242],[106.1247138,21.5419924],[106.1213091,21.5409423],[106.1181734,21.5424599],[106.1158446,21.5431874],[106.1121001,21.5456267],[106.1092971,21.545495],[106.1068573,21.5476181],[106.1064426,21.5484576],[106.1052636,21.5486391],[106.1029544,21.5475047],[106.102125,21.5465518],[106.1041009,21.5437989],[106.1059336,21.5435797],[106.1049249,21.5416945],[106.1053457,21.5393816],[106.103959,21.5383608],[106.1040651,21.5370115],[106.1059402,21.5361229],[106.1073363,21.5362524],[106.1088292,21.5356666],[106.1091901,21.5366801],[106.1100108,21.5369039],[106.1107325,21.535614],[106.1099542,21.533192],[106.1120131,21.531823],[106.1118433,21.5308753],[106.1133433,21.5295721],[106.1129329,21.5277358],[106.1107466,21.526222],[106.1128622,21.5254256],[106.1147937,21.5255638],[106.1155649,21.5232799],[106.116513,21.5235761],[106.1169234,21.5244646],[106.1196616,21.5251031],[106.1203762,21.5247213],[106.1197606,21.5235892],[106.1184163,21.5230364],[106.1189328,21.5222531],[106.1201922,21.5227007],[106.1204186,21.519956],[106.1234855,21.5176063],[106.1246032,21.5156254],[106.1241505,21.5139669],[106.12582,21.5125124],[106.1262798,21.5113343],[106.125728,21.5104984],[106.1252116,21.5092874],[106.1266123,21.5088201],[106.1271358,21.5062665],[106.1301777,21.5041405],[106.1296825,21.5026596],[106.1310938,21.5007773],[106.1327914,21.500797],[106.1326217,21.5024161],[106.1337039,21.5031268],[106.1349914,21.5028175],[106.1349772,21.5009287],[106.135727,21.4991912],[106.1375874,21.4980723],[106.1365228,21.4959991],[106.1397129,21.4947243],[106.1400929,21.4952733],[106.1424031,21.4955618],[106.1434731,21.4938031],[106.1426731,21.4924353],[106.140993,21.4917002],[106.141523,21.4904161],[106.1432387,21.4894926],[106.1433429,21.4886203],[106.1450831,21.4880576],[106.1467889,21.4846726],[106.1499204,21.4818481],[106.1535483,21.4715272],[106.1549202,21.4709744],[106.15649,21.4713627],[106.1586107,21.4697582],[106.1598489,21.4669339],[106.1611995,21.4662297],[106.1613763,21.4636566],[106.1628189,21.4620442],[106.1645231,21.4623535],[106.1658596,21.4619389],[106.1685326,21.462393],[106.167981,21.4604121],[106.1698479,21.4586089],[106.1716157,21.458214],[106.1711561,21.4561343],[106.1727188,21.4548707],[106.174522,21.4552853],[106.1756393,21.4566016],[106.1765586,21.4567661],[106.1775062,21.4559698],[106.1777183,21.4538966],[106.176198,21.4529028],[106.1765657,21.4503097],[106.1771809,21.4493686],[106.1812328,21.4475849],[106.183016,21.4473439],[106.1835025,21.4483974],[106.1855716,21.4491399],[106.1891122,21.45118],[106.189107,21.452763],[106.1903466,21.4538849],[106.1903221,21.4570147],[106.1916228,21.457759],[106.191088,21.4595568],[106.1881354,21.4620072],[106.1867387,21.4635367],[106.1852029,21.4645269],[106.1846075,21.4661058],[106.1854501,21.4680622],[106.1853028,21.4727096],[106.1878346,21.4753197],[106.1882418,21.481238],[106.1869286,21.4827054],[106.1896376,21.4862738],[106.1962354,21.485322],[106.2129286,21.4772858],[106.2180136,21.4715304],[106.223925,21.4676741],[106.225722,21.4701192],[106.2237451,21.4735382],[106.2257715,21.4750081],[106.2277265,21.4732639],[106.2324495,21.475094],[106.2346513,21.4791605],[106.2404621,21.4821908],[106.2419258,21.4861025],[106.2402298,21.4887172],[106.2383513,21.4935677],[106.237228,21.4949367],[106.2290734,21.494983],[106.2265744,21.4946854],[106.2252497,21.4938937],[106.22378,21.4937347],[106.2214986,21.4961448],[106.2190512,21.4957168],[106.215579,21.4959894],[106.2131322,21.4963747],[106.2102531,21.4970908],[106.2063501,21.4996777],[106.2047128,21.5003042],[106.2017394,21.5005476],[106.1985882,21.5010917],[106.1962031,21.5017627],[106.1947994,21.5024314],[106.1928396,21.505134],[106.1905051,21.5060847],[106.1845659,21.5080536],[106.1801135,21.5092527],[106.1787748,21.5094354],[106.1755495,21.5091682],[106.17364,21.5096847],[106.1689038,21.5121726],[106.1678814,21.5130104],[106.1675866,21.5139906],[106.1681788,21.5171183],[106.168153,21.5188443],[106.1674388,21.5210183],[106.1674164,21.5224417],[106.1679857,21.5279658],[106.1687158,21.5314317],[106.1698055,21.5348356],[106.1695662,21.5362159],[106.16782,21.5383229],[106.1670255,21.5405269],[106.1671257,21.5433111]]]},"properties":{"@id":"relation/18802500","admin_level":"6","boundary":"administrative","name":"Xã Đồng Kỳ","name:lzh":"同奇社","name:vi-Hani":"社同奇","name:zh":"同奇社","name:zh-Hans":"同奇社","name:zh-Hant":"同奇社","type":"boundary","wikidata":"Q2228877","wikipedia":"vi:Đồng Kỳ"},"id":"relation/18802500"},
{"type":"Feature","geometry":{"type":"Polygon","coordinates":[[[106.0789957,21.2812586],[106.0771701,21.2809047],[106.0754024,21.2824348],[106.0738365,21.2823992],[106.0729719,21.2843969],[106.0671911,21.2865899],[106.0664427,21.2850184],[106.0652179,21.2852018],[106.0632862,21.2846319],[106.0640485,21.2827572],[106.0640641,21.2804379],[106.0618932,21.2774468],[106.0609119,21.2750898],[106.0609309,21.2734196],[106.0584719,21.2714601],[106.0558503,21.2709553],[106.052351,21.2705797],[106.0489997,21.2716414],[106.0480692,21.272222],[106.0470904,21.2736845],[106.0479329,21.2756611],[106.0393894,21.2789486],[106.0324174,21.2719423],[106.030455,21.2691682],[106.0275409,21.267936],[106.0214401,21.2651268],[106.0204528,21.2654843],[106.018849,21.266991],[106.0160241,21.2684218],[106.0124657,21.2681547],[106.0110585,21.2682391],[106.0105078,21.2674864],[106.008044,21.2670813],[106.0067065,21.2682442],[106.006252,21.2673018],[106.0064698,21.26465],[106.0034337,21.2617907],[106.003441,21.2580512],[106.0065758,21.2584214],[106.0106064,21.2582837],[106.0129306,21.2575888],[106.0247581,21.2531547],[106.0269753,21.2518719],[106.0309098,21.2486358],[106.0349817,21.2461154],[106.0357944,21.245211],[106.0357069,21.243968],[106.0345599,21.241956],[106.0334638,21.2388396],[106.0333009,21.2352316],[106.0338708,21.2325554],[106.0349655,21.2290566],[106.03504,21.2273064],[106.0342317,21.2185957],[106.0344058,21.2148785],[106.0350901,21.2120691],[106.0368322,21.2085868],[106.0403703,21.2028839],[106.0416905,21.2017227],[106.0431869,21.2013055],[106.0461959,21.2024776],[106.0469126,21.2030363],[106.0470646,21.2043839],[106.0446962,21.2070245],[106.0428408,21.2097971],[106.0423566,21.2122117],[106.0423048,21.2141071],[106.0428677,21.215943],[106.0437075,21.217152],[106.0463532,21.2192031],[106.0469585,21.2200197],[106.0482626,21.2231144],[106.0498831,21.2255055],[106.0522576,21.2274065],[106.0539573,21.2279921],[106.0576126,21.2273932],[106.0620026,21.2261969],[106.0648635,21.2249391],[106.0673374,21.22358],[106.0690591,21.2223287],[106.0737786,21.2169171],[106.0758103,21.2168918],[106.0794857,21.2197645],[106.0815992,21.2202104],[106.0829666,21.2196626],[106.0863914,21.2161963],[106.0869262,21.2153342],[106.088421,21.2159544],[106.0909839,21.2165534],[106.0907115,21.2176865],[106.0913498,21.2197547],[106.0950624,21.2211218],[106.0961597,21.2218793],[106.095634,21.2231574],[106.0953885,21.22874],[106.0963544,21.2309236],[106.0945758,21.2352958],[106.0947411,21.2389562],[106.0937496,21.2400941],[106.0919877,21.2404002],[106.092582,21.243224],[106.0935084,21.2452488],[106.0921178,21.2473676],[106.0924957,21.248715],[106.0975457,21.2494964],[106.1000068,21.2515813],[106.1014915,21.2513504],[106.1016636,21.2537599],[106.1026275,21.2545984],[106.1044405,21.2554468],[106.1023537,21.2557718],[106.100463,21.2567867],[106.0993687,21.2566667],[106.0981671,21.2589131],[106.0971103,21.259833],[106.0945729,21.2607278],[106.0923037,21.259813],[106.0899434,21.2609978],[106.0886907,21.2610428],[106.0865703,21.2600279],[106.0840919,21.2605229],[106.083652,21.2628625],[106.0829761,21.2644923],[106.0800471,21.2679917],[106.0815063,21.2699213],[106.0820427,21.2751102],[106.0805621,21.2764698],[106.081002,21.2779595],[106.0797253,21.2780894],[106.0793068,21.2810886],[106.0789957,21.2812586]]]},"properties":{"@id":"relation/18820860","admin_level":"6","boundary":"administrative","name":"Phường Vân Hà","name:lzh":"雲河社","name:vi-Hani":"社雲河","name:zh":"雲河社","name:zh-Hans":"云河社","name:zh-Hant":"雲河社","population":"58177","population:date":"2025-07-01","source:population":"gis.vn","type":"boundary","wikidata":"Q7944235","wikipedia":"vi:Vân Hà"},"id":"relation/18820860"},
{"type":"Feature","geometry":{"type":"Polygon","coordinates":[[[106.1671257,21.5433111],[106.1689908,21.5463212],[106.1699596,21.5483558],[106.1697343,21.5508263],[106.1683149,21.5531315],[106.1686313,21.5564943],[106.1676532,21.5599369],[106.1677495,21.561707],[106.1692213,21.5652373],[106.1687855,21.567254],[106.1688349,21.5692092],[106.1694058,21.5729542],[106.1670013,21.576115],[106.166945,21.5777754],[106.1685032,21.5807886],[106.1689989,21.5830149],[106.1700958,21.5855418],[106.1705683,21.5892353],[106.1704959,21.5912683],[106.1692773,21.5939795],[106.1693256,21.5953333],[106.1702479,21.5963903],[106.1726497,21.5972708],[106.1756067,21.5976837],[106.1765187,21.5985298],[106.1775355,21.6008375],[106.1797085,21.6019997],[106.1820327,21.6022878],[106.184857,21.6040447],[106.1817939,21.6052458],[106.1768417,21.6083941],[106.1739423,21.6097357],[106.1732332,21.6104086],[106.1713135,21.6142256],[106.169728,21.6164653],[106.1666133,21.6196796],[106.1624189,21.6247727],[106.1608069,21.6260052],[106.1586706,21.6260704],[106.1544842,21.6238832],[106.1504185,21.6239886],[106.1475587,21.6226124],[106.1456464,21.6221961],[106.1429048,21.622752],[106.1417912,21.622666],[106.1366842,21.619417],[106.1363558,21.6185701],[106.1352464,21.6178426],[106.1289342,21.6161329],[106.1263995,21.6158742],[106.1251488,21.6163735],[106.1185948,21.6167518],[106.1168969,21.6165976],[106.1153653,21.6184069],[106.1141139,21.6189061],[106.1123981,21.6188924],[106.1105368,21.6192898],[106.1082117,21.6213492],[106.1050743,21.6218148],[106.1025158,21.6213365],[106.101352,21.621933],[106.1004481,21.6238762],[106.0996389,21.6247269],[106.0974786,21.6244712],[106.0941351,21.6244092],[106.0935408,21.6241669],[106.0925034,21.6225679],[106.0907094,21.6226594],[106.0879307,21.6215109],[106.0849609,21.6200096],[106.0805097,21.6188858],[106.0785501,21.6180428],[106.0775012,21.6167246],[106.0771015,21.6150879],[106.0757911,21.6125658],[106.0728546,21.610868],[106.07045,21.6097216],[106.0687736,21.607682],[106.0675976,21.6049237],[106.0666358,21.6044949],[106.0646053,21.6045044],[106.060085,21.6039796],[106.0576551,21.6031339],[106.056621,21.6022039],[106.0558605,21.599081],[106.0548449,21.5965348],[106.0537607,21.5946769],[106.0519149,21.5925887],[106.0516152,21.5908194],[106.0523362,21.5889219],[106.0520405,21.5880701],[106.0503996,21.5859768],[106.0498164,21.5831123],[106.0490808,21.5812396],[106.0477766,21.5800068],[106.0461018,21.5799194],[106.0439117,21.5773804],[106.0415826,21.5755417],[106.0375052,21.5734654],[106.0359419,21.5731423],[106.0349177,21.5717732],[106.0331591,21.5713597],[106.033292,21.5692642],[106.0341139,21.56802],[106.0324919,21.5664119],[106.0336793,21.5652106],[106.0332679,21.5639668],[106.0315777,21.5634953],[106.0309151,21.5621014],[106.0333356,21.5602137],[106.0347973,21.560342],[106.0368531,21.5612424],[106.0387714,21.5607271],[106.039365,21.5600836],[106.0408497,21.5605336],[106.0432705,21.5599325],[106.0445496,21.5601466],[106.0460563,21.5582161],[106.0472442,21.5588592],[106.0483402,21.5583012],[106.0487053,21.5572717],[106.04971,21.5566709],[106.0499147,21.5542045],[106.051193,21.552617],[106.0538877,21.5520586],[106.0547188,21.550779],[106.0531325,21.5477051],[106.0529038,21.5467616],[106.0513275,21.5451106],[106.052671,21.5432488],[106.0525448,21.542193],[106.0543225,21.5416948],[106.0618541,21.5414753],[106.0659522,21.541969],[106.0695481,21.5478813],[106.0702701,21.5496852],[106.071346,21.5500539],[106.071976,21.5509756],[106.072291,21.5528336],[106.0728919,21.5537916],[106.075338,21.5527937],[106.0755204,21.5511872],[106.0773765,21.5517959],[106.0782777,21.5517061],[106.0794365,21.5505784],[106.0817753,21.5518557],[106.0824834,21.5532627],[106.0846507,21.5530033],[106.0853912,21.5507038],[106.086814,21.5502734],[106.0864461,21.5479699],[106.0884769,21.5459362],[106.0903378,21.5453636],[106.0916257,21.544462],[106.0906775,21.5433234],[106.0916398,21.5424743],[106.0952414,21.5421453],[106.0960481,21.5424085],[106.0962462,21.5404209],[106.0986662,21.5402497],[106.0995082,21.5407499],[106.0987369,21.5423888],[106.0998337,21.5429482],[106.1020131,21.541158],[106.0992393,21.5397956],[106.1008809,21.5383015],[106.1025933,21.5374788],[106.103959,21.5383608],[106.1053457,21.5393816],[106.1049249,21.5416945],[106.1059336,21.5435797],[106.1041009,21.5437989],[106.102125,21.5465518],[106.1029544,21.5475047],[106.1052636,21.5486391],[106.1064426,21.5484576],[106.1068573,21.5476181],[106.1092971,21.545495],[106.1121001,21.5456267],[106.1158446,21.5431874],[106.1181734,21.5424599],[106.1213091,21.5409423],[106.1247138,21.5419924],[106.1265683,21.5458242],[106.1343743,21.5571766],[106.139735,21.5595694],[106.1482237,21.5567562],[106.1550862,21.5538826],[106.1595334,21.5477542],[106.1671257,21.5433111]]]},"properties":{"@id":"relation/18846899","admin_level":"6","boundary":"administrative","name":"Xã Xuân Lương","name:lzh":"春良社","name:vi-Hani":"社春良","name:zh":"春良社","name:zh-Hans":"春良社","name:zh-Hant":"春良社","type":"boundary","wikidata":"Q2168089","wikipedia":"vi:Xuân Lương"},"id":"relation/18846899"},
{"type":"Feature","geometry":{"type":"Polygon","coordinates":[[[105.9440215,21.378792],[105.9439964,21.3778722],[105.9432358,21.3763073],[105.9419975,21.3752501],[105.9405586,21.3729135],[105.9390104,21.3715695],[105.9379888,21.3712866],[105.9351054,21.3717897],[105.9336866,21.3726092],[105.930208,21.3733319],[105.9275932,21.373689],[105.9259184,21.3736082],[105.9231743,21.3748317],[105.9205361,21.3745576],[105.9173862,21.3724466],[105.9158799,21.3731582],[105.9138511,21.375631],[105.9119849,21.3765523],[105.91076,21.37609],[105.9094051,21.3748258],[105.9078592,21.3722369],[105.9052692,21.3656857],[105.9051248,21.3640992],[105.9023939,21.359641],[105.9008259,21.3565111],[105.8990661,21.3550867],[105.8969541,21.3542412],[105.8956577,21.3530487],[105.8952275,21.3519148],[105.8960175,21.3505037],[105.8976002,21.3497557],[105.8996978,21.3497986],[105.9031745,21.3519894],[105.9052853,21.3526092],[105.9083528,21.3523762],[105.9088918,21.3508402],[105.9083754,21.349806],[105.9061368,21.3471307],[105.9036512,21.3449796],[105.8977713,21.3430633],[105.8954904,21.3429041],[105.8921397,21.3440132],[105.8892173,21.3459676],[105.8878644,21.3465428],[105.8865519,21.3458644],[105.8846163,21.3423124],[105.881327,21.3392185],[105.8805789,21.3379778],[105.880669,21.3369493],[105.8819386,21.3353179],[105.8850456,21.3332211],[105.8860886,21.3316784],[105.8885759,21.3264833],[105.8923021,21.3261864],[105.8964403,21.3267856],[105.8981323,21.3267545],[105.8996982,21.3243293],[105.8990783,21.3211025],[105.8991591,21.3177439],[105.8992802,21.3160929],[105.8989983,21.3143342],[105.8975418,21.3104767],[105.8975445,21.3077367],[105.8984846,21.3062981],[105.9009698,21.3041979],[105.9027826,21.3029723],[105.9052748,21.3020335],[105.9072863,21.3016416],[105.9090678,21.3016501],[105.9106785,21.302204],[105.9141782,21.3044895],[105.9160436,21.305532],[105.9169933,21.305672],[105.9178211,21.3048871],[105.9177919,21.3033085],[105.9161337,21.2982002],[105.915932,21.2968948],[105.9164443,21.2952044],[105.9174658,21.2944366],[105.9197479,21.2939887],[105.9227683,21.2939721],[105.9251128,21.2942133],[105.9240599,21.3002234],[105.9227979,21.3022063],[105.9228272,21.303145],[105.9221586,21.3050453],[105.9230326,21.305898],[105.9229183,21.3068532],[105.9243031,21.3088478],[105.9263375,21.3078479],[105.9282527,21.3081302],[105.9292875,21.3097982],[105.9307057,21.3103012],[105.9317655,21.3111225],[105.9328672,21.313282],[105.9340617,21.3137291],[105.935714,21.3150128],[105.9367118,21.3142357],[105.9374252,21.3147054],[105.9410178,21.3135345],[105.940714,21.3109213],[105.9424861,21.3102588],[105.9445245,21.3109892],[105.946795,21.3081365],[105.9473453,21.3081405],[105.9483869,21.3057652],[105.9501577,21.3067026],[105.9521705,21.3055888],[105.9528709,21.3080315],[105.9539344,21.3083012],[105.9558035,21.3081547],[105.9563985,21.3104905],[105.957922,21.3108903],[105.9579434,21.3119698],[105.9590914,21.3128094],[105.9582546,21.3142986],[105.9605344,21.3173371],[105.9620848,21.3177467],[105.9629002,21.3186363],[105.9650996,21.3187062],[105.9661617,21.3184364],[105.9677141,21.3174486],[105.9690378,21.3202849],[105.9713537,21.3287663],[105.9692937,21.3291576],[105.968133,21.3285909],[105.9681743,21.3303092],[105.9675527,21.3308736],[105.9675976,21.3321598],[105.9689901,21.3334171],[105.9679909,21.3346622],[105.9681049,21.3352842],[105.9669025,21.3364275],[105.9665546,21.3375649],[105.964683,21.3385805],[105.96478,21.3390816],[105.9633284,21.3402053],[105.9623973,21.3404167],[105.9612731,21.3417713],[105.9589792,21.3412798],[105.9573505,21.341866],[105.9565729,21.3427155],[105.9561522,21.3444261],[105.954651,21.3467845],[105.9525229,21.3477266],[105.9529824,21.3497276],[105.9519506,21.3508477],[105.950385,21.3519413],[105.9513687,21.3531328],[105.9501588,21.3542209],[105.951091,21.3548591],[105.9502934,21.3556535],[105.9528751,21.3578966],[105.9545583,21.356966],[105.9548324,21.3577446],[105.9567846,21.3578154],[105.9573641,21.3598497],[105.9576198,21.3618923],[105.9590326,21.3631542],[105.9569032,21.364289],[105.9582576,21.3661116],[105.9581098,21.3674735],[105.9588437,21.3679309],[105.958145,21.3694146],[105.9572612,21.3694228],[105.9567743,21.3704292],[105.9567738,21.3720638],[105.9553368,21.3722398],[105.9540075,21.3732919],[105.9529211,21.3732644],[105.9516771,21.3742263],[105.9491821,21.373548],[105.9480778,21.3742632],[105.9477779,21.3758791],[105.946949,21.3772859],[105.947235,21.378407],[105.9458349,21.3788965],[105.9440215,21.378792]]]},"properties":{"@id":"relation/18847020","UArea":"49.27","admin_level":"6","boundary":"administrative","name":"Xã Hợp Thịnh","name:lzh":"合盛社","name:vi-Hani":"社合盛","name:zh":"合盛社","name:zh-Hans":"合盛社","name:zh-Hant":"合盛社","population":"71714","type":"boundary","wikidata":"Q2093703","wikipedia":"vi:Hợp Thịnh, Hiệp Hòa"},"id":"relation/18847020"},
{"type":"Feature","geometry":{"type":"Polygon","coordinates":[[[106.0025929,21.0687109],[105.999464,21.0671626],[105.9971551,21.0645034],[105.9956499,21.0618402],[105.9949235,21.0579355],[105.9949664,21.0520681],[105.9942798,21.0461605],[105.9930677,21.0424059],[105.9917951,21.0403095],[105.9895772,21.0393445],[105.9870372,21.0397781],[105.9852231,21.0403697],[105.9823982,21.0418689],[105.9791373,21.0442023],[105.975414,21.0464719],[105.971616,21.0477936],[105.9694488,21.0477736],[105.9652604,21.0462232],[105.963908,21.0455677],[105.9531844,21.0390627],[105.9523046,21.0384018],[105.9485383,21.0374868],[105.9487577,21.0344246],[105.9492634,21.0344719],[105.9498853,21.0319689],[105.949006,21.0312988],[105.9510777,21.0289637],[105.9523182,21.0270276],[105.9504451,21.0218616],[105.9515982,21.0211174],[105.9501017,21.020538],[105.9474672,21.0174096],[105.9481048,21.0169291],[105.946951,21.0155612],[105.9516027,21.0121257],[105.9519561,21.0120525],[105.9567695,21.0178266],[105.9576873,21.0194832],[105.9638916,21.0217447],[105.9648142,21.0204649],[105.9662606,21.0201916],[105.967546,21.0183658],[105.9699072,21.0161779],[105.9730053,21.0107942],[105.9743249,21.0076593],[105.9766531,21.0008084],[105.9779664,20.9990171],[105.978926,20.9982965],[105.9814641,20.997537],[105.9827106,20.9968306],[105.9851755,20.9967649],[105.9874776,20.9973398],[105.9892361,20.9986025],[105.9913657,21.0010328],[105.9940317,21.0001939],[105.9941918,21.0006814],[105.9990737,20.9998644],[105.9999682,20.9999988],[106.0008399,21.0011991],[105.9995379,21.0054657],[106.0011979,21.0056718],[106.0010455,21.0069701],[106.0022493,21.0077852],[106.0048278,21.0079687],[106.0048614,21.0085301],[106.0084532,21.0082679],[106.0089207,21.0105301],[106.0100388,21.0107875],[106.0098148,21.012257],[106.0091672,21.012353],[106.0066249,21.0115833],[106.0044677,21.0116699],[106.0061647,21.0150592],[106.0032778,21.0174818],[106.0045846,21.0220389],[106.0069665,21.0242585],[106.0094391,21.0243752],[106.0064648,21.0288541],[106.012433,21.0301625],[106.0129962,21.0304664],[106.0163849,21.0343677],[106.0189589,21.0390681],[106.019955,21.0413874],[106.0197307,21.0450574],[106.0200298,21.047621],[106.0187968,21.0481436],[106.0139013,21.0509548],[106.0152474,21.0528359],[106.0136764,21.0537797],[106.0143741,21.0559555],[106.0110549,21.0569732],[106.0101728,21.0577274],[106.0098744,21.056015],[106.0082246,21.0555325],[106.0079133,21.0585786],[106.0086087,21.0592895],[106.0085896,21.0607069],[106.009572,21.0623169],[106.0086965,21.0642205],[106.0067481,21.0628828],[106.0025929,21.0687109]]]},"properties":{"@id":"relation/19317429","UArea":"29.67","admin_level":"6","boundary":"administrative","name":"Xã Thuận An","name:en":"Thuan An Commune","population":"68292","type":"boundary","wikidata":"Q136350703","wikipedia":"vi:Thuận An, Hà Nội"},"id":"relation/19317429"},
{"type":"Feature","geometry":{"type":"Polygon","coordinates":[[[105.9151591,21.1188497],[105.9110784,21.1178815],[105.9096783,21.117311],[105.9072241,21.1156071],[105.9057207,21.1142372],[105.9056792,21.1125157],[105.9047927,21.1117538],[105.9035924,21.1099422],[105.9015593,21.1054782],[105.9002859,21.1062839],[105.8992861,21.1009215],[105.8978029,21.1011555],[105.8964054,21.098329],[105.8985874,21.0967049],[105.9013957,21.093209],[105.9020501,21.0918439],[105.9042884,21.0892495],[105.9049144,21.088062],[105.9050757,21.0859917],[105.9048799,21.082513],[105.9036326,21.07973],[105.902726,21.0784186],[105.905433,21.078019],[105.9157,21.076792],[105.9208897,21.0749899],[105.924045,21.072633],[105.9269924,21.0694404],[105.9330641,21.056503],[105.9352365,21.0483503],[105.937179,21.0431956],[105.9387681,21.0410105],[105.9420214,21.039275],[105.9462506,21.0379081],[105.9485383,21.0374868],[105.9523046,21.0384018],[105.9531844,21.0390627],[105.963908,21.0455677],[105.9652604,21.0462232],[105.9694488,21.0477736],[105.971616,21.0477936],[105.975414,21.0464719],[105.9791373,21.0442023],[105.9823982,21.0418689],[105.9852231,21.0403697],[105.9870372,21.0397781],[105.9895772,21.0393445],[105.9917951,21.0403095],[105.9930677,21.0424059],[105.9942798,21.0461605],[105.9949664,21.0520681],[105.9949235,21.0579355],[105.9956499,21.0618402],[105.9971551,21.0645034],[105.999464,21.0671626],[106.0025929,21.0687109],[106.0014089,21.0688777],[106.0003106,21.0722876],[105.9994348,21.0737639],[105.9995369,21.0744238],[105.9937029,21.0689285],[105.9866455,21.0699818],[105.9846583,21.0699504],[105.9805805,21.0699541],[105.9781735,21.0701317],[105.9681912,21.0721444],[105.968722,21.0737364],[105.967423,21.0743728],[105.9661623,21.075743],[105.9635822,21.0776083],[105.9618948,21.0781098],[105.9601092,21.0880491],[105.9579932,21.0913648],[105.9558151,21.090432],[105.9457189,21.0850473],[105.9445371,21.0853402],[105.9401924,21.0833533],[105.9393182,21.0876582],[105.9401551,21.0889303],[105.9402739,21.0899458],[105.9381512,21.0937735],[105.9366811,21.0932061],[105.9356295,21.095148],[105.934474,21.0965241],[105.9363761,21.1015212],[105.9351023,21.1017576],[105.9336004,21.1037366],[105.9348624,21.1049381],[105.933906,21.1066558],[105.9309656,21.1087915],[105.9314291,21.1100484],[105.9301523,21.111962],[105.9294226,21.1118279],[105.9275502,21.1125034],[105.9273212,21.1117232],[105.9248075,21.1132318],[105.9255362,21.1143843],[105.9243911,21.1153287],[105.9210677,21.1164267],[105.9232036,21.1201042],[105.9224881,21.1206647],[105.9214751,21.1184814],[105.9196505,21.1189986],[105.9155906,21.1189427],[105.9151591,21.1188497]]]},"properties":{"@id":"relation/19317432","UArea":"41.62","admin_level":"6","boundary":"administrative","name":"Xã Phù Đổng","name:en":"Phu Dong Commune","population":"111484","type":"boundary","wikidata":"Q16481027"},"id":"relation/19317432"},
{"type":"Feature","geometry":{"type":"Polygon","coordinates":[[[105.8798187,21.203116],[105.8772872,21.2027135],[105.8756198,21.2018225],[105.8741637,21.2027023],[105.8723929,21.2061646],[105.8712822,21.2054999],[105.8714306,21.2035171],[105.8728504,21.2008324],[105.8724885,21.1990305],[105.8718209,21.1978267],[105.8701929,21.1971908],[105.8670481,21.1977132],[105.8665822,21.198728],[105.8673904,21.2001801],[105.8665478,21.2008655],[105.8654478,21.2008265],[105.8632282,21.2000738],[105.8623668,21.1993484],[105.8611866,21.1971027],[105.8602074,21.1958271],[105.8571512,21.1937921],[105.8549413,21.1928638],[105.855514,21.1906646],[105.8552735,21.1877424],[105.853206,21.1807363],[105.8548726,21.1800039],[105.8563121,21.1789703],[105.856284,21.1777804],[105.8523326,21.1778731],[105.8479361,21.1631269],[105.8465474,21.1634062],[105.8463906,21.1592646],[105.8463882,21.1542538],[105.8551813,21.1507902],[105.8637199,21.148886],[105.8917484,21.1378334],[105.8965309,21.1355155],[105.8987962,21.1341196],[105.9045772,21.1289766],[105.9063321,21.1270726],[105.9151591,21.1188497],[105.9155906,21.1189427],[105.915387,21.122021],[105.9145478,21.1229519],[105.9129209,21.126243],[105.9142591,21.1272432],[105.9155937,21.1270964],[105.9192856,21.1299253],[105.9177977,21.132107],[105.9218934,21.1353555],[105.923614,21.1330856],[105.9245969,21.1333192],[105.9251796,21.1345],[105.9253605,21.1363651],[105.9238471,21.1381543],[105.9263232,21.1405158],[105.9252582,21.1415871],[105.92619,21.142283],[105.9267356,21.1445232],[105.9251402,21.1451192],[105.9256536,21.1469203],[105.9235891,21.1472946],[105.9229904,21.1486334],[105.9221023,21.1518658],[105.9196392,21.1553141],[105.920396,21.1565058],[105.9211585,21.1595367],[105.9229154,21.1617116],[105.9225565,21.1631282],[105.9221188,21.1634582],[105.9192928,21.1631857],[105.9177016,21.1663076],[105.9171827,21.1679361],[105.9168603,21.1715793],[105.9181351,21.1715882],[105.9183831,21.1735282],[105.9210797,21.1737396],[105.9210083,21.1763836],[105.9216735,21.1769476],[105.9202439,21.1783903],[105.9236741,21.1827229],[105.9185903,21.1850938],[105.9160817,21.1870037],[105.915353,21.1872642],[105.9161766,21.1888207],[105.9138812,21.1901521],[105.9122986,21.1902265],[105.9123868,21.191994],[105.9123696,21.1923682],[105.9070493,21.1924157],[105.9065754,21.187298],[105.9057217,21.1844525],[105.9056149,21.1830111],[105.9021748,21.1826656],[105.900268,21.1817437],[105.90055,21.1800661],[105.9016801,21.1786882],[105.9007958,21.1777495],[105.8982991,21.1775766],[105.8964182,21.1769155],[105.8960515,21.1781355],[105.8979709,21.1802467],[105.8986677,21.1823675],[105.898117,21.1833561],[105.8953492,21.1851284],[105.8928496,21.1845161],[105.8894256,21.1852298],[105.8884958,21.1859613],[105.8874139,21.1895316],[105.8869079,21.1899039],[105.88518,21.1894636],[105.8826842,21.1878052],[105.8802173,21.1870668],[105.8772179,21.1865643],[105.8761489,21.1873665],[105.8763368,21.1889351],[105.8775037,21.1892285],[105.8798773,21.1884499],[105.8820407,21.1895605],[105.8831857,21.19112],[105.8840487,21.1946334],[105.8859432,21.198591],[105.8867507,21.1993535],[105.8896387,21.2005303],[105.8918278,21.2023094],[105.891367,21.2035717],[105.88746,21.2056213],[105.8853929,21.2052087],[105.8840368,21.2039257],[105.8829045,21.2033212],[105.8798187,21.203116]]]},"properties":{"@id":"relation/19322846","UArea":"43.84","admin_level":"6","boundary":"administrative","name":"Xã Thư Lâm","name:en":"Thu Lam Commune","population":"102580","type":"boundary","wikipedia":"vi:Thư Lâm, Hà Nội"},"id":"relation/19322846"},
{"type":"Feature","geometry":{"type":"Polygon","coordinates":[[[105.8991591,21.3177439],[105.8960395,21.317679],[105.8961093,21.316918],[105.8912182,21.3155379],[105.8855462,21.3146045],[105.8828338,21.3131026],[105.8814395,21.3128915],[105.8815527,21.3112921],[105.8807859,21.3097252],[105.8802968,21.30677],[105.8810201,21.3040664],[105.8794863,21.303019],[105.8812118,21.2996577],[105.880811,21.2983554],[105.8813338,21.2972998],[105.8815778,21.2951238],[105.8810462,21.2937841],[105.8831485,21.2935311],[105.8837565,21.2927939],[105.8849226,21.2925223],[105.8866066,21.2889054],[105.8862612,21.2833396],[105.8857628,21.2818888],[105.8846874,21.2819912],[105.8849622,21.2784951],[105.8843421,21.2753719],[105.882058,21.2763301],[105.8809041,21.2784073],[105.8783688,21.2775589],[105.8790282,21.2770834],[105.8794756,21.2752695],[105.8812416,21.2763959],[105.8819394,21.2754725],[105.8817063,21.2737932],[105.881002,21.2717712],[105.8822863,21.2705407],[105.8822656,21.2693246],[105.8832236,21.2683015],[105.8830424,21.2666076],[105.8845804,21.2638134],[105.885766,21.2621843],[105.8858503,21.2587707],[105.8850009,21.2584058],[105.8842489,21.2557464],[105.8847338,21.254887],[105.8851949,21.2516642],[105.8865781,21.2501343],[105.8872547,21.2469628],[105.8864595,21.2457837],[105.8841883,21.2456826],[105.883381,21.2444473],[105.8824584,21.2449516],[105.8811435,21.2440835],[105.8803925,21.2413522],[105.873322,21.2423444],[105.8728016,21.2390553],[105.8709396,21.2391917],[105.8695411,21.2376457],[105.8695411,21.2362538],[105.866866,21.2344424],[105.8637193,21.2331313],[105.8625973,21.2341999],[105.8620037,21.234018],[105.861852,21.2282915],[105.8661433,21.225861],[105.8660618,21.2256584],[105.8715618,21.2245445],[105.8714939,21.2229114],[105.8792074,21.219101],[105.8830505,21.2181642],[105.8835928,21.2198859],[105.8856433,21.2188306],[105.8853384,21.2169369],[105.8842246,21.215176],[105.8847415,21.2136051],[105.8825905,21.2124012],[105.8807509,21.2101703],[105.8809938,21.2061969],[105.8806882,21.2047068],[105.8798342,21.2045754],[105.8798187,21.203116],[105.8829045,21.2033212],[105.8840368,21.2039257],[105.8853929,21.2052087],[105.88746,21.2056213],[105.891367,21.2035717],[105.8918278,21.2023094],[105.8896387,21.2005303],[105.8867507,21.1993535],[105.8859432,21.198591],[105.8840487,21.1946334],[105.8831857,21.19112],[105.8820407,21.1895605],[105.8798773,21.1884499],[105.8775037,21.1892285],[105.8763368,21.1889351],[105.8761489,21.1873665],[105.8772179,21.1865643],[105.8802173,21.1870668],[105.8826842,21.1878052],[105.88518,21.1894636],[105.8869079,21.1899039],[105.8874139,21.1895316],[105.8884958,21.1859613],[105.8894256,21.1852298],[105.8928496,21.1845161],[105.8953492,21.1851284],[105.898117,21.1833561],[105.8986677,21.1823675],[105.8979709,21.1802467],[105.8960515,21.1781355],[105.8964182,21.1769155],[105.8982991,21.1775766],[105.9007958,21.1777495],[105.9016801,21.1786882],[105.90055,21.1800661],[105.900268,21.1817437],[105.9021748,21.1826656],[105.9056149,21.1830111],[105.9057217,21.1844525],[105.9065754,21.187298],[105.9070493,21.1924157],[105.9066119,21.1945402],[105.9070701,21.1967699],[105.9095131,21.2003652],[105.9114352,21.2013718],[105.9136461,21.2028935],[105.9136201,21.2035457],[105.9118622,21.2044798],[105.9102808,21.2058492],[105.9098524,21.2067562],[105.9103295,21.2076709],[105.9116811,21.2080796],[105.9150435,21.2081271],[105.9157429,21.2091948],[105.9154601,21.2150521],[105.9146272,21.2182806],[105.9119506,21.2213089],[105.9112935,21.2232075],[105.9104665,21.224588],[105.9090077,21.2248022],[105.9065562,21.2228511],[105.9048948,21.222478],[105.9039253,21.2238576],[105.9043102,21.2274123],[105.9053464,21.227872],[105.9065288,21.2292386],[105.9054183,21.2305675],[105.9068259,21.2322261],[105.9092226,21.2314612],[105.9098136,21.23189],[105.9114376,21.2318946],[105.912686,21.231083],[105.913572,21.2323016],[105.9159124,21.2321787],[105.9171632,21.2315263],[105.9193531,21.2311324],[105.9207454,21.2321314],[105.9205146,21.232714],[105.9209438,21.2351358],[105.9217346,21.2349713],[105.9234351,21.2362664],[105.9270924,21.2383839],[105.9281027,21.2402766],[105.9291422,21.2403098],[105.9296113,21.2414398],[105.9309217,21.2420327],[105.9328217,21.2416243],[105.9337894,21.2429595],[105.9335057,21.2454266],[105.9360416,21.2452234],[105.9378752,21.2433987],[105.9389124,21.2451239],[105.9388419,21.2469041],[105.9378117,21.2486372],[105.9359908,21.2507284],[105.9338022,21.2536076],[105.9308341,21.2587414],[105.9297852,21.2612697],[105.9289222,21.2625629],[105.9254629,21.2665922],[105.9231805,21.2700345],[105.9229008,21.2717418],[105.9225623,21.2764617],[105.9226808,21.2830302],[105.9229727,21.2863858],[105.9234655,21.2877803],[105.9259368,21.2897446],[105.9280147,21.2907313],[105.9306713,21.2913517],[105.9315093,21.2922001],[105.9318462,21.2934503],[105.931523,21.2943776],[105.9305009,21.2950365],[105.9279454,21.295105],[105.9251128,21.2942133],[105.9227683,21.2939721],[105.9197479,21.2939887],[105.9174658,21.2944366],[105.9164443,21.2952044],[105.915932,21.2968948],[105.9161337,21.2982002],[105.9177919,21.3033085],[105.9178211,21.3048871],[105.9169933,21.305672],[105.9160436,21.305532],[105.9141782,21.3044895],[105.9106785,21.302204],[105.9090678,21.3016501],[105.9072863,21.3016416],[105.9052748,21.3020335],[105.9027826,21.3029723],[105.9009698,21.3041979],[105.8984846,21.3062981],[105.8975445,21.3077367],[105.8975418,21.3104767],[105.8989983,21.3143342],[105.8992802,21.3160929],[105.8991591,21.3177439]]]},"properties":{"@id":"relation/19338088","UArea":"55.32","admin_level":"6","boundary":"administrative","name":"Xã Đa Phúc","name:en":"Da Phuc Commune","population":"83649","type":"boundary","wikipedia":"vi:Đa Phúc, Hà Nội"},"id":"relation/19338088"},
{"type":"Feature","geometry":{"type":"Polygon","coordinates":[[[106.1475657,21.1699147],[106.1496437,21.1638065],[106.1477791,21.1632748],[106.1483141,21.1611558],[106.14899,21.1598451],[106.1482068,21.1581042],[106.1488077,21.157824],[106.1462,21.1527785],[106.1487433,21.1518686],[106.148518,21.1506379],[106.1510929,21.1502076],[106.1518117,21.1487867],[106.1519257,21.1458559],[106.152248,21.144102],[106.1542823,21.1436454],[106.1543062,21.1426188],[106.1559919,21.1418136],[106.1568442,21.1410214],[106.1576285,21.1412062],[106.1581296,21.1397459],[106.1584581,21.1361121],[106.1616207,21.1363154],[106.1614593,21.1374087],[106.1633818,21.1376966],[106.1642114,21.1371314],[106.1669351,21.1375091],[106.170061,21.1348154],[106.1732604,21.1353013],[106.1737785,21.133965],[106.1760917,21.1336349],[106.1772513,21.1331063],[106.1773606,21.1298914],[106.1793151,21.1303967],[106.1792378,21.1315215],[106.1802163,21.132186],[106.1812583,21.1319774],[106.182126,21.1329826],[106.1838169,21.1359087],[106.1844907,21.136313],[106.1900739,21.1372536],[106.1914344,21.1368613],[106.1929021,21.1371295],[106.1935887,21.1388667],[106.1948387,21.139016],[106.1970251,21.14428],[106.1959491,21.1448451],[106.1963852,21.1456374],[106.1891312,21.1506177],[106.1862915,21.1524661],[106.1888731,21.1568637],[106.1885559,21.1582485],[106.1899219,21.1606143],[106.1906407,21.1602685],[106.1925206,21.1633016],[106.1941728,21.1631712],[106.1943094,21.1652124],[106.1972593,21.1651002],[106.1972495,21.1667107],[106.1977016,21.1687003],[106.1991392,21.1707839],[106.2001279,21.1710811],[106.2015492,21.1707475],[106.202938,21.1717483],[106.2070782,21.170705],[106.2078035,21.1698497],[106.2086488,21.1703631],[106.2167063,21.167844],[106.2182089,21.1694306],[106.221001,21.1719303],[106.2217687,21.1733482],[106.2216507,21.1747676],[106.220808,21.1759477],[106.2190726,21.1767825],[106.2177961,21.1768606],[106.2133247,21.1760765],[106.2105621,21.1763516],[106.2086307,21.1769266],[106.2046729,21.1785527],[106.1987784,21.1815777],[106.1958931,21.1821537],[106.1913337,21.1818296],[106.1899023,21.1814925],[106.1877709,21.1801619],[106.1871486,21.1791718],[106.1866947,21.1774445],[106.1855027,21.1763755],[106.1822,21.1761841],[106.1806192,21.1763673],[106.1777357,21.1774115],[106.1743755,21.1792122],[106.1730361,21.1796699],[106.1713488,21.180831],[106.1700822,21.1822704],[106.1683627,21.1855167],[106.1670321,21.1850003],[106.1671535,21.1838211],[106.1682588,21.1823631],[106.1657785,21.1805282],[106.1637399,21.1778855],[106.1617693,21.1765496],[106.1611407,21.1768717],[106.1599657,21.175747],[106.1586473,21.1768804],[106.1568242,21.1741321],[106.1547857,21.1750638],[106.1475657,21.1699147]]]},"properties":{"@id":"relation/19377767","admin_level":"6","boundary":"administrative","name":"Phường Quế Võ","name:en":"Que Vo Ward","name:lzh":"桂武坊","name:vi-Hani":"坊桂武","name:zh":"桂武坊","name:zh-Hans":"桂武坊","name:zh-Hant":"桂武坊","population":"40194","population:date":"2025-07-01","source:population":"gis.vn","type":"boundary","wikidata":"Q134980449","wikipedia":"vi:Quế Võ"},"id":"relation/19377767"},
{"type":"Feature","geometry":{"type":"Polygon","coordinates":[[[106.695602,21.3475866],[106.6976206,21.347849],[106.6994705,21.3486587],[106.7007876,21.3485318],[106.7050985,21.3455674],[106.7095059,21.3463459],[106.7115841,21.345786],[106.7132093,21.3449887],[106.7160151,21.3454938],[106.7183798,21.345589],[106.719062,21.3459762],[106.7192239,21.3476507],[106.7185974,21.3510401],[106.7205121,21.3535677],[106.7213535,21.355747],[106.7211555,21.3569563],[106.7200334,21.3593341],[106.7197569,21.3608031],[106.720196,21.3615301],[106.7227816,21.3615603],[106.723925,21.3622468],[106.7247056,21.3617621],[106.7275839,21.3628071],[106.7279959,21.3653858],[106.7288738,21.3660642],[106.7282947,21.3690389],[106.7285749,21.3708307],[106.7295463,21.3721006],[106.7295463,21.374362],[106.7302256,21.3758409],[106.7321805,21.3763446],[106.7341354,21.3778224],[106.7339916,21.3792994],[106.7352936,21.3818692],[106.7350847,21.3849485],[106.7340363,21.386526],[106.7358875,21.3887816],[106.7354957,21.3896808],[106.7360325,21.3914692],[106.7376181,21.3932356],[106.7373916,21.3943691],[106.7358485,21.3955159],[106.7352256,21.3973876],[106.7352539,21.3989957],[106.7341355,21.4002611],[106.7341072,21.4014737],[106.7331587,21.4021591],[106.7327199,21.4033058],[106.7302707,21.4044525],[106.7298602,21.4053092],[106.727649,21.4059899],[106.726855,21.4074682],[106.725471,21.4083372],[106.722218,21.4123089],[106.7191178,21.4128672],[106.7164141,21.4140858],[106.7146546,21.4180411],[106.7127878,21.4199388],[106.7110711,21.4235942],[106.7119724,21.4239338],[106.7132169,21.4264906],[106.7143864,21.4268501],[106.7145094,21.4279694],[106.7089859,21.4269632],[106.7083543,21.4276533],[106.7049158,21.4280827],[106.7036927,21.4269492],[106.7008442,21.4258356],[106.700474,21.4252114],[106.7009367,21.4238394],[106.6991651,21.4213437],[106.6982795,21.4209765],[106.6965151,21.4211377],[106.6959196,21.4202575],[106.6906572,21.4197723],[106.6866016,21.4195909],[106.6844344,21.4193037],[106.6461164,21.4195384],[106.626834,21.4197569],[106.6229603,21.4199545],[106.6243957,21.4181205],[106.6259124,21.4174045],[106.6239278,21.4162639],[106.6241343,21.4155145],[106.6253413,21.4153123],[106.6256243,21.4134482],[106.6279337,21.411307],[106.6285348,21.4094684],[106.6283464,21.4085152],[106.6290426,21.4069648],[106.6300326,21.4061922],[106.6298944,21.4048831],[106.6305166,21.4045634],[106.630057,21.4031194],[106.6300173,21.4015645],[106.6289555,21.3999685],[106.6291876,21.3984414],[106.6283545,21.3974127],[106.6293183,21.3966044],[106.6294719,21.3955607],[106.6281255,21.3950413],[106.6279427,21.3941764],[106.6290887,21.3937665],[106.6286975,21.3929156],[106.6297374,21.3923583],[106.6287693,21.3900766],[106.6296141,21.3894888],[106.6283464,21.3876403],[106.6285895,21.3857882],[106.627458,21.3858579],[106.6261621,21.3835492],[106.6250028,21.3829926],[106.6252314,21.3797391],[106.6244213,21.3792745],[106.6233055,21.380105],[106.6223926,21.3801554],[106.6213354,21.3794523],[106.6208057,21.3780706],[106.6197085,21.378268],[106.6193287,21.3771055],[106.6200303,21.3751587],[106.6195987,21.3745739],[106.6174783,21.3745688],[106.6157095,21.3756604],[106.6146461,21.3727761],[106.6191515,21.3712298],[106.6216546,21.3702303],[106.6225845,21.3690885],[106.6237628,21.3630714],[106.6244202,21.3590074],[106.6242939,21.357441],[106.6235965,21.3552128],[106.6238701,21.3535291],[106.6247246,21.3524581],[106.6268313,21.350996],[106.6291165,21.3507861],[106.6356727,21.3534279],[106.6375157,21.3544864],[106.6388744,21.3563319],[106.6397284,21.3603208],[106.6413803,21.3636036],[106.6421131,21.364391],[106.643614,21.3649155],[106.6471007,21.3643792],[106.6489649,21.3642704],[106.6510302,21.3626967],[106.6507357,21.3584512],[106.6496271,21.3555063],[106.6496848,21.3512198],[106.6502631,21.3503365],[106.6526003,21.348823],[106.6536313,21.3484504],[106.6557723,21.3483829],[106.6578508,21.3486682],[106.659683,21.348273],[106.6630948,21.3462145],[106.6649187,21.3442459],[106.6672518,21.342071],[106.6698431,21.3406442],[106.6723179,21.3402448],[106.6751037,21.3405826],[106.6772453,21.3420855],[106.6776415,21.3443075],[106.6778094,21.346864],[106.6772019,21.3497392],[106.6771746,21.3511336],[106.6778024,21.352176],[106.6815504,21.354568],[106.6855379,21.3556395],[106.6870174,21.3538388],[106.6883773,21.3527697],[106.6912952,21.3523433],[106.6922733,21.3518987],[106.6938746,21.3504998],[106.695541,21.3484043],[106.695602,21.3475866]]]},"properties":{"@id":"relation/19425625","admin_level":"6","boundary":"administrative","name":"Xã Lục Ngạn","name:lzh":"陸岸社","name:vi-Hani":"社陸岸","name:zh":"陸岸社","name:zh-Hans":"陆岸社","name:zh-Hant":"陸岸社","type":"boundary","wikidata":"Q135141574","wikipedia":"vi:Lục Ngạn"},"id":"relation/19425625"},
{"type":"Feature","geometry":{"type":"Polygon","coordinates":[[[106.5368473,21.4061348],[106.5388615,21.404437],[106.5391023,21.4029479],[106.5379376,21.4026675],[106.5378189,21.4014248],[106.5353623,21.3996941],[106.5360554,21.3988173],[106.5359006,21.3975315],[106.5346339,21.3961384],[106.5348327,21.3954405],[106.5339101,21.3926652],[106.5352681,21.3905198],[106.5341603,21.3896881],[106.5351885,21.3879003],[106.5361756,21.3876917],[106.5373872,21.386228],[106.5368909,21.3845165],[106.5378644,21.3840988],[106.5381158,21.3830565],[106.5394752,21.3817131],[106.5396356,21.3795483],[106.541092,21.3771352],[106.5413169,21.3762285],[106.5424915,21.3751679],[106.5447333,21.3742367],[106.5472905,21.3754362],[106.5491065,21.3757766],[106.5499648,21.3749515],[106.5518047,21.3752888],[106.5526286,21.3730473],[106.5521368,21.3724801],[106.5523486,21.3707372],[106.5566448,21.3690611],[106.5425288,21.3650559],[106.5428102,21.3640826],[106.5426661,21.361852],[106.5428824,21.3604982],[106.5422569,21.3587615],[106.5412985,21.3580438],[106.5410468,21.3566921],[106.5396182,21.3565402],[106.5391298,21.3554294],[106.539478,21.3539156],[106.5391621,21.3526328],[106.538351,21.3520469],[106.5383857,21.3507509],[106.5359114,21.3465634],[106.5366948,21.344195],[106.5382832,21.3429033],[106.5419662,21.3427669],[106.5461372,21.3434117],[106.5471567,21.3439903],[106.5479743,21.3453701],[106.5480816,21.3478233],[106.5499163,21.3498119],[106.5530547,21.3519743],[106.5551117,21.3526897],[106.5561296,21.3534296],[106.5563375,21.3545433],[106.5560585,21.3588399],[106.5567157,21.3611498],[106.5574351,21.3622714],[106.5598646,21.3643304],[106.563161,21.3659765],[106.5643845,21.366293],[106.566948,21.3658391],[106.5702815,21.3646099],[106.5728331,21.3644103],[106.5794429,21.3645093],[106.5827008,21.3640239],[106.5866578,21.3638796],[106.5917561,21.3617177],[106.5944731,21.3602737],[106.597517,21.3583227],[106.5992528,21.3579856],[106.6011874,21.3585608],[106.6028805,21.3597904],[106.6050536,21.3634303],[106.6064116,21.3672953],[106.6072069,21.3688661],[106.6091591,21.3710162],[106.611367,21.3725482],[106.6133439,21.3729803],[106.6146461,21.3727761],[106.6157095,21.3756604],[106.6174783,21.3745688],[106.6195987,21.3745739],[106.6200303,21.3751587],[106.6193287,21.3771055],[106.6197085,21.378268],[106.6208057,21.3780706],[106.6213354,21.3794523],[106.6223926,21.3801554],[106.6233055,21.380105],[106.6244213,21.3792745],[106.6252314,21.3797391],[106.6250028,21.3829926],[106.6261621,21.3835492],[106.627458,21.3858579],[106.6285895,21.3857882],[106.6283464,21.3876403],[106.6296141,21.3894888],[106.6287693,21.3900766],[106.6297374,21.3923583],[106.6286975,21.3929156],[106.6290887,21.3937665],[106.6279427,21.3941764],[106.6281255,21.3950413],[106.6294719,21.3955607],[106.6293183,21.3966044],[106.6283545,21.3974127],[106.6291876,21.3984414],[106.6289555,21.3999685],[106.6300173,21.4015645],[106.630057,21.4031194],[106.6305166,21.4045634],[106.6298944,21.4048831],[106.6300326,21.4061922],[106.6290426,21.4069648],[106.6283464,21.4085152],[106.6285348,21.4094684],[106.6279337,21.411307],[106.6256243,21.4134482],[106.6253413,21.4153123],[106.6241343,21.4155145],[106.6239278,21.4162639],[106.6259124,21.4174045],[106.6243957,21.4181205],[106.6229603,21.4199545],[106.6139272,21.4201914],[106.6146116,21.4228836],[106.6167213,21.4253526],[106.6172639,21.4281564],[106.6172682,21.4295084],[106.6149062,21.428594],[106.6129938,21.4287419],[106.6126934,21.4296382],[106.6103438,21.4328266],[106.6090442,21.4339389],[106.6073055,21.4326459],[106.6073209,21.4316781],[106.606535,21.4304347],[106.6069856,21.4288168],[106.6052046,21.4264224],[106.6012993,21.4282226],[106.5993199,21.4297081],[106.5988907,21.4307193],[106.5955889,21.4319178],[106.5937141,21.4319952],[106.5927324,21.4331462],[106.5913202,21.4322336],[106.5899107,21.4308691],[106.5886366,21.4288493],[106.587781,21.4305096],[106.5880707,21.4316706],[106.5874833,21.4322449],[106.5854609,21.4325869],[106.5840125,21.4336305],[106.5833983,21.4323797],[106.5810889,21.4318878],[106.5800214,21.4334308],[106.5779614,21.4336056],[106.5768081,21.4323822],[106.575534,21.4342385],[106.5737343,21.4345568],[106.5727143,21.4342572],[106.5712241,21.4261637],[106.5738889,21.4133978],[106.571051,21.408741],[106.56958,21.4091822],[106.569264,21.4081844],[106.5681254,21.4079774],[106.567405,21.4069888],[106.5656431,21.4064601],[106.564239,21.4051305],[106.5627929,21.4032408],[106.5636316,21.4023492],[106.5641855,21.4003461],[106.5649054,21.3990695],[106.5628666,21.3984513],[106.5616569,21.3995801],[106.559905,21.3998723],[106.5584477,21.3994736],[106.5569549,21.3999813],[106.5565725,21.4009344],[106.5537074,21.4025844],[106.5526712,21.4050943],[106.5504985,21.4065692],[106.5502747,21.4073497],[106.5475607,21.4074182],[106.5470052,21.4081361],[106.5452562,21.4083207],[106.5432274,21.4077352],[106.5409409,21.407413],[106.5395654,21.4083895],[106.5381826,21.4085497],[106.5368814,21.4079409],[106.5368473,21.4061348]]]},"properties":{"@id":"relation/19425626","admin_level":"6","boundary":"administrative","name":"Phường Chũ","name:lzh":"珠坊","name:vi-Hani":"坊珠","name:zh":"珠坊","name:zh-Hans":"珠坊","name:zh-Hant":"珠坊","population":"58409","population:date":"2025-07-01","source:population":"gis.vn","type":"boundary","wikidata":"Q2580178","wikipedia":"vi:Chũ"},"id":"relation/19425626"},
{"type":"Feature","geometry":{"type":"Polygon","coordinates":[[[106.3108749,21.3724549],[106.3098025,21.3732323],[106.3084751,21.3724273],[106.3071882,21.3740882],[106.3059701,21.369778],[106.3047293,21.3691109],[106.302642,21.3702672],[106.3002915,21.3706289],[106.2988193,21.3724374],[106.2977991,21.3751259],[106.296617,21.3763067],[106.2940273,21.3766101],[106.2923243,21.3746993],[106.291528,21.3750141],[106.2925438,21.3773032],[106.2862543,21.3850128],[106.2836664,21.385278],[106.2800223,21.3876174],[106.2795338,21.3924701],[106.2816744,21.3937152],[106.2837188,21.3944655],[106.2852595,21.3959134],[106.2849433,21.3966474],[106.2855135,21.3982242],[106.2846159,21.3995028],[106.2835535,21.4002279],[106.2819023,21.4003052],[106.2785221,21.3997679],[106.2766729,21.3984915],[106.2754167,21.4008416],[106.2745975,21.4002834],[106.2712749,21.3997725],[106.2626801,21.3965393],[106.2607461,21.3962106],[106.2553375,21.3982532],[106.2541447,21.3990694],[106.2521009,21.3989409],[106.2516112,21.3994994],[106.2492267,21.3998374],[106.248286,21.4009772],[106.2466929,21.4012203],[106.2458925,21.4019613],[106.2446761,21.4024368],[106.2431557,21.4024742],[106.2426804,21.4037962],[106.2414367,21.403768],[106.2408755,21.403112],[106.2387676,21.4029882],[106.2374343,21.4018568],[106.2385524,21.3993308],[106.2374902,21.3963592],[106.2357399,21.3938682],[106.2380285,21.3926714],[106.2390931,21.3891726],[106.2415231,21.3888023],[106.2421342,21.3872851],[106.2450146,21.3882109],[106.2497432,21.3871237],[106.249358,21.3795296],[106.2472472,21.3778424],[106.2450243,21.3715279],[106.2401341,21.3674005],[106.2419473,21.3649017],[106.2422238,21.3616532],[106.2412724,21.3606007],[106.2421587,21.357034],[106.2440461,21.3574664],[106.2446042,21.3572072],[106.2433672,21.353798],[106.242073,21.3511798],[106.240134,21.3508559],[106.2392793,21.349632],[106.2374545,21.3493318],[106.2357501,21.3476693],[106.2339632,21.3479778],[106.2321856,21.347138],[106.2312464,21.3475844],[106.2298203,21.347435],[106.2285891,21.3482175],[106.2277194,21.3481145],[106.2264647,21.3489007],[106.2249608,21.3488703],[106.2215688,21.3483705],[106.220906,21.3476773],[106.2207491,21.3463991],[106.2223831,21.3456053],[106.2226058,21.345011],[106.2246987,21.3445627],[106.2263752,21.343556],[106.2278777,21.3420586],[106.2291177,21.3402291],[106.2289013,21.3389373],[106.2295693,21.3382125],[106.2292986,21.3369434],[106.2299869,21.3361148],[106.2314398,21.3357642],[106.2319491,21.3335937],[106.2289762,21.3327249],[106.2284148,21.3310654],[106.229783,21.3301693],[106.2300299,21.3292824],[106.2321872,21.3277399],[106.2361452,21.3224611],[106.2389211,21.3253707],[106.2399519,21.3243868],[106.2412239,21.3248672],[106.2465473,21.3203563],[106.2487439,21.3264063],[106.2524864,21.3254631],[106.254484,21.3240648],[106.2538026,21.3222939],[106.2546951,21.3203523],[106.2563789,21.3202721],[106.2576171,21.3190352],[106.2563591,21.3170212],[106.2556383,21.3150942],[106.2560691,21.3141873],[106.2588298,21.3143717],[106.2609523,21.3151392],[106.2610792,21.3156732],[106.2628428,21.3162312],[106.2647943,21.3174786],[106.2655074,21.3167116],[106.2680048,21.3159533],[106.2702615,21.3156583],[106.2704777,21.3146653],[106.2731344,21.3167778],[106.2742598,21.3166889],[106.2768329,21.3174946],[106.2780771,21.3202476],[106.2773757,21.3206519],[106.277519,21.3221176],[106.2783419,21.3218787],[106.2799111,21.3230116],[106.2806136,21.3250804],[106.2828731,21.3262158],[106.2812126,21.3300605],[106.2816426,21.3303028],[106.2830917,21.3287846],[106.2850221,21.3277452],[106.2881597,21.3277887],[106.2878671,21.3294192],[106.2899044,21.330744],[106.2909466,21.331763],[106.2918956,21.3307449],[106.2941802,21.3292618],[106.2947296,21.3292728],[106.2969731,21.3325471],[106.2983411,21.3331871],[106.3004581,21.3331406],[106.3020036,21.3350664],[106.3050426,21.3361025],[106.3066473,21.3380615],[106.3071909,21.3382898],[106.308469,21.3373348],[106.3117966,21.3397206],[106.313008,21.3413047],[106.3134848,21.3437164],[106.3150198,21.3451729],[106.3150442,21.345997],[106.3142043,21.3468241],[106.3147448,21.3489515],[106.3143445,21.3497898],[106.314778,21.3515591],[106.3134833,21.3523424],[106.3123493,21.355169],[106.3133723,21.356706],[106.3130557,21.3581272],[106.3133127,21.36153],[106.3141566,21.3620704],[106.3144888,21.3642114],[106.3129693,21.3661291],[106.3127243,21.3687647],[106.3110427,21.3712047],[106.3108749,21.3724549]]]},"properties":{"@id":"relation/19425627","admin_level":"6","boundary":"administrative","name":"Xã Lạng Giang","name:lzh":"諒江社","name:vi-Hani":"社諒江","name:zh":"諒江社","name:zh-Hans":"谅江社","name:zh-Hant":"諒江社","type":"boundary","wikidata":"Q135044395","wikipedia":"vi:Lạng Giang"},"id":"relation/19425627"},
{"type":"Feature","geometry":{"type":"Polygon","coordinates":[[[106.3498552,21.3968843],[106.3485118,21.3960413],[106.3458406,21.3953345],[106.3438583,21.3937508],[106.3418329,21.3925386],[106.339857,21.3891646],[106.3390884,21.3868003],[106.3360106,21.3865439],[106.3349012,21.3830359],[106.3329032,21.382648],[106.3320417,21.3813619],[106.3300411,21.3811826],[106.3286514,21.3800212],[106.3294406,21.379548],[106.3277032,21.3771983],[106.3260141,21.3755828],[106.3243779,21.3749233],[106.3220805,21.3744867],[106.3191531,21.3745686],[106.3165315,21.3752684],[106.3147638,21.3741121],[106.3128214,21.37376],[106.3108749,21.3724549],[106.3110427,21.3712047],[106.3127243,21.3687647],[106.3129693,21.3661291],[106.3144888,21.3642114],[106.3141566,21.3620704],[106.3133127,21.36153],[106.3130557,21.3581272],[106.3133723,21.356706],[106.3123493,21.355169],[106.3134833,21.3523424],[106.314778,21.3515591],[106.3143445,21.3497898],[106.3147448,21.3489515],[106.3142043,21.3468241],[106.3150442,21.345997],[106.3150198,21.3451729],[106.3134848,21.3437164],[106.313008,21.3413047],[106.3117966,21.3397206],[106.308469,21.3373348],[106.3071909,21.3382898],[106.3066473,21.3380615],[106.3050426,21.3361025],[106.3020036,21.3350664],[106.3004581,21.3331406],[106.2983411,21.3331871],[106.2969731,21.3325471],[106.2947296,21.3292728],[106.2941802,21.3292618],[106.2918956,21.3307449],[106.2919509,21.3294364],[106.2946989,21.326084],[106.2955047,21.3246015],[106.2922932,21.3235026],[106.2911205,21.3234528],[106.2911114,21.3224407],[106.2923581,21.3208575],[106.2926952,21.3197407],[106.2921413,21.3191818],[106.2923563,21.3179957],[106.2932811,21.3169713],[106.2924939,21.316153],[106.2940723,21.3140857],[106.2939887,21.3119184],[106.2941898,21.3093226],[106.2950352,21.308667],[106.2928808,21.3054116],[106.2938366,21.3036396],[106.2959164,21.3037741],[106.2981217,21.3026596],[106.2992379,21.3004943],[106.299379,21.2989838],[106.3001526,21.298575],[106.301268,21.3007001],[106.3022704,21.3015439],[106.303794,21.301113],[106.3043764,21.3004951],[106.3064463,21.3020038],[106.3049222,21.3039309],[106.3060047,21.3058728],[106.3047887,21.3070243],[106.3045625,21.3080771],[106.3051896,21.3099649],[106.3048675,21.3137465],[106.3066612,21.3139398],[106.3087383,21.3146494],[106.3094349,21.3156762],[106.3093239,21.3179178],[106.3107443,21.3176662],[106.311271,21.3192019],[106.312431,21.3206897],[106.3134334,21.3208299],[106.3144857,21.3217304],[106.3149947,21.3227788],[106.3161517,21.3235158],[106.3176021,21.323861],[106.3213461,21.3201621],[106.3209965,21.3194602],[106.3217379,21.3171819],[106.3231919,21.3165556],[106.3230845,21.3147795],[106.3256107,21.3125497],[106.3282398,21.3118585],[106.3289247,21.312182],[106.3287878,21.3141109],[106.3311211,21.3145719],[106.3312682,21.31514],[106.3330903,21.3166976],[106.3342768,21.3170574],[106.3356426,21.3164747],[106.3362699,21.3175329],[106.3353078,21.3184307],[106.3359763,21.3200484],[106.3392388,21.3229042],[106.3397074,21.3221422],[106.3411836,21.3216718],[106.3444339,21.322645],[106.3447985,21.3230184],[106.3465168,21.3223007],[106.3477732,21.3225792],[106.3488114,21.3211957],[106.3503296,21.3212643],[106.3532005,21.3197526],[106.3553859,21.3204367],[106.3595835,21.3202382],[106.3592048,21.3167732],[106.3618722,21.3154445],[106.3685664,21.3110711],[106.3699923,21.3123587],[106.3704319,21.3135248],[106.3721785,21.3134614],[106.3729288,21.3144606],[106.3744682,21.3138134],[106.3777077,21.3135722],[106.3774923,21.3130154],[106.3794799,21.3122516],[106.3813773,21.3123921],[106.3818247,21.3147948],[106.3850768,21.313969],[106.3876882,21.3145012],[106.3892904,21.3144676],[106.3891362,21.3164773],[106.3899994,21.3187298],[106.3927894,21.3185173],[106.3936369,21.3181454],[106.3938679,21.3170158],[106.3951895,21.316041],[106.396023,21.3163614],[106.3975182,21.3156864],[106.3986058,21.3169789],[106.3979125,21.3181285],[106.3976841,21.3203354],[106.3983861,21.3207706],[106.3980078,21.3222406],[106.3979956,21.3240838],[106.4002982,21.3241228],[106.4025659,21.3263014],[106.4029759,21.3246398],[106.4043669,21.3245674],[106.4054607,21.3253111],[106.4050145,21.326814],[106.4070994,21.3284336],[106.4084542,21.3284567],[106.4108106,21.3273162],[106.4124589,21.3270152],[106.4129915,21.3253825],[106.4154923,21.3292719],[106.4155866,21.3309948],[106.4139825,21.3330033],[106.4142649,21.3336516],[106.4166245,21.3340561],[106.4180103,21.3328948],[106.419266,21.333218],[106.4208667,21.3348944],[106.4198076,21.3375201],[106.4231095,21.3386802],[106.4174112,21.3429041],[106.4158888,21.3432173],[106.4125497,21.34447],[106.4115959,21.3459489],[106.4092526,21.3462664],[106.4071691,21.3475766],[106.4065122,21.3473681],[106.4047869,21.347958],[106.4019889,21.3481128],[106.4007072,21.3477223],[106.3984519,21.3492602],[106.3973696,21.3491096],[106.3966117,21.35209],[106.3966155,21.3529263],[106.3992925,21.3580357],[106.4003057,21.3631194],[106.3989835,21.3656261],[106.399639,21.3676718],[106.3999188,21.3695952],[106.3986796,21.3704779],[106.4013612,21.3759203],[106.3971511,21.3777423],[106.3959088,21.3801451],[106.3957954,21.3811188],[106.3981961,21.3842729],[106.4000718,21.3895891],[106.3996723,21.3923816],[106.4001637,21.394891],[106.3997743,21.3962761],[106.4000653,21.3981165],[106.3995757,21.4002368],[106.4004703,21.4025926],[106.4004392,21.4053734],[106.3989985,21.4052523],[106.3953911,21.4054343],[106.392525,21.4028261],[106.3902815,21.4001943],[106.3867861,21.3971351],[106.3824643,21.3964455],[106.3785159,21.3941765],[106.377064,21.3937465],[106.3755594,21.3948931],[106.3735283,21.3944123],[106.3721058,21.3946804],[106.3694102,21.3974377],[106.3671479,21.399087],[106.3663599,21.3991343],[106.3631625,21.3972638],[106.3618623,21.3959448],[106.3591212,21.3961057],[106.3567313,21.397134],[106.3542955,21.3973694],[106.3534148,21.397153],[106.3511101,21.3958461],[106.3498552,21.3968843]]]},"properties":{"@id":"relation/19425628","admin_level":"6","boundary":"administrative","name":"Xã Bảo Đài","name:lzh":"保臺社","name:vi-Hani":"社保臺","name:zh":"保臺社","name:zh-Hans":"保台社","name:zh-Hant":"保臺社","type":"boundary","wikidata":"Q2222994","wikipedia":"vi:Bảo Đài"},"id":"relation/19425628"},
{"type":"Feature","geometry":{"type":"Polygon","coordinates":[[[106.3205181,21.2905118],[106.322414,21.2905174],[106.3237428,21.2914048],[106.3251749,21.2904375],[106.3254661,21.2894577],[106.3271375,21.2886519],[106.3289552,21.2886492],[106.330324,21.2892705],[106.3339666,21.2898829],[106.3357385,21.2889612],[106.336267,21.2902326],[106.3375432,21.2902132],[106.3380968,21.2879247],[106.3404405,21.288128],[106.3427381,21.2876235],[106.3428704,21.2866953],[106.3463848,21.2864823],[106.3480019,21.286911],[106.3492962,21.2868294],[106.3511168,21.2858806],[106.3524441,21.2864931],[106.3528137,21.2875562],[106.3543879,21.2880877],[106.3583573,21.2865353],[106.3627227,21.2826389],[106.3658095,21.283526],[106.3710522,21.2860649],[106.3732391,21.2858798],[106.3761636,21.2868062],[106.3803958,21.2849128],[106.382509,21.2847464],[106.3846058,21.2855972],[106.3868276,21.2827262],[106.3856776,21.2817243],[106.3857538,21.2780396],[106.3876029,21.2785637],[106.3892523,21.2803524],[106.3897238,21.2792896],[106.3921845,21.2781966],[106.3936507,21.2791641],[106.3966698,21.2769592],[106.3980047,21.276951],[106.3995197,21.2775541],[106.401665,21.2773102],[106.40237,21.280147],[106.4037593,21.2841674],[106.4049617,21.2881228],[106.4086313,21.2870672],[106.4119444,21.2844363],[106.4138439,21.2837316],[106.4227467,21.283244],[106.423547,21.2824997],[106.4252091,21.2819675],[106.4259705,21.2793776],[106.4282299,21.2782637],[106.4285286,21.2765922],[106.4298365,21.2751827],[106.4306838,21.2750448],[106.4356611,21.2758944],[106.4365088,21.276745],[106.4376578,21.2769029],[106.43871,21.2777993],[106.4403332,21.2784838],[106.4400904,21.2794569],[106.4418109,21.280519],[106.4401176,21.2847562],[106.4411356,21.2860996],[106.4422272,21.290934],[106.4452728,21.2999186],[106.4474016,21.3000587],[106.4479913,21.3010975],[106.452516,21.3020279],[106.452544,21.3024664],[106.4500143,21.3032953],[106.4500791,21.3046885],[106.4514558,21.3054858],[106.4522018,21.3066573],[106.4509857,21.3072973],[106.450873,21.309149],[106.4500254,21.3095113],[106.4501478,21.3108004],[106.4492154,21.3110381],[106.4492516,21.31232],[106.4482284,21.3130021],[106.448573,21.3138005],[106.4477268,21.3148692],[106.4485019,21.3160231],[106.4500348,21.3151548],[106.4505257,21.3157108],[106.4522611,21.3153135],[106.452072,21.3166953],[106.4499611,21.3171325],[106.4493522,21.3179096],[106.4494033,21.3199909],[106.4490598,21.3220899],[106.4492402,21.3239393],[106.4483303,21.3255179],[106.446957,21.3255029],[106.4446449,21.3276667],[106.4418029,21.3264012],[106.4407879,21.327115],[106.4389349,21.3266114],[106.4381229,21.3279554],[106.4361485,21.3301071],[106.4356838,21.3315102],[106.4358868,21.3325849],[106.4337058,21.332757],[106.4334356,21.3337606],[106.4346315,21.3350062],[106.4343974,21.3355099],[106.4359594,21.3364728],[106.4353112,21.3377073],[106.4358867,21.3402972],[106.4346655,21.3417093],[106.4316647,21.340602],[106.4292426,21.3414068],[106.4280448,21.33915],[106.4270711,21.3383025],[106.4255663,21.3387718],[106.4231095,21.3386802],[106.4198076,21.3375201],[106.4208667,21.3348944],[106.419266,21.333218],[106.4180103,21.3328948],[106.4166245,21.3340561],[106.4142649,21.3336516],[106.4139825,21.3330033],[106.4155866,21.3309948],[106.4154923,21.3292719],[106.4129915,21.3253825],[106.4124589,21.3270152],[106.4108106,21.3273162],[106.4084542,21.3284567],[106.4070994,21.3284336],[106.4050145,21.326814],[106.4054607,21.3253111],[106.4043669,21.3245674],[106.4029759,21.3246398],[106.4025659,21.3263014],[106.4002982,21.3241228],[106.3979956,21.3240838],[106.3980078,21.3222406],[106.3983861,21.3207706],[106.3976841,21.3203354],[106.3979125,21.3181285],[106.3986058,21.3169789],[106.3975182,21.3156864],[106.396023,21.3163614],[106.3951895,21.316041],[106.3938679,21.3170158],[106.3936369,21.3181454],[106.3927894,21.3185173],[106.3899994,21.3187298],[106.3891362,21.3164773],[106.3892904,21.3144676],[106.3876882,21.3145012],[106.3850768,21.313969],[106.3818247,21.3147948],[106.3813773,21.3123921],[106.3794799,21.3122516],[106.3774923,21.3130154],[106.3777077,21.3135722],[106.3744682,21.3138134],[106.3729288,21.3144606],[106.3721785,21.3134614],[106.3704319,21.3135248],[106.3699923,21.3123587],[106.3685664,21.3110711],[106.3618722,21.3154445],[106.3592048,21.3167732],[106.3595835,21.3202382],[106.3553859,21.3204367],[106.3532005,21.3197526],[106.3503296,21.3212643],[106.3488114,21.3211957],[106.3477732,21.3225792],[106.3465168,21.3223007],[106.3447985,21.3230184],[106.3444339,21.322645],[106.3411836,21.3216718],[106.3397074,21.3221422],[106.3392388,21.3229042],[106.3359763,21.3200484],[106.3353078,21.3184307],[106.3362699,21.3175329],[106.3356426,21.3164747],[106.3342768,21.3170574],[106.3330903,21.3166976],[106.3312682,21.31514],[106.3311211,21.3145719],[106.3287878,21.3141109],[106.3289247,21.312182],[106.3282398,21.3118585],[106.3256107,21.3125497],[106.3230845,21.3147795],[106.3231919,21.3165556],[106.3217379,21.3171819],[106.3209965,21.3194602],[106.3213461,21.3201621],[106.3176021,21.323861],[106.3161517,21.3235158],[106.3149947,21.3227788],[106.3144857,21.3217304],[106.3134334,21.3208299],[106.312431,21.3206897],[106.311271,21.3192019],[106.3107443,21.3176662],[106.3093239,21.3179178],[106.3094349,21.3156762],[106.3087383,21.3146494],[106.3066612,21.3139398],[106.3048675,21.3137465],[106.3051896,21.3099649],[106.3045625,21.3080771],[106.3047887,21.3070243],[106.3060047,21.3058728],[106.3049222,21.3039309],[106.3064463,21.3020038],[106.3071197,21.3022045],[106.3093563,21.3016268],[106.3107589,21.3020344],[106.3119616,21.3028494],[106.3135992,21.3034101],[106.3139655,21.3027699],[106.3152271,21.3025451],[106.3162259,21.3004103],[106.3194078,21.2982473],[106.3203096,21.2972469],[106.3202785,21.2952928],[106.3196672,21.292694],[106.3205181,21.2905118]]]},"properties":{"@id":"relation/19425629","admin_level":"6","boundary":"administrative","name":"Xã Lục Nam","name:lzh":"陸南社","name:vi-Hani":"社陸南","name:zh":"陸南社","name:zh-Hans":"陆南社","name:zh-Hant":"陸南社","type":"boundary","wikidata":"Q135140786","wikipedia":"vi:Lục Nam"},"id":"relation/19425629"},
{"type":"Feature","geometry":{"type":"Polygon","coordinates":[[[106.1714403,21.4240432],[106.172931,21.4254352],[106.1751674,21.4248976],[106.1752812,21.4256027],[106.1738636,21.426063],[106.1730611,21.4272225],[106.1725845,21.4305307],[106.1725562,21.4326173],[106.173723,21.4339667],[106.1753929,21.4341973],[106.1764894,21.4378201],[106.1744301,21.4391864],[106.1742028,21.4401649],[106.1754837,21.4421088],[106.1780365,21.4441492],[106.1812328,21.4475849],[106.1771809,21.4493686],[106.1765657,21.4503097],[106.176198,21.4529028],[106.1777183,21.4538966],[106.1775062,21.4559698],[106.1765586,21.4567661],[106.1756393,21.4566016],[106.174522,21.4552853],[106.1727188,21.4548707],[106.1711561,21.4561343],[106.1716157,21.458214],[106.1698479,21.4586089],[106.167981,21.4604121],[106.1685326,21.462393],[106.1658596,21.4619389],[106.1645231,21.4623535],[106.1628189,21.4620442],[106.1613763,21.4636566],[106.1611995,21.4662297],[106.1598489,21.4669339],[106.1586107,21.4697582],[106.15649,21.4713627],[106.1549202,21.4709744],[106.1535483,21.4715272],[106.1499204,21.4818481],[106.1467889,21.4846726],[106.1450831,21.4880576],[106.1433429,21.4886203],[106.1432387,21.4894926],[106.141523,21.4904161],[106.140993,21.4917002],[106.1426731,21.4924353],[106.1434731,21.4938031],[106.1424031,21.4955618],[106.1400929,21.4952733],[106.1397129,21.4947243],[106.1365228,21.4959991],[106.1375874,21.4980723],[106.135727,21.4991912],[106.1349772,21.5009287],[106.1349914,21.5028175],[106.1337039,21.5031268],[106.1326217,21.5024161],[106.1327914,21.500797],[106.1310938,21.5007773],[106.1296825,21.5026596],[106.1301777,21.5041405],[106.1271358,21.5062665],[106.1266123,21.5088201],[106.1252116,21.5092874],[106.125728,21.5104984],[106.1224424,21.5130435],[106.1206782,21.5124256],[106.1222188,21.5086907],[106.1213746,21.5080633],[106.1206461,21.5094363],[106.1179842,21.509697],[106.1150701,21.507177],[106.1106594,21.5117227],[106.1091788,21.5116429],[106.1044366,21.5151264],[106.1008961,21.5120821],[106.1012394,21.5097065],[106.099673,21.5068916],[106.098407,21.5052147],[106.0976775,21.5008625],[106.0981066,21.4975284],[106.1008103,21.4941942],[106.0997027,21.4895715],[106.0984532,21.488296],[106.0966482,21.4881622],[106.0957617,21.4835524],[106.093573,21.4794192],[106.0940236,21.4781612],[106.0952467,21.4772826],[106.0952467,21.4753258],[106.0957402,21.4743274],[106.0948605,21.4721509],[106.0958475,21.4710326],[106.0963625,21.4695549],[106.0955437,21.4673344],[106.0966274,21.4657568],[106.0967428,21.4636826],[106.0976548,21.4637744],[106.098611,21.4623459],[106.0997744,21.4624337],[106.1010254,21.4603783],[106.1004616,21.4592314],[106.1001998,21.4571549],[106.1012497,21.4561648],[106.1024971,21.4534913],[106.1058279,21.4523233],[106.1086756,21.4489308],[106.109268,21.4493073],[106.1126461,21.4500845],[106.1139578,21.4507592],[106.1148025,21.4494969],[106.1163034,21.4487931],[106.1190688,21.449107],[106.1210131,21.4490492],[106.1235963,21.4470155],[106.1244145,21.4467097],[106.1262727,21.4472789],[106.1299563,21.4476178],[106.1336958,21.4484499],[106.1347497,21.4481045],[106.1366899,21.4465757],[106.1381693,21.4444155],[106.1390573,21.4437059],[106.1424014,21.4428492],[106.1441666,21.4439285],[106.1462322,21.4425666],[106.1467771,21.4432386],[106.1480009,21.4416189],[106.1473419,21.4407686],[106.1482345,21.4384522],[106.1489862,21.4372035],[106.1504578,21.4369229],[106.1512557,21.4377509],[106.1543369,21.4381322],[106.1546723,21.43926],[106.1569274,21.4390938],[106.1574307,21.4385409],[106.158555,21.4392926],[106.1607801,21.4374121],[106.1613409,21.4362343],[106.1612718,21.4350736],[106.16304,21.4345786],[106.1638225,21.4329144],[106.1635724,21.4317598],[106.1646908,21.4308257],[106.1645466,21.4280518],[106.1658715,21.4285374],[106.1665277,21.4275955],[106.1679919,21.4267745],[106.1681505,21.4257459],[106.1692958,21.424779],[106.1714403,21.4240432]]]},"properties":{"@id":"relation/19425630","admin_level":"6","boundary":"administrative","name":"Xã Yên Thế","name:lzh":"安世社","name:vi-Hani":"社安世","name:zh":"安世社","name:zh-Hans":"安世社","name:zh-Hant":"安世社","type":"boundary","wikidata":"Q135180109","wikipedia":"vi:Yên Thế"},"id":"relation/19425630"},
{"type":"Feature","geometry":{"type":"Polygon","coordinates":[[[106.1289588,21.4074963],[106.1280493,21.4064285],[106.1266739,21.4055675],[106.1265198,21.4044526],[106.1253451,21.4022747],[106.1222229,21.4002354],[106.119451,21.3972491],[106.1182426,21.3983269],[106.117439,21.3982227],[106.1164334,21.3992469],[106.1150253,21.3992597],[106.11451,21.4025865],[106.1129525,21.4020905],[106.1119173,21.4009785],[106.1106872,21.4006149],[106.1080005,21.4027848],[106.1046134,21.4030625],[106.10391,21.4038976],[106.1022332,21.404184],[106.1008038,21.4036874],[106.0994439,21.4012343],[106.0996088,21.3997708],[106.0969542,21.3976942],[106.0953194,21.3980403],[106.094445,21.3971955],[106.093219,21.3971456],[106.0917497,21.3963707],[106.0913902,21.395517],[106.0881771,21.3943418],[106.0876713,21.3936952],[106.0875543,21.3914616],[106.0867789,21.390281],[106.0857104,21.3902988],[106.0842875,21.391478],[106.0831909,21.3902611],[106.0837432,21.3896835],[106.083784,21.3882442],[106.088134,21.3885762],[106.0882271,21.3871415],[106.0910184,21.3859526],[106.0928943,21.3854943],[106.0944871,21.3856504],[106.0948632,21.3847717],[106.097603,21.3835965],[106.0988038,21.3808647],[106.103299,21.3784551],[106.1037766,21.3766327],[106.1034875,21.3755862],[106.1044274,21.373571],[106.1037636,21.3720928],[106.1052501,21.3700477],[106.1040799,21.3694012],[106.103183,21.3695014],[106.1015657,21.368269],[106.1026169,21.3664337],[106.1017984,21.3662132],[106.1004068,21.3637864],[106.1006029,21.3630993],[106.101959,21.3622659],[106.1026728,21.3605745],[106.1015279,21.3595148],[106.1020085,21.3580011],[106.1036339,21.3571125],[106.1026145,21.3550321],[106.1005655,21.3545411],[106.0998418,21.3527388],[106.0935322,21.3490584],[106.0925819,21.348093],[106.0944115,21.3464983],[106.0955705,21.3437142],[106.0956199,21.3419831],[106.0951465,21.3397255],[106.0951606,21.338126],[106.0960332,21.335987],[106.0982731,21.3331042],[106.1006588,21.3294518],[106.1057018,21.3246426],[106.1078714,21.3267723],[106.1087692,21.3273543],[106.1111634,21.3301922],[106.1145828,21.3302782],[106.1186815,21.3275732],[106.1196707,21.3272251],[106.1208981,21.3276774],[106.1211887,21.3284654],[106.1207742,21.3303767],[106.1216221,21.331471],[106.1221376,21.3330681],[106.1237823,21.3338418],[106.1254712,21.3332498],[106.1258392,21.3358049],[106.1268137,21.3352578],[106.1282772,21.3353992],[106.1300341,21.3343474],[106.131422,21.3328523],[106.1324858,21.3331214],[106.1320252,21.3345504],[106.1330987,21.334654],[106.1345905,21.3365916],[106.1364413,21.3362456],[106.1372447,21.3354875],[106.13873,21.3352329],[106.1361177,21.3333873],[106.1366381,21.3324219],[106.139603,21.3321867],[106.1411282,21.3314843],[106.1413601,21.330166],[106.1432629,21.3305316],[106.1429082,21.3316778],[106.1441363,21.3316945],[106.1454355,21.3301318],[106.1460628,21.3307954],[106.1466439,21.3324473],[106.1491437,21.333349],[106.1493653,21.3352567],[106.1501896,21.3368266],[106.1517322,21.337058],[106.1549314,21.3383009],[106.15559,21.3375301],[106.1596998,21.3384583],[106.1614951,21.3396124],[106.1632438,21.3393257],[106.1640279,21.3395875],[106.165456,21.3390931],[106.1662792,21.3379188],[106.1673658,21.3372035],[106.1696118,21.3381882],[106.1719996,21.3381572],[106.1731746,21.3390567],[106.1718683,21.3402827],[106.1720197,21.3419354],[106.1734022,21.341964],[106.1738796,21.3442495],[106.1747936,21.3446775],[106.1745969,21.345746],[106.1754925,21.3491008],[106.17493,21.3521742],[106.1724226,21.3532406],[106.1710691,21.3521549],[106.1641032,21.3534631],[106.162844,21.3540318],[106.161865,21.3526695],[106.1585228,21.3553886],[106.1552248,21.35659],[106.1521769,21.3608031],[106.1503806,21.3661469],[106.1501298,21.3679643],[106.1506741,21.3690243],[106.1511649,21.3717532],[106.1521466,21.372549],[106.1531386,21.3722967],[106.1546074,21.3733572],[106.154511,21.3749568],[106.1561425,21.3786698],[106.1559994,21.3793908],[106.1547172,21.3799964],[106.1537593,21.3812424],[106.1533378,21.3828646],[106.1496675,21.3839986],[106.1493083,21.3848509],[106.1465297,21.3851769],[106.146424,21.3883314],[106.147456,21.39002],[106.1454217,21.3918785],[106.1443571,21.3940373],[106.1440005,21.396166],[106.1442019,21.3976754],[106.1436502,21.4022859],[106.1422517,21.4038207],[106.1360987,21.40755],[106.1342163,21.4077136],[106.1330396,21.4071057],[106.1322136,21.4060387],[106.1289588,21.4074963]]]},"properties":{"@id":"relation/19425631","UArea":"48.13","admin_level":"6","boundary":"administrative","name":"Xã Tân Yên","name:lzh":"新安社","name:vi-Hani":"社新安","name:zh":"新安社","name:zh-Hans":"新安社","name:zh-Hant":"新安社","population":"50732","type":"boundary","wikidata":"Q135153073","wikipedia":"vi:Tân Yên, Bắc Ninh"},"id":"relation/19425631"},
{"type":"Feature","geometry":{"type":"Polygon","coordinates":[[[106.087625,21.326861],[106.0874022,21.3259982],[106.0860292,21.3254936],[106.0864122,21.324319],[106.0857023,21.3233097],[106.0866363,21.3216566],[106.0851139,21.321004],[106.0844335,21.3188445],[106.0848279,21.3179178],[106.0841805,21.3153629],[106.0853373,21.313778],[106.0851242,21.312461],[106.082953,21.310824],[106.0830369,21.3098372],[106.0823005,21.3092463],[106.0832846,21.3047178],[106.084349,21.3036571],[106.0853453,21.3035329],[106.0867951,21.3046259],[106.0869921,21.3071536],[106.0893298,21.3058793],[106.0901414,21.3050041],[106.0909617,21.3055166],[106.0920021,21.305044],[106.0930864,21.3054397],[106.0938751,21.3050478],[106.0943896,21.3034284],[106.0956367,21.3026207],[106.0958943,21.3016257],[106.0987882,21.3007782],[106.0980519,21.2990863],[106.09653,21.298734],[106.0958133,21.2979435],[106.0959451,21.2961586],[106.0964074,21.2954113],[106.0990876,21.2961984],[106.0996775,21.2958334],[106.1001569,21.2935947],[106.0991698,21.292775],[106.0979467,21.2933747],[106.0956576,21.2931848],[106.0939946,21.292665],[106.0928895,21.2910556],[106.0917844,21.2904358],[106.090379,21.2889963],[106.0893919,21.2886064],[106.0883512,21.2862071],[106.0869351,21.2860172],[106.0848107,21.2852774],[106.0831692,21.2851275],[106.0816565,21.2839978],[106.079854,21.283528],[106.0789957,21.2812586],[106.0793068,21.2810886],[106.0797253,21.2780894],[106.081002,21.2779595],[106.0805621,21.2764698],[106.0820427,21.2751102],[106.0815063,21.2699213],[106.0800471,21.2679917],[106.0829761,21.2644923],[106.083652,21.2628625],[106.0840919,21.2605229],[106.0865703,21.2600279],[106.0886907,21.2610428],[106.0899434,21.2609978],[106.0923037,21.259813],[106.0945729,21.2607278],[106.0971103,21.259833],[106.0981671,21.2589131],[106.0993687,21.2566667],[106.100463,21.2567867],[106.1023537,21.2557718],[106.1044405,21.2554468],[106.1074834,21.2568193],[106.1088949,21.2553927],[106.1108131,21.25754],[106.1166411,21.2559111],[106.1173709,21.2574489],[106.1189113,21.2569017],[106.1243057,21.2631986],[106.1248665,21.2642131],[106.1280697,21.2634559],[106.1354376,21.2604672],[106.1374097,21.2591492],[106.1399969,21.2603939],[106.1408468,21.2603939],[106.1421824,21.2612382],[106.1413885,21.2619084],[106.142007,21.2630831],[106.1403648,21.2642705],[106.1388642,21.2668431],[106.1400676,21.2682547],[106.1413275,21.2689935],[106.1412254,21.2698942],[106.1407982,21.2708089],[106.141014,21.271967],[106.1403376,21.2727738],[106.1405975,21.2761989],[106.1413424,21.2781197],[106.1436291,21.2769854],[106.14543,21.279332],[106.1464644,21.2801159],[106.1445272,21.2809176],[106.1460942,21.2821276],[106.1480263,21.2821544],[106.1492891,21.2833971],[106.1505898,21.2864359],[106.1514347,21.2868337],[106.1532581,21.2850658],[106.1547951,21.2862218],[106.1560894,21.2858524],[106.1583695,21.2870783],[106.1580809,21.2883207],[106.1591878,21.2919455],[106.15976,21.2955061],[106.1614124,21.2959203],[106.1621804,21.2972658],[106.1604931,21.2983851],[106.1591582,21.3004347],[106.1572093,21.3004641],[106.1564294,21.3020427],[106.1542626,21.303121],[106.1543592,21.3048409],[106.1521945,21.3056703],[106.1485903,21.3066545],[106.1483529,21.3079818],[106.1493752,21.3099481],[106.1519095,21.3124079],[106.1534863,21.3133713],[106.1515377,21.3155024],[106.1508282,21.3167155],[106.150825,21.3186292],[106.1502011,21.3215639],[106.1493651,21.3223766],[106.1453215,21.325347],[106.146089,21.3294542],[106.1454355,21.3301318],[106.1441363,21.3316945],[106.1429082,21.3316778],[106.1432629,21.3305316],[106.1413601,21.330166],[106.1411282,21.3314843],[106.139603,21.3321867],[106.1366381,21.3324219],[106.1361177,21.3333873],[106.13873,21.3352329],[106.1372447,21.3354875],[106.1364413,21.3362456],[106.1345905,21.3365916],[106.1330987,21.334654],[106.1320252,21.3345504],[106.1324858,21.3331214],[106.131422,21.3328523],[106.1300341,21.3343474],[106.1282772,21.3353992],[106.1268137,21.3352578],[106.1258392,21.3358049],[106.1254712,21.3332498],[106.1237823,21.3338418],[106.1221376,21.3330681],[106.1216221,21.331471],[106.1207742,21.3303767],[106.1211887,21.3284654],[106.1208981,21.3276774],[106.1196707,21.3272251],[106.1186815,21.3275732],[106.1145828,21.3302782],[106.1111634,21.3301922],[106.1087692,21.3273543],[106.1078714,21.3267723],[106.1057018,21.3246426],[106.1006588,21.3294518],[106.0985364,21.3291672],[106.0959044,21.3275687],[106.0950551,21.3319471],[106.0940335,21.3318069],[106.0939216,21.3299402],[106.0893352,21.3282282],[106.087625,21.326861]]]},"properties":{"@id":"relation/19425632","admin_level":"6","boundary":"administrative","name":"Phường Việt Yên","name:lzh":"越安坊","name:vi-Hani":"坊越安","name:zh":"越安坊","name:zh-Hans":"越安坊","name:zh-Hant":"越安坊","population":"59470","population:date":"2025-07-01","source:population":"gis.vn","type":"boundary","wikidata":"Q134980528","wikipedia":"vi:Việt Yên (phường)"},"id":"relation/19425632"},
{"type":"Feature","geometry":{"type":"Polygon","coordinates":[[[105.9567738,21.3720638],[105.9567743,21.3704292],[105.9572612,21.3694228],[105.958145,21.3694146],[105.9588437,21.3679309],[105.9581098,21.3674735],[105.9582576,21.3661116],[105.9569032,21.364289],[105.9590326,21.3631542],[105.9576198,21.3618923],[105.9573641,21.3598497],[105.9567846,21.3578154],[105.9548324,21.3577446],[105.9545583,21.356966],[105.9528751,21.3578966],[105.9502934,21.3556535],[105.951091,21.3548591],[105.9501588,21.3542209],[105.9513687,21.3531328],[105.950385,21.3519413],[105.9519506,21.3508477],[105.9529824,21.3497276],[105.9525229,21.3477266],[105.954651,21.3467845],[105.9561522,21.3444261],[105.9565729,21.3427155],[105.9573505,21.341866],[105.9589792,21.3412798],[105.9612731,21.3417713],[105.9623973,21.3404167],[105.9633284,21.3402053],[105.96478,21.3390816],[105.964683,21.3385805],[105.9665546,21.3375649],[105.9669025,21.3364275],[105.9681049,21.3352842],[105.9679909,21.3346622],[105.9689901,21.3334171],[105.9675976,21.3321598],[105.9675527,21.3308736],[105.9681743,21.3303092],[105.968133,21.3285909],[105.9692937,21.3291576],[105.9713537,21.3287663],[105.9690378,21.3202849],[105.9677141,21.3174486],[105.9663656,21.3148594],[105.967535,21.3148347],[105.9705927,21.3160042],[105.9709146,21.3137165],[105.9731301,21.3116975],[105.9746053,21.3116375],[105.9769764,21.3126807],[105.9781512,21.3114813],[105.9790041,21.3097621],[105.9788057,21.3075482],[105.9774967,21.3065486],[105.9783121,21.3058189],[105.9790685,21.3022401],[105.9792777,21.3004309],[105.9826627,21.2996662],[105.9837302,21.3002559],[105.9849849,21.2995912],[105.986664,21.2978066],[105.9865674,21.2963921],[105.9873721,21.2947927],[105.9879729,21.2919987],[105.9881284,21.2900713],[105.987356,21.2883342],[105.9875277,21.2868263],[105.9882465,21.2866513],[105.9890994,21.2829077],[105.9882358,21.2822329],[105.9885415,21.2803642],[105.9878763,21.2790745],[105.9879729,21.2759923],[105.9870717,21.2745826],[105.9855267,21.2739428],[105.9847908,21.2720373],[105.9853184,21.2706334],[105.9841656,21.2679926],[105.9843357,21.2663751],[105.9870871,21.2665796],[105.9880825,21.2654712],[105.9896605,21.2654374],[105.9900406,21.2646687],[105.9923036,21.26316],[105.9935564,21.2640739],[105.9954583,21.2634726],[105.9980452,21.2599187],[106.0007107,21.2582067],[106.003441,21.2580512],[106.0034337,21.2617907],[106.0064698,21.26465],[106.006252,21.2673018],[106.0067065,21.2682442],[106.008044,21.2670813],[106.0105078,21.2674864],[106.0110585,21.2682391],[106.0124657,21.2681547],[106.0160241,21.2684218],[106.018849,21.266991],[106.0204528,21.2654843],[106.0214401,21.2651268],[106.0275409,21.267936],[106.030455,21.2691682],[106.0324174,21.2719423],[106.0393894,21.2789486],[106.0365992,21.282721],[106.0353832,21.2823389],[106.0337876,21.2829348],[106.0317543,21.282548],[106.0311738,21.2829011],[106.0308375,21.2854532],[106.0298824,21.285585],[106.0297461,21.2885086],[106.0307876,21.2897102],[106.0291935,21.290925],[106.03037,21.2928378],[106.0277408,21.2954806],[106.0263593,21.296247],[106.0281857,21.297533],[106.02687,21.2991705],[106.0283788,21.3046917],[106.0281156,21.3055069],[106.0285222,21.3071093],[106.0274887,21.3080944],[106.0275572,21.3097446],[106.029301,21.3116118],[106.0270191,21.3166922],[106.0253645,21.3172639],[106.0251593,21.3201076],[106.0237854,21.3215426],[106.0247144,21.3244722],[106.0255456,21.3252372],[106.0252663,21.3270407],[106.0256494,21.3283756],[106.0299278,21.3322386],[106.0293732,21.3334894],[106.032283,21.3339268],[106.032091,21.3354206],[106.0337175,21.3361297],[106.0330685,21.3370235],[106.0341217,21.3386933],[106.0325252,21.3405648],[106.0333488,21.3416258],[106.0330983,21.3434011],[106.0319501,21.3447324],[106.0321222,21.3463778],[106.0313038,21.3486321],[106.0334154,21.3489155],[106.0331031,21.3505603],[106.0325846,21.3512154],[106.0305897,21.3523038],[106.0319718,21.3536251],[106.0316099,21.3543727],[106.0280599,21.3575786],[106.0270659,21.3574297],[106.0267583,21.3593487],[106.0259165,21.3613969],[106.0214403,21.359504],[106.020505,21.3605552],[106.019614,21.3605425],[106.0179349,21.3596049],[106.0147084,21.3591588],[106.0198457,21.3524825],[106.0197803,21.3510149],[106.017734,21.3508614],[106.0168908,21.3491473],[106.012073,21.3485039],[106.0113459,21.3467621],[106.0094672,21.3466267],[106.0076842,21.3474892],[106.0072239,21.3466889],[106.0046506,21.3477488],[106.001966,21.3493542],[106.0018539,21.3504803],[105.9989801,21.351876],[105.997871,21.3532693],[105.9918004,21.3548786],[105.9917316,21.355398],[105.9855802,21.3586733],[105.9842092,21.3586866],[105.9822944,21.359811],[105.980342,21.3664272],[105.9821582,21.3691453],[105.9822797,21.3706751],[105.9814325,21.3720142],[105.9816183,21.3737327],[105.9811623,21.3747631],[105.9796844,21.3748421],[105.9800846,21.373609],[105.9779561,21.372954],[105.9773251,21.3760866],[105.968939,21.3729329],[105.9678622,21.373042],[105.9647509,21.3710001],[105.9630007,21.3724589],[105.9613858,21.3715016],[105.957976,21.3723069],[105.9567738,21.3720638]]]},"properties":{"@id":"relation/19425633","UArea":"62.18","admin_level":"6","boundary":"administrative","name":"Xã Hiệp Hòa","name:lzh":"協和社","name:vi-Hani":"社協和","name:zh":"協和社","name:zh-Hans":"协和社","name:zh-Hant":"協和社","population":"90443","type":"boundary","wikidata":"Q135040883","wikipedia":"vi:Hiệp Hòa, Bắc Ninh"},"id":"relation/19425633"},
{"type":"Feature","geometry":{"type":"Polygon","coordinates":[[[105.9373043,21.2097622],[105.9398804,21.2056636],[105.9404832,21.2040374],[105.9364671,21.1948085],[105.9351927,21.1908004],[105.9378027,21.1888476],[105.9398781,21.1867645],[105.9443135,21.1848656],[105.9477618,21.1825618],[105.9506961,21.1801834],[105.9503349,21.179644],[105.9527365,21.1778182],[105.9527327,21.1767639],[105.9520246,21.1754033],[105.9562732,21.1752582],[105.956124,21.1767934],[105.9589487,21.1769491],[105.9588082,21.1778848],[105.9645271,21.1768563],[105.9631901,21.1668622],[105.9646727,21.1662576],[105.9663521,21.1650078],[105.9672967,21.1630031],[105.9687958,21.1624929],[105.9702337,21.1630786],[105.9725145,21.1650831],[105.9731939,21.1660877],[105.9736811,21.1708205],[105.9770831,21.1713522],[105.9791864,21.1732237],[105.9809332,21.1737822],[105.9816046,21.1750801],[105.9828605,21.1759926],[105.9838996,21.177885],[105.9849655,21.1782993],[105.9875264,21.176779],[105.9879826,21.1767964],[105.9923778,21.17916],[105.9939425,21.1808197],[105.9965711,21.1819884],[105.9993638,21.1840022],[106.0063522,21.1837836],[106.0053636,21.1873809],[106.006369,21.1874666],[106.0059898,21.195657],[106.0041509,21.1962324],[106.0062015,21.2017414],[106.0063414,21.2030151],[106.0046149,21.2047871],[106.0001872,21.2001086],[105.9994291,21.1979381],[105.9913841,21.198327],[105.991385,21.2007777],[105.9887702,21.2007253],[105.988731,21.1990328],[105.983685,21.1993893],[105.9839878,21.2050201],[105.983042,21.2051511],[105.9836203,21.2092257],[105.9803505,21.2111238],[105.9801096,21.2125491],[105.9817048,21.2153861],[105.9797703,21.2180431],[105.9790092,21.2206737],[105.9794072,21.2220504],[105.9781705,21.2236279],[105.9770904,21.2231341],[105.9754019,21.2230112],[105.9727102,21.2234315],[105.9689204,21.2246472],[105.9674048,21.2255567],[105.9668316,21.2266454],[105.9662733,21.2288752],[105.9641046,21.2302946],[105.9623865,21.226179],[105.9634275,21.2257398],[105.9628983,21.2246043],[105.9630703,21.2232781],[105.9590469,21.2173256],[105.9583692,21.2168286],[105.9579192,21.21524],[105.9564543,21.2138609],[105.9578557,21.2123429],[105.9574972,21.2110784],[105.955082,21.210988],[105.954935,21.2129835],[105.9539923,21.2143177],[105.9534557,21.2165906],[105.9511787,21.2183862],[105.9343787,21.214514],[105.9339419,21.2140476],[105.9343371,21.2125848],[105.9365289,21.2108697],[105.9373043,21.2097622]]]},"properties":{"@id":"relation/19425634","admin_level":"6","boundary":"administrative","name":"Xã Yên Phong","name:en":"Yen Phong Commune","name:lzh":"安豐社","name:vi-Hani":"社安豐","name:zh":"安豐社","name:zh-Hans":"安丰社","name:zh-Hant":"安豐社","type":"boundary","wikidata":"Q135180052","wikipedia":"vi:Yên Phong, Bắc Ninh"},"id":"relation/19425634"},
{"type":"Feature","geometry":{"type":"Polygon","coordinates":[[[106.0063522,21.1837836],[105.9993638,21.1840022],[105.9965711,21.1819884],[105.9939425,21.1808197],[105.9923778,21.17916],[105.9879826,21.1767964],[105.9875264,21.176779],[105.9849655,21.1782993],[105.9838996,21.177885],[105.9828605,21.1759926],[105.9816046,21.1750801],[105.9809332,21.1737822],[105.9791864,21.1732237],[105.9770831,21.1713522],[105.9736811,21.1708205],[105.9731939,21.1660877],[105.9725145,21.1650831],[105.9702337,21.1630786],[105.9687958,21.1624929],[105.9723501,21.1614],[105.9725421,21.161929],[105.9770141,21.163341],[105.9787551,21.162924],[105.9803891,21.16329],[105.9846731,21.163088],[105.9861131,21.162612],[105.9902441,21.162753],[105.991202,21.162151],[105.9948461,21.161229],[105.9963401,21.159955],[105.9962671,21.159349],[105.9996221,21.1563819],[106.0001971,21.156834],[106.0018932,21.1556151],[106.0053115,21.1542643],[106.0048173,21.1504154],[106.0055853,21.1502074],[106.0047815,21.1459039],[106.0007501,21.1476679],[105.9999671,21.1453349],[105.9993931,21.1454589],[105.9986241,21.1420669],[105.9977061,21.1419139],[105.9978051,21.1407549],[105.9986571,21.1405899],[105.9984451,21.1391669],[105.9991771,21.1361919],[105.9961341,21.1349559],[105.9959151,21.1339269],[105.9968123,21.1301996],[105.9992286,21.1306424],[105.999634,21.1288535],[106.005649,21.1301731],[106.0082756,21.1278718],[106.0094077,21.1278443],[106.0134812,21.1280365],[106.0186911,21.1316047],[106.0210695,21.1327886],[106.0220935,21.1322406],[106.0233565,21.1331474],[106.0222862,21.1355506],[106.0321048,21.1402044],[106.0312899,21.1424137],[106.036253,21.144671],[106.0368245,21.1453459],[106.0392927,21.1470585],[106.0388078,21.1475404],[106.0368891,21.1488997],[106.0343432,21.1488888],[106.0333892,21.1497352],[106.0351312,21.1538862],[106.0333231,21.1554028],[106.032349,21.1553387],[106.026393,21.1606276],[106.0248019,21.1627722],[106.027236,21.1639307],[106.0262272,21.1657298],[106.0266604,21.1659871],[106.0276593,21.1689028],[106.0267911,21.1709604],[106.025458,21.1718762],[106.0218863,21.1730698],[106.018459,21.1754894],[106.0174856,21.1783634],[106.0166932,21.1788751],[106.0138571,21.1782948],[106.012168,21.1784933],[106.0107293,21.1794009],[106.0088816,21.1818458],[106.0072936,21.1834142],[106.0063522,21.1837836]]]},"properties":{"@id":"relation/19425635","admin_level":"6","boundary":"administrative","name":"Xã Tiên Du","name:en":"Tien Du Commune","name:lzh":"仙遊社","name:vi-Hani":"社仙遊","name:zh":"仙遊社","name:zh-Hans":"仙游社","name:zh-Hant":"仙遊社","type":"boundary","wikidata":"Q135153259","wikipedia":"vi:Tiên Du"},"id":"relation/19425635"},
{"type":"Feature","geometry":{"type":"Polygon","coordinates":[[[106.0587542,21.0270812],[106.0713822,21.0211936],[106.0725177,21.0233448],[106.0747114,21.0236899],[106.0772255,21.0226545],[106.077509,21.0235864],[106.0785956,21.0245856],[106.0822632,21.0233866],[106.0833186,21.0221835],[106.0842246,21.0218261],[106.0846075,21.0206752],[106.0884182,21.0193326],[106.0901088,21.0185566],[106.0913136,21.0189315],[106.0938371,21.0217998],[106.094387,21.0238646],[106.0953452,21.0242297],[106.0976527,21.0272414],[106.0959792,21.0287406],[106.0981132,21.0307639],[106.0971271,21.0319002],[106.0934329,21.0351893],[106.0954587,21.0360474],[106.0981315,21.0379064],[106.1010425,21.0376522],[106.101962,21.0397586],[106.1012725,21.0429766],[106.1024717,21.0443296],[106.1017913,21.0473191],[106.1002644,21.0488903],[106.098372,21.0548704],[106.0976474,21.0547713],[106.0967953,21.0574537],[106.0972724,21.0589699],[106.0971361,21.0600513],[106.0992606,21.0607086],[106.1001014,21.0619809],[106.0979087,21.0674727],[106.0958637,21.0669002],[106.0945897,21.0711011],[106.0930749,21.0703612],[106.0906626,21.069699],[106.0878187,21.0699717],[106.0834842,21.0733691],[106.0805673,21.0778521],[106.0748822,21.0817654],[106.071964,21.0823227],[106.0659094,21.0829369],[106.0631628,21.0826847],[106.059067,21.0811946],[106.0432654,21.0712581],[106.0414414,21.0709744],[106.0437848,21.0680357],[106.0440745,21.0659133],[106.0451565,21.065872],[106.0451321,21.0639599],[106.0465225,21.0638992],[106.0481325,21.0592631],[106.0515637,21.059817],[106.0512629,21.057442],[106.0668987,21.0565275],[106.0674813,21.0549754],[106.0689664,21.0549928],[106.0666173,21.0454967],[106.0655759,21.045816],[106.0655901,21.0425657],[106.0625888,21.0409802],[106.0627021,21.0352457],[106.0592903,21.0355849],[106.0595359,21.0332729],[106.0577622,21.0317044],[106.0564962,21.0325156],[106.0555854,21.031942],[106.053561,21.0294578],[106.0587542,21.0270812]]]},"properties":{"@id":"relation/19425636","admin_level":"6","boundary":"administrative","name":"Phường Thuận Thành","name:en":"Thuan Thanh Ward","name:lzh":"順成社","name:vi-Hani":"社順成","name:zh":"順成社","name:zh-Hans":"顺成社","name:zh-Hant":"順成社","population":"52318","population:date":"2025-07-01","source:population":"gis.vn","type":"boundary","wikidata":"Q134980520","wikipedia":"vi:Thuận Thành"},"id":"relation/19425636"},
{"type":"Feature","geometry":{"type":"Polygon","coordinates":[[[106.1901881,21.0033321],[106.1927457,21.0026684],[106.1927916,21.0035395],[106.1956998,21.003028],[106.1959049,21.0042688],[106.2024891,21.0052381],[106.2030354,21.0022687],[106.2044442,21.0021819],[106.2066358,21.0052153],[106.2061625,21.0053956],[106.2075816,21.0080798],[106.2036651,21.0106358],[106.2076759,21.014148],[106.207824,21.0161367],[106.212328,21.0162773],[106.2127449,21.0167553],[106.216833,21.0152467],[106.2171591,21.0170001],[106.2183342,21.0169457],[106.2183312,21.0209105],[106.223157,21.0244554],[106.2288304,21.0259648],[106.2287502,21.0286913],[106.2323555,21.0288265],[106.2322993,21.0304325],[106.2349128,21.0304229],[106.2376385,21.0309669],[106.2377192,21.0336086],[106.2425614,21.0335751],[106.2432412,21.0349722],[106.2483546,21.0350176],[106.2480713,21.0383012],[106.248404,21.0394444],[106.2507515,21.0413915],[106.2528143,21.0419168],[106.2628821,21.0418662],[106.2695172,21.0412274],[106.2701734,21.0466127],[106.2680962,21.0469821],[106.2684204,21.0484225],[106.2584977,21.0505047],[106.2562638,21.051201],[106.254125,21.0523114],[106.2525586,21.054426],[106.2524154,21.0558711],[106.2527618,21.0579544],[106.2537512,21.0591997],[106.2570477,21.0603716],[106.256258,21.0611054],[106.2549766,21.0612662],[106.2517122,21.0605891],[106.2505899,21.061032],[106.2495412,21.0625314],[106.2482684,21.0629088],[106.2461644,21.062376],[106.2429825,21.059797],[106.2402234,21.0564912],[106.2389346,21.0561599],[106.2377779,21.0582824],[106.2361148,21.0581771],[106.2349819,21.0576828],[106.2337786,21.0580121],[106.2328938,21.0588162],[106.2310348,21.0615215],[106.2263644,21.0613955],[106.224764,21.0602657],[106.2243917,21.0581684],[106.2232173,21.0576841],[106.2216312,21.0579071],[106.2205723,21.0569308],[106.2206303,21.0552161],[106.2190232,21.0551415],[106.2167071,21.0558407],[106.2155838,21.0555615],[106.2161614,21.0539158],[106.215773,21.0525454],[106.2139016,21.0515354],[106.2130057,21.050384],[106.2144251,21.0493245],[106.2148534,21.0482383],[106.2138931,21.0455175],[106.2137008,21.0424147],[106.2139975,21.0417275],[106.2138156,21.0394274],[106.2114895,21.0363887],[106.2113978,21.0350799],[106.2105149,21.0339865],[106.2093341,21.0348645],[106.2076161,21.0355515],[106.2072471,21.0344445],[106.2063992,21.0336975],[106.2053791,21.0337775],[106.2054261,21.0361285],[106.2035621,21.0365135],[106.2035611,21.0375845],[106.2021871,21.0375305],[106.2012637,21.0411665],[106.1968883,21.0384924],[106.1956248,21.0384318],[106.1936132,21.039123],[106.1896991,21.0389002],[106.1881732,21.0368509],[106.1860346,21.0366488],[106.1847086,21.0372432],[106.1805569,21.0371408],[106.1789149,21.0360047],[106.1776096,21.0357616],[106.1774071,21.0329585],[106.1814961,21.0329885],[106.1815211,21.0336515],[106.1836011,21.0336005],[106.1847901,21.0328615],[106.1851831,21.0311435],[106.1832101,21.0294185],[106.1845111,21.0288195],[106.1838531,21.0269045],[106.186943,21.0257531],[106.1874731,21.0213644],[106.1894957,21.0208157],[106.1879965,21.0139444],[106.1871474,21.0132758],[106.1865958,21.0120205],[106.1868566,21.0075382],[106.1876578,21.007548],[106.1876529,21.004695],[106.1902289,21.0044377],[106.1901881,21.0033321]]]},"properties":{"@id":"relation/19425637","admin_level":"6","boundary":"administrative","name":"Xã Lương Tài","name:en":"Luong Tai Commune","name:lzh":"良才坊","name:vi-Hani":"坊良才","name:zh":"良才坊","name:zh-Hans":"良才坊","name:zh-Hant":"良才坊","type":"boundary","wikidata":"Q135145614","wikipedia":"vi:Lương Tài"},"id":"relation/19425637"},
{"type":"Feature","geometry":{"type":"Polygon","coordinates":[[[106.180911,21.0709146],[106.178433,21.0638524],[106.1762841,21.0638055],[106.176154,21.0631036],[106.1715367,21.0623424],[106.1705596,21.0609242],[106.167752,21.058927],[106.1662731,21.0545641],[106.1671145,21.0536318],[106.1645069,21.0533078],[106.1648094,21.0540174],[106.1611403,21.0560264],[106.1596593,21.0558153],[106.1592297,21.055171],[106.1559144,21.055108],[106.1536246,21.0561701],[106.1535727,21.0568848],[106.1490804,21.0584852],[106.1488955,21.0581517],[106.1440431,21.0600883],[106.1422087,21.0590469],[106.1443013,21.0527601],[106.1438078,21.0517488],[106.1414061,21.0516638],[106.1416211,21.0501877],[106.1406051,21.0489107],[106.1406131,21.0436937],[106.1390941,21.0444297],[106.1391201,21.0416267],[106.1405901,21.0406677],[106.1391991,21.0393037],[106.1371061,21.0382347],[106.1372641,21.0362807],[106.1379251,21.0354607],[106.1379081,21.0341097],[106.1366931,21.0316707],[106.1377341,21.0307817],[106.1382661,21.0294597],[106.1398791,21.0285107],[106.1415961,21.0287337],[106.1426661,21.0277877],[106.1424651,21.0263817],[106.1436051,21.0258597],[106.1430441,21.0249147],[106.1475971,21.0227354],[106.1519481,21.0208024],[106.1527541,21.0206254],[106.1531701,21.0218274],[106.1542001,21.0219144],[106.1550171,21.0237774],[106.1546571,21.0277455],[106.1530961,21.0279025],[106.1531881,21.0286185],[106.1492461,21.0295485],[106.1499071,21.0319875],[106.1507041,21.0329015],[106.1506641,21.0345465],[106.1521771,21.0348135],[106.1541711,21.0356225],[106.1551131,21.0385475],[106.1569471,21.0411325],[106.157352,21.0431888],[106.1588719,21.0433492],[106.1601264,21.0413795],[106.161862,21.0412905],[106.1625448,21.0392783],[106.1639455,21.0382354],[106.1668033,21.0380376],[106.1682963,21.0358676],[106.1703437,21.035232],[106.1720246,21.0341187],[106.1737379,21.0345136],[106.1745631,21.035582],[106.1764521,21.0359061],[106.1759421,21.0312585],[106.1750596,21.0247224],[106.1759366,21.0245204],[106.1752251,21.0211144],[106.1766221,21.0206534],[106.1754261,21.0174444],[106.1765943,21.0139494],[106.1796011,21.0129304],[106.1812401,21.0133914],[106.1819301,21.0124244],[106.1840351,21.0124944],[106.1851961,21.0136024],[106.1871474,21.0132758],[106.1879965,21.0139444],[106.1894957,21.0208157],[106.1874731,21.0213644],[106.186943,21.0257531],[106.1838531,21.0269045],[106.1845111,21.0288195],[106.1832101,21.0294185],[106.1851831,21.0311435],[106.1847901,21.0328615],[106.1836011,21.0336005],[106.1815211,21.0336515],[106.1814961,21.0329885],[106.1774071,21.0329585],[106.1776096,21.0357616],[106.1789149,21.0360047],[106.1805569,21.0371408],[106.1847086,21.0372432],[106.1860346,21.0366488],[106.1881732,21.0368509],[106.1896991,21.0389002],[106.1936132,21.039123],[106.1956248,21.0384318],[106.1968883,21.0384924],[106.2012637,21.0411665],[106.2021871,21.0375305],[106.2035611,21.0375845],[106.2035621,21.0365135],[106.2054261,21.0361285],[106.2053791,21.0337775],[106.2063992,21.0336975],[106.2072471,21.0344445],[106.2076161,21.0355515],[106.2093341,21.0348645],[106.2105149,21.0339865],[106.2113978,21.0350799],[106.2114895,21.0363887],[106.2138156,21.0394274],[106.2139975,21.0417275],[106.2137008,21.0424147],[106.2138931,21.0455175],[106.2148534,21.0482383],[106.2144251,21.0493245],[106.2130057,21.050384],[106.2139016,21.0515354],[106.215773,21.0525454],[106.2161614,21.0539158],[106.2143635,21.0544627],[106.2144744,21.0559233],[106.2138336,21.0571655],[106.2135094,21.0590333],[106.2113081,21.0620293],[106.2087724,21.06297],[106.2076457,21.0650084],[106.208663,21.067084],[106.2111403,21.0663665],[106.2147537,21.074771],[106.2109231,21.0765585],[106.2101548,21.077668],[106.2113088,21.0792994],[106.2082059,21.0814422],[106.2076705,21.0809693],[106.2031421,21.0846935],[106.2019512,21.0833621],[106.196398,21.083277],[106.1945414,21.0804713],[106.1923269,21.0788784],[106.18353,21.0764775],[106.1828373,21.0727884],[106.1834936,21.072728],[106.183268,21.0710017],[106.1824015,21.0706671],[106.180911,21.0709146]]]},"properties":{"@id":"relation/19425638","admin_level":"6","boundary":"administrative","name":"Xã Gia Bình","name:en":"Gia Binh Commune","name:lzh":"嘉平社","name:vi-Hani":"社嘉平","name:zh":"嘉平社","name:zh-Hans":"嘉平社","name:zh-Hant":"嘉平社","type":"boundary","wikidata":"Q10761323","wikipedia":"vi:Gia Bình"},"id":"relation/19425638"},
{"type":"Feature","geometry":{"type":"Polygon","coordinates":[[[106.8506886,21.2771961],[106.8574111,21.2825657],[106.8585698,21.2826456],[106.8613378,21.284665],[106.8628399,21.2852249],[106.8629042,21.2864445],[106.8642346,21.2873042],[106.8648569,21.2889637],[106.8646423,21.291043],[106.867309,21.2956206],[106.8681356,21.3006221],[106.8702913,21.3024192],[106.8699415,21.3076427],[106.8691797,21.3105713],[106.8681712,21.3106313],[106.866731,21.3146275],[106.8677181,21.3153072],[106.8710655,21.3164266],[106.8711298,21.3186854],[106.8715161,21.3198048],[106.8706792,21.3214439],[106.8714732,21.3232229],[106.8715161,21.324802],[106.8694776,21.3250019],[106.8671816,21.3256415],[106.8678091,21.327652],[106.8675526,21.3313935],[106.8660374,21.3330586],[106.8674454,21.3355746],[106.8690258,21.3361099],[106.8753475,21.3356816],[106.8768992,21.3365381],[106.8792267,21.3395091],[106.8799451,21.3413826],[106.8804623,21.3450493],[106.8820427,21.3469227],[106.8843415,21.3489567],[106.8852323,21.3491173],[106.8861387,21.3502123],[106.8858492,21.3510735],[106.8865871,21.3522478],[106.8895665,21.353744],[106.8900195,21.3558317],[106.8916867,21.3567886],[106.8907901,21.357902],[106.8896319,21.3582586],[106.8893517,21.3591459],[106.8902297,21.3601636],[106.8895385,21.3627905],[106.8889407,21.3640082],[106.8904949,21.3642272],[106.8927926,21.3658537],[106.8949408,21.365097],[106.8984713,21.3646534],[106.8978543,21.3678706],[106.8929243,21.369589],[106.8924952,21.371867],[106.8906284,21.3735455],[106.8910361,21.3759633],[106.8904138,21.3790804],[106.8881863,21.381454],[106.8857652,21.3844004],[106.8848565,21.3882361],[106.8847223,21.3905395],[106.8856903,21.3942764],[106.8843385,21.3945761],[106.883051,21.3962743],[106.8802615,21.3974131],[106.8799182,21.3956949],[106.8767639,21.3948358],[106.8743058,21.3958788],[106.8715378,21.3948199],[106.8693051,21.3956935],[106.8689315,21.392928],[106.8690436,21.3909452],[106.8674184,21.3896755],[106.8675305,21.3889624],[106.8650569,21.3866788],[106.8634317,21.3869397],[106.8628526,21.387792],[106.8614703,21.3885399],[106.8584441,21.3885225],[106.8560344,21.3872528],[106.8514858,21.3832087],[106.8502623,21.3796429],[106.8495151,21.3789993],[106.8464422,21.3800082],[106.8437421,21.3785323],[106.8428268,21.3765666],[106.8406413,21.3744271],[106.8396699,21.3728441],[106.8403237,21.3708088],[106.8398007,21.3680255],[106.8399501,21.3666512],[106.840562,21.3652466],[106.839217,21.3641681],[106.8374237,21.3638549],[106.8338372,21.3646726],[106.8304385,21.3628258],[106.8268551,21.3633853],[106.8242672,21.3621651],[106.8253693,21.3595034],[106.826789,21.3578507],[106.8265835,21.3540581],[106.8271439,21.3509961],[106.8266668,21.3446428],[106.8292631,21.3435436],[106.8349923,21.3440007],[106.8358074,21.3436751],[106.8363864,21.3420744],[106.8346866,21.3398473],[106.8344064,21.3389773],[106.8318098,21.3377942],[106.8307264,21.335741],[106.8294188,21.3352712],[106.8290078,21.3342968],[106.8276629,21.3337748],[106.8248422,21.331652],[106.8227314,21.3308864],[106.8205271,21.3294596],[106.8166791,21.3279283],[106.8135408,21.3269017],[106.8124947,21.3260839],[106.8109858,21.3222993],[106.812437,21.3201802],[106.811503,21.3177961],[106.8103261,21.3173263],[106.8088691,21.3156557],[106.8079351,21.3141417],[106.8059924,21.3141417],[106.8048342,21.3120882],[106.8039749,21.3117402],[106.8032464,21.3102957],[106.8033585,21.3084858],[106.8040342,21.3068706],[106.8029398,21.3061229],[106.8014432,21.3063355],[106.8007886,21.308002],[106.8007995,21.3097872],[106.7987465,21.3097384],[106.7969999,21.3093489],[106.7956968,21.3077883],[106.7950004,21.3056578],[106.7971184,21.3045362],[106.7973881,21.2979063],[106.7967019,21.2968241],[106.7979612,21.2944298],[106.7976866,21.292059],[106.7966218,21.2918501],[106.7961735,21.290684],[106.7971075,21.2889608],[106.7973503,21.2862804],[106.7997974,21.2845921],[106.8010303,21.2829037],[106.8012918,21.2797009],[106.8027675,21.2795269],[106.8042432,21.2787784],[106.8056629,21.2774903],[106.8062233,21.2750708],[106.8072134,21.2729993],[106.8088572,21.2722508],[106.8090627,21.2705449],[106.8104263,21.2705623],[106.8116966,21.2697093],[106.8131349,21.2697964],[106.8146293,21.2704927],[106.8158809,21.2705101],[106.8180477,21.2712586],[106.8220079,21.2714675],[106.8226804,21.2719897],[106.8248659,21.2725467],[106.8268647,21.2712412],[106.831648,21.2711031],[106.8329217,21.2696578],[106.8400671,21.2702977],[106.8414833,21.2690579],[106.8441011,21.2690179],[106.8483068,21.2747967],[106.8506886,21.2771961]]]},"properties":{"@id":"relation/19425704","admin_level":"6","boundary":"administrative","name":"Xã Sơn Động","name:lzh":"山洞社","name:vi-Hani":"社山洞","name:zh":"山洞社","name:zh-Hans":"山洞社","name:zh-Hant":"山洞社","type":"boundary","wikidata":"Q135152607","wikipedia":"vi:Sơn Động"},"id":"relation/19425704"},
{"type":"Feature","geometry":{"type":"Polygon","coordinates":[[[105.9846583,21.0699504],[105.9803179,21.0797807],[105.9826763,21.0844738],[105.9804348,21.0872973],[105.9816863,21.0935138],[105.9805561,21.0942917],[105.9780441,21.0973807],[105.9774071,21.0999237],[105.9766701,21.0997727],[105.9763561,21.1017857],[105.9794731,21.1025587],[105.9816691,21.1012817],[105.9827373,21.1012821],[105.9839744,21.1028584],[105.9859948,21.1025453],[105.9902581,21.1096268],[105.9871396,21.1103688],[105.9884163,21.111608],[105.9865378,21.1145739],[105.9854282,21.1146174],[105.9816048,21.1154637],[105.9773038,21.1204908],[105.9768687,21.121422],[105.9753207,21.1224061],[105.9736249,21.1206288],[105.9708519,21.1247858],[105.9597597,21.118821],[105.9592184,21.1201753],[105.9549167,21.1181262],[105.955712,21.1166965],[105.952847,21.1152809],[105.9523159,21.1160165],[105.9510392,21.1150707],[105.9482964,21.1145084],[105.9474703,21.1147586],[105.9465798,21.1159146],[105.9490796,21.1159096],[105.9490474,21.1177712],[105.9480107,21.1178744],[105.945364,21.1191646],[105.9450928,21.1186536],[105.9414753,21.1191089],[105.937774,21.1127557],[105.9377838,21.1117712],[105.939753,21.1084621],[105.9365393,21.1097455],[105.9362507,21.1093365],[105.9373904,21.1077829],[105.9373575,21.1067905],[105.9348624,21.1049381],[105.9336004,21.1037366],[105.9351023,21.1017576],[105.9363761,21.1015212],[105.934474,21.0965241],[105.9356295,21.095148],[105.9366811,21.0932061],[105.9381512,21.0937735],[105.9402739,21.0899458],[105.9401551,21.0889303],[105.9393182,21.0876582],[105.9401924,21.0833533],[105.9445371,21.0853402],[105.9457189,21.0850473],[105.9558151,21.090432],[105.9579932,21.0913648],[105.9601092,21.0880491],[105.9618948,21.0781098],[105.9635822,21.0776083],[105.9661623,21.075743],[105.967423,21.0743728],[105.968722,21.0737364],[105.9681912,21.0721444],[105.9781735,21.0701317],[105.9805805,21.0699541],[105.9846583,21.0699504]]]},"properties":{"@id":"relation/19435883","admin_level":"6","boundary":"administrative","name":"Phường Từ Sơn","name:de":"Stadtviertel Từ Sơn","name:en":"Tu Son Ward","name:lzh":"慈山社","name:vi-Hani":"社慈山","name:zh":"慈山社","name:zh-Hans":"慈山社","name:zh-Hant":"慈山社","population":"65697","population:date":"2025-07-01","source:population":"gis.vn","type":"boundary"},"id":"relation/19435883"}
]}