{"type":"FeatureCollection", "features": [
{"type":"Feature","geometry":{"type":"Polygon","coordinates":[[[108.07927,12.741928],[108.069828,12.742139],[108.069875,12.74596],[108.066135,12.746052],[108.065993,12.746293],[108.060888,12.74655],[108.061606,12.743917],[108.062014,12.74332],[108.061242,12.741389],[108.059901,12.742195],[108.059019,12.741982],[108.057933,12.742898],[108.056793,12.742837],[108.053999,12.743868],[108.052251,12.743425],[108.051503,12.743976],[108.049282,12.743917],[108.047741,12.744862],[108.046372,12.745307],[108.045165,12.744706],[108.043267,12.744284],[108.041793,12.743555],[108.038531,12.744455],[108.034008,12.744488],[108.029935,12.74351],[108.029906,12.742263],[108.029204,12.74187],[108.027282,12.739666],[108.026667,12.737557],[108.025788,12.737161],[108.024172,12.737234],[108.023051,12.738356],[108.020529,12.738829],[108.019056,12.737124],[108.016111,12.735519],[108.015447,12.735863],[108.013831,12.735388],[108.011964,12.735519],[108.010767,12.736004],[108.010419,12.736709],[108.007147,12.736866],[108.004546,12.73783],[108.00302,12.737413],[108.002019,12.736727],[107.99815,12.736425],[107.996975,12.737666],[107.996909,12.738633],[107.995452,12.741244],[107.993739,12.741625],[107.989238,12.741201],[107.987665,12.740383],[107.987199,12.739545],[107.986009,12.739197],[107.985312,12.739786],[107.984729,12.738182],[107.983076,12.737967],[107.98203,12.738828],[107.980659,12.738949],[107.978862,12.737511],[107.978177,12.735901],[107.971315,12.744152],[107.969957,12.742965],[107.967271,12.741826],[107.966745,12.740013],[107.965063,12.739077],[107.96904,12.730963],[107.968925,12.730336],[107.970052,12.729483],[107.971672,12.725815],[107.971987,12.725594],[107.97371,12.721605],[107.977723,12.713103],[107.978375,12.711338],[107.98389,12.699556],[107.988208,12.699731],[107.990139,12.698912],[107.995203,12.698905],[107.995831,12.698219],[107.997145,12.695718],[107.997649,12.692965],[107.999116,12.693802],[108.0004,12.69496],[108.002039,12.694288],[108.002922,12.694624],[108.004173,12.694199],[108.004862,12.692903],[108.005716,12.692711],[108.006024,12.6916],[108.00853,12.690063],[108.011454,12.689398],[108.01142,12.687417],[108.012804,12.686376],[108.013973,12.685975],[108.016368,12.686086],[108.018259,12.685079],[108.020285,12.68485],[108.021183,12.685418],[108.022817,12.687306],[108.024313,12.687875],[108.025847,12.689252],[108.027167,12.689453],[108.027255,12.687499],[108.029931,12.68708],[108.02991,12.685369],[108.03135,12.685307],[108.031308,12.682518],[108.029397,12.682535],[108.027801,12.68213],[108.027901,12.677075],[108.024837,12.676086],[108.024714,12.672584],[108.022417,12.672321],[108.018774,12.673656],[108.014777,12.676554],[108.013093,12.67648],[108.011423,12.676767],[108.009936,12.676263],[108.006683,12.676369],[108.006098,12.67464],[108.004274,12.672968],[108.003491,12.670259],[108.00282,12.665821],[108.00277,12.664036],[108.001757,12.662208],[108.003413,12.660799],[108.0053,12.660593],[108.006057,12.659468],[108.007806,12.659389],[108.00903,12.65987],[108.010551,12.659462],[108.01102,12.658742],[108.012161,12.659454],[108.01409,12.659583],[108.016478,12.661853],[108.018024,12.661823],[108.020524,12.662252],[108.021194,12.659906],[108.023342,12.659626],[108.023446,12.660495],[108.026521,12.662188],[108.027386,12.661376],[108.02731,12.660079],[108.028346,12.660031],[108.028915,12.658557],[108.035699,12.663841],[108.039083,12.666995],[108.040396,12.665853],[108.040517,12.664595],[108.041424,12.664828],[108.04344,12.663783],[108.044445,12.663758],[108.049063,12.664667],[108.051036,12.66061],[108.052993,12.661237],[108.054016,12.660263],[108.05556,12.660298],[108.056695,12.658765],[108.05842,12.657448],[108.058605,12.655816],[108.059756,12.655204],[108.061738,12.656177],[108.06401,12.656844],[108.06677,12.655936],[108.067494,12.655976],[108.068691,12.655871],[108.070678,12.655054],[108.07235,12.657516],[108.072367,12.658282],[108.070795,12.660078],[108.067843,12.65903],[108.067849,12.660024],[108.064048,12.660268],[108.062217,12.661362],[108.062001,12.662246],[108.060982,12.66283],[108.061215,12.664201],[108.060813,12.666563],[108.061952,12.667413],[108.062001,12.668647],[108.061308,12.67207],[108.059657,12.674339],[108.059048,12.675998],[108.059391,12.677695],[108.05906,12.679209],[108.058307,12.680251],[108.057205,12.680795],[108.057555,12.683185],[108.056974,12.684243],[108.057653,12.68562],[108.057249,12.687042],[108.056445,12.687768],[108.058409,12.689079],[108.057261,12.691322],[108.056099,12.694659],[108.061753,12.701607],[108.063955,12.70474],[108.075926,12.719841],[108.078223,12.721727],[108.078702,12.722784],[108.079344,12.741363],[108.07927,12.741928]]]},"properties":{"@id":"relation/17567483","admin_level":"6","boundary":"administrative","name":"Phường Buôn Ma Thuột","type":"boundary"},"id":"relation/17567483"},
{"type":"Feature","geometry":{"type":"Polygon","coordinates":[[[108.116375,12.761596],[108.115008,12.761067],[108.113477,12.761574],[108.110962,12.76079],[108.107002,12.762177],[108.105528,12.76226],[108.105293,12.763233],[108.102027,12.763913],[108.098742,12.764267],[108.096796,12.764927],[108.095505,12.76634],[108.094456,12.768467],[108.093313,12.76954],[108.089483,12.769561],[108.08905,12.766024],[108.088464,12.763809],[108.088962,12.755474],[108.088484,12.754077],[108.087782,12.754119],[108.085406,12.75651],[108.083764,12.757269],[108.083692,12.75594],[108.084303,12.755085],[108.083198,12.754637],[108.083951,12.753203],[108.085744,12.751028],[108.085089,12.749829],[108.083208,12.748565],[108.080728,12.745795],[108.082608,12.74534],[108.083848,12.743665],[108.0837,12.741504],[108.083139,12.739937],[108.080972,12.741516],[108.079764,12.743144],[108.07927,12.741928],[108.079344,12.741363],[108.078702,12.722784],[108.078223,12.721727],[108.075926,12.719841],[108.063955,12.70474],[108.061753,12.701607],[108.056099,12.694659],[108.057261,12.691322],[108.058409,12.689079],[108.065159,12.693576],[108.066655,12.692711],[108.068111,12.693612],[108.069739,12.692717],[108.070594,12.694238],[108.069825,12.695042],[108.070667,12.695653],[108.077796,12.69202],[108.079715,12.691773],[108.081742,12.691933],[108.082724,12.690814],[108.083904,12.691193],[108.08513,12.6904],[108.08583,12.692175],[108.087125,12.692394],[108.088007,12.69415],[108.092951,12.691521],[108.09398,12.69068],[108.094823,12.691442],[108.095147,12.693676],[108.096568,12.693936],[108.096971,12.694483],[108.096495,12.695643],[108.096502,12.697095],[108.09794,12.697004],[108.098474,12.694743],[108.099477,12.694329],[108.099345,12.693151],[108.100753,12.692937],[108.102162,12.693417],[108.102504,12.692097],[108.105781,12.692194],[108.107884,12.691884],[108.109315,12.692059],[108.110053,12.692642],[108.112752,12.693349],[108.114001,12.693959],[108.117141,12.690265],[108.11837,12.690513],[108.118517,12.688904],[108.118169,12.687191],[108.118577,12.685616],[108.122973,12.686413],[108.123713,12.686209],[108.130362,12.687098],[108.13168,12.686614],[108.132109,12.688031],[108.13389,12.691929],[108.13551,12.692759],[108.136475,12.693914],[108.138578,12.694027],[108.139563,12.695341],[108.141088,12.695795],[108.142371,12.695773],[108.143359,12.69518],[108.144959,12.695282],[108.145809,12.695911],[108.149342,12.695584],[108.152144,12.696224],[108.154542,12.697895],[108.155556,12.700229],[108.155415,12.701033],[108.15734,12.701974],[108.158104,12.701801],[108.158369,12.703646],[108.156491,12.703434],[108.150362,12.701324],[108.149253,12.705578],[108.14902,12.709591],[108.152405,12.710088],[108.16224,12.711833],[108.162053,12.713657],[108.165443,12.715106],[108.165881,12.715619],[108.165789,12.717102],[108.161774,12.717058],[108.159923,12.716299],[108.159188,12.717372],[108.159043,12.719227],[108.158603,12.720032],[108.158096,12.722699],[108.157294,12.724049],[108.154795,12.723573],[108.154041,12.723167],[108.153193,12.723709],[108.150492,12.724142],[108.149417,12.725611],[108.148521,12.725356],[108.147422,12.72833],[108.146948,12.731091],[108.14578,12.735953],[108.144575,12.738268],[108.144138,12.739639],[108.143193,12.740706],[108.14245,12.740688],[108.141325,12.742499],[108.139467,12.741221],[108.137026,12.739168],[108.137005,12.738345],[108.13566,12.73707],[108.134126,12.736544],[108.130897,12.737911],[108.130228,12.737675],[108.128615,12.738185],[108.125417,12.740271],[108.121492,12.741888],[108.121285,12.74236],[108.119585,12.742878],[108.118508,12.743719],[108.117088,12.743529],[108.11712,12.74732],[108.117351,12.749893],[108.119073,12.751613],[108.119181,12.753297],[108.118896,12.755369],[108.117222,12.755264],[108.116778,12.758288],[108.116676,12.760798],[108.116375,12.761596]]]},"properties":{"@id":"relation/17567484","admin_level":"6","boundary":"administrative","name":"Phường Tân An","type":"boundary"},"id":"relation/17567484"},
{"type":"Feature","geometry":{"type":"Polygon","coordinates":[[[108.145969,12.655666],[108.146162,12.65826],[108.147382,12.660242],[108.148009,12.662678],[108.146329,12.662812],[108.137943,12.66193],[108.13711,12.665311],[108.136797,12.668665],[108.136475,12.669587],[108.135765,12.673623],[108.13487,12.676583],[108.135164,12.678207],[108.134967,12.679433],[108.133714,12.680737],[108.131969,12.681504],[108.130598,12.682795],[108.130231,12.684167],[108.130698,12.685424],[108.13168,12.686614],[108.130362,12.687098],[108.123713,12.686209],[108.122973,12.686413],[108.118577,12.685616],[108.118169,12.687191],[108.118517,12.688904],[108.11837,12.690513],[108.117141,12.690265],[108.114001,12.693959],[108.112752,12.693349],[108.110053,12.692642],[108.109315,12.692059],[108.107884,12.691884],[108.105781,12.692194],[108.102504,12.692097],[108.102162,12.693417],[108.100753,12.692937],[108.099345,12.693151],[108.099477,12.694329],[108.098474,12.694743],[108.09794,12.697004],[108.096502,12.697095],[108.096495,12.695643],[108.096971,12.694483],[108.096568,12.693936],[108.095147,12.693676],[108.094823,12.691442],[108.09398,12.69068],[108.092951,12.691521],[108.088007,12.69415],[108.087125,12.692394],[108.08583,12.692175],[108.08513,12.6904],[108.083904,12.691193],[108.082724,12.690814],[108.081742,12.691933],[108.079715,12.691773],[108.077796,12.69202],[108.070667,12.695653],[108.069825,12.695042],[108.070594,12.694238],[108.069739,12.692717],[108.068111,12.693612],[108.066655,12.692711],[108.065159,12.693576],[108.058409,12.689079],[108.056445,12.687768],[108.057249,12.687042],[108.057653,12.68562],[108.056974,12.684243],[108.057555,12.683185],[108.057205,12.680795],[108.058307,12.680251],[108.05906,12.679209],[108.059391,12.677695],[108.059048,12.675998],[108.059657,12.674339],[108.061308,12.67207],[108.062001,12.668647],[108.061952,12.667413],[108.060813,12.666563],[108.061215,12.664201],[108.060982,12.66283],[108.062001,12.662246],[108.062217,12.661362],[108.064048,12.660268],[108.067849,12.660024],[108.067843,12.65903],[108.070795,12.660078],[108.072367,12.658282],[108.07235,12.657516],[108.070678,12.655054],[108.068691,12.655871],[108.067494,12.655976],[108.067437,12.653405],[108.067073,12.651791],[108.067709,12.650205],[108.067996,12.64566],[108.067548,12.643845],[108.067507,12.642358],[108.06994,12.638046],[108.06938,12.634531],[108.070761,12.633942],[108.071928,12.634457],[108.075895,12.634104],[108.077477,12.632746],[108.078549,12.632914],[108.083691,12.632279],[108.084357,12.631804],[108.084352,12.629055],[108.083362,12.628453],[108.08239,12.626883],[108.082683,12.625768],[108.083614,12.625195],[108.084293,12.623151],[108.083194,12.621874],[108.08358,12.620822],[108.085448,12.620733],[108.085338,12.621898],[108.086742,12.6239],[108.086035,12.625666],[108.088815,12.625869],[108.09054,12.626705],[108.090616,12.628119],[108.091864,12.627363],[108.093515,12.628964],[108.094999,12.62925],[108.095331,12.630348],[108.096491,12.629619],[108.101859,12.633973],[108.103189,12.636295],[108.104387,12.636927],[108.105839,12.638548],[108.107602,12.640011],[108.108548,12.641987],[108.109562,12.6423],[108.108893,12.643619],[108.109662,12.644507],[108.110095,12.646315],[108.112268,12.648653],[108.113908,12.649264],[108.114605,12.64889],[108.117498,12.648806],[108.117793,12.648231],[108.119255,12.647625],[108.120543,12.647847],[108.121547,12.649038],[108.12296,12.649034],[108.124013,12.649815],[108.125988,12.650357],[108.126519,12.649564],[108.12823,12.650068],[108.12974,12.651849],[108.131758,12.652084],[108.132952,12.652545],[108.136266,12.652623],[108.137835,12.652086],[108.14,12.651885],[108.143199,12.652316],[108.144388,12.651815],[108.145097,12.64981],[108.146018,12.649433],[108.147216,12.650049],[108.145886,12.654384],[108.145969,12.655666]]]},"properties":{"@id":"relation/17567485","admin_level":"6","boundary":"administrative","name":"Phường Tân Lập","type":"boundary"},"id":"relation/17567485"},
{"type":"Feature","geometry":{"type":"Polygon","coordinates":[[[108.020215,12.617875],[108.017388,12.618023],[108.017043,12.616714],[108.015693,12.616139],[108.012429,12.616635],[108.008642,12.61668],[108.006265,12.61447],[108.005115,12.611972],[108.000619,12.611349],[107.998593,12.611613],[107.997878,12.61218],[107.997618,12.613786],[107.996855,12.614693],[107.995453,12.61501],[107.994991,12.617504],[107.994226,12.619386],[107.994189,12.620567],[107.993547,12.621838],[107.994159,12.622983],[107.993434,12.625434],[107.992836,12.626297],[107.991016,12.626941],[107.988182,12.626263],[107.988216,12.627672],[107.986906,12.627999],[107.986572,12.629109],[107.987002,12.630618],[107.986491,12.634478],[107.98489,12.635894],[107.983961,12.637597],[107.982503,12.637723],[107.982038,12.638555],[107.982459,12.639609],[107.984438,12.641504],[107.984698,12.644913],[107.986027,12.64545],[107.986025,12.646977],[107.983438,12.646241],[107.982755,12.644642],[107.980977,12.643469],[107.979893,12.643607],[107.977812,12.644921],[107.971413,12.649985],[107.96604,12.655018],[107.963076,12.657382],[107.967804,12.662796],[107.968841,12.663131],[107.968885,12.665085],[107.969845,12.665872],[107.969078,12.668226],[107.969319,12.669541],[107.967841,12.670312],[107.967921,12.671041],[107.967103,12.672264],[107.967552,12.672943],[107.966436,12.673707],[107.966151,12.674588],[107.965061,12.675082],[107.962319,12.675254],[107.961421,12.67565],[107.95991,12.674987],[107.958197,12.676519],[107.957135,12.67548],[107.955012,12.676273],[107.953221,12.676171],[107.948294,12.67716],[107.947186,12.676793],[107.945167,12.679145],[107.944324,12.678903],[107.942243,12.679936],[107.941967,12.680897],[107.940415,12.681576],[107.939599,12.6831],[107.935768,12.684481],[107.932922,12.686429],[107.931584,12.685769],[107.930186,12.686936],[107.930605,12.687569],[107.929553,12.689244],[107.927105,12.689131],[107.923181,12.689685],[107.920958,12.69072],[107.919165,12.690629],[107.917857,12.690909],[107.917188,12.691552],[107.915432,12.690976],[107.914801,12.689129],[107.913195,12.689979],[107.911301,12.689974],[107.910609,12.686902],[107.908557,12.685669],[107.907262,12.682192],[107.905955,12.680893],[107.906859,12.679216],[107.906733,12.678405],[107.905475,12.677074],[107.904507,12.67495],[107.904314,12.67246],[107.907014,12.670374],[107.909243,12.668053],[107.911767,12.666617],[107.913192,12.665353],[107.914056,12.663505],[107.914716,12.659119],[107.914528,12.65804],[107.913193,12.656499],[107.911347,12.655586],[107.908461,12.654882],[107.906846,12.654094],[107.904866,12.652157],[107.904373,12.650744],[107.905409,12.648258],[107.906733,12.646782],[107.908883,12.646041],[107.91177,12.646347],[107.916195,12.647845],[107.918213,12.647944],[107.919506,12.647237],[107.920878,12.644872],[107.921249,12.642741],[107.921126,12.641103],[107.920193,12.638049],[107.919186,12.63635],[107.919342,12.6349],[107.92118,12.633803],[107.921834,12.632958],[107.922843,12.629137],[107.922403,12.625913],[107.92078,12.622656],[107.920353,12.621355],[107.920464,12.619792],[107.921383,12.618657],[107.923089,12.618248],[107.926333,12.618303],[107.927576,12.617937],[107.928968,12.616331],[107.929386,12.614504],[107.929283,12.613004],[107.928,12.605816],[107.928078,12.603475],[107.92875,12.60045],[107.929558,12.599216],[107.930616,12.598761],[107.933511,12.598344],[107.934687,12.597617],[107.935058,12.596069],[107.934031,12.592773],[107.933832,12.591385],[107.934273,12.588191],[107.934109,12.586658],[107.933278,12.584096],[107.931898,12.582617],[107.929784,12.581455],[107.926831,12.580743],[107.923411,12.580767],[107.920556,12.580361],[107.917435,12.579235],[107.915842,12.579065],[107.91382,12.57806],[107.913006,12.576977],[107.911121,12.576113],[107.909427,12.575914],[107.90815,12.575156],[107.906915,12.573448],[107.905642,12.572579],[107.904156,12.570608],[107.902461,12.569161],[107.900403,12.568685],[107.899313,12.567678],[107.89789,12.567638],[107.895688,12.567087],[107.894889,12.566027],[107.893103,12.564689],[107.892885,12.563617],[107.89334,12.561498],[107.892104,12.560148],[107.892989,12.559117],[107.895236,12.557577],[107.903922,12.556585],[107.907591,12.555457],[107.910447,12.555502],[107.911152,12.555959],[107.912676,12.55573],[107.915206,12.556915],[107.916411,12.556608],[107.917261,12.557615],[107.919058,12.556752],[107.920818,12.556786],[107.921802,12.558218],[107.923413,12.558759],[107.924244,12.556192],[107.925211,12.555538],[107.926813,12.556069],[107.92866,12.556072],[107.931013,12.555299],[107.932189,12.555314],[107.934455,12.554119],[107.936936,12.554772],[107.939897,12.554687],[107.94108,12.555175],[107.941784,12.556535],[107.943069,12.557475],[107.945254,12.556679],[107.948975,12.556468],[107.950981,12.558487],[107.952132,12.560548],[107.952407,12.562051],[107.953082,12.563104],[107.953227,12.565318],[107.95295,12.566647],[107.953897,12.5689],[107.954746,12.569632],[107.955249,12.570973],[107.955721,12.574774],[107.95426,12.577247],[107.955164,12.578704],[107.957826,12.580822],[107.958189,12.581633],[107.958183,12.58368],[107.959571,12.585145],[107.960891,12.585678],[107.961691,12.588682],[107.963009,12.58967],[107.963105,12.591143],[107.964406,12.591227],[107.964675,12.592826],[107.965745,12.593613],[107.96892,12.593353],[107.969588,12.591903],[107.971803,12.591873],[107.973243,12.591145],[107.974999,12.588975],[107.977295,12.588105],[107.97654,12.586552],[107.976866,12.585181],[107.977894,12.583327],[107.979088,12.581884],[107.981842,12.58074],[107.981648,12.578157],[107.982309,12.576978],[107.983327,12.576681],[107.985129,12.577911],[107.987771,12.57805],[107.98989,12.577625],[107.994989,12.575387],[107.996442,12.575379],[107.998857,12.574451],[107.999436,12.573855],[108.001192,12.573841],[108.001981,12.573206],[108.003325,12.573282],[108.004073,12.572845],[108.005645,12.572986],[108.006232,12.572176],[108.009617,12.572489],[108.010798,12.572217],[108.01176,12.572633],[108.012225,12.571245],[108.014014,12.570117],[108.013759,12.568714],[108.015411,12.56707],[108.017707,12.566921],[108.020571,12.567183],[108.021682,12.567732],[108.022618,12.566596],[108.023769,12.567792],[108.025182,12.566994],[108.0274,12.566542],[108.029761,12.566858],[108.03038,12.566258],[108.031467,12.567035],[108.032153,12.566332],[108.033814,12.566151],[108.034822,12.565661],[108.036209,12.566062],[108.03663,12.5678],[108.035836,12.568884],[108.035165,12.572078],[108.033097,12.572635],[108.031531,12.574122],[108.028648,12.586633],[108.028295,12.588482],[108.029506,12.588075],[108.030984,12.588955],[108.030018,12.591596],[108.028959,12.5964],[108.029407,12.596719],[108.027577,12.600075],[108.026585,12.603726],[108.023962,12.608946],[108.022445,12.612778],[108.020215,12.617875]]]},"properties":{"@id":"relation/17569012","admin_level":"6","boundary":"administrative","name":"Xã Hòa Phú","type":"boundary"},"id":"relation/17569012"},
{"type":"Feature","geometry":{"type":"Polygon","coordinates":[[[108.079174,12.554698],[108.078706,12.556297],[108.079494,12.558831],[108.079322,12.561397],[108.077395,12.561974],[108.076635,12.562601],[108.07627,12.563742],[108.076313,12.566371],[108.077555,12.567594],[108.078859,12.567007],[108.080809,12.567706],[108.080801,12.568287],[108.080267,12.569518],[108.080248,12.571088],[108.081635,12.572741],[108.082394,12.572756],[108.08245,12.574862],[108.081817,12.576726],[108.081597,12.593187],[108.079981,12.59235],[108.079612,12.593101],[108.077011,12.592228],[108.074981,12.591993],[108.073956,12.592355],[108.072204,12.594879],[108.068977,12.59778],[108.068516,12.598732],[108.067344,12.598371],[108.064364,12.602852],[108.063739,12.604082],[108.061998,12.604789],[108.060638,12.606286],[108.061867,12.607307],[108.062826,12.609455],[108.06387,12.609462],[108.06523,12.610406],[108.065641,12.612548],[108.066605,12.612861],[108.068428,12.612297],[108.068526,12.613425],[108.07071,12.616171],[108.070959,12.619724],[108.070703,12.620269],[108.071511,12.622518],[108.07148,12.625265],[108.070664,12.627262],[108.069937,12.628311],[108.071187,12.62949],[108.071671,12.630791],[108.074318,12.633277],[108.075895,12.634104],[108.071928,12.634457],[108.070761,12.633942],[108.06938,12.634531],[108.06994,12.638046],[108.067507,12.642358],[108.067548,12.643845],[108.067996,12.64566],[108.067709,12.650205],[108.067073,12.651791],[108.067437,12.653405],[108.067494,12.655976],[108.06677,12.655936],[108.06401,12.656844],[108.061738,12.656177],[108.059756,12.655204],[108.058605,12.655816],[108.05842,12.657448],[108.056695,12.658765],[108.05556,12.660298],[108.054016,12.660263],[108.052993,12.661237],[108.051036,12.66061],[108.049063,12.664667],[108.044445,12.663758],[108.04344,12.663783],[108.041424,12.664828],[108.040517,12.664595],[108.040396,12.665853],[108.039083,12.666995],[108.035699,12.663841],[108.028915,12.658557],[108.028346,12.660031],[108.02731,12.660079],[108.027386,12.661376],[108.026521,12.662188],[108.023446,12.660495],[108.023342,12.659626],[108.021194,12.659906],[108.020524,12.662252],[108.018024,12.661823],[108.016478,12.661853],[108.01409,12.659583],[108.012161,12.659454],[108.01102,12.658742],[108.012348,12.656028],[108.013332,12.65493],[108.014008,12.65305],[108.014432,12.649619],[108.015803,12.648763],[108.018245,12.646126],[108.016235,12.645123],[108.015725,12.642582],[108.017396,12.641829],[108.017164,12.640341],[108.017569,12.638783],[108.014625,12.635931],[108.014864,12.634564],[108.015794,12.633465],[108.017097,12.630754],[108.016812,12.629982],[108.017131,12.62607],[108.017187,12.623038],[108.020215,12.617875],[108.022445,12.612778],[108.023962,12.608946],[108.026585,12.603726],[108.027577,12.600075],[108.029407,12.596719],[108.028959,12.5964],[108.030018,12.591596],[108.030984,12.588955],[108.029506,12.588075],[108.028295,12.588482],[108.028648,12.586633],[108.031531,12.574122],[108.033097,12.572635],[108.035165,12.572078],[108.035836,12.568884],[108.03663,12.5678],[108.036209,12.566062],[108.036574,12.565476],[108.037085,12.562967],[108.038735,12.561889],[108.042004,12.561819],[108.045028,12.560245],[108.048386,12.560182],[108.049985,12.558773],[108.051098,12.557252],[108.053217,12.557532],[108.055041,12.557176],[108.056736,12.55793],[108.058908,12.55737],[108.059979,12.554846],[108.062645,12.553802],[108.063946,12.553014],[108.065257,12.553414],[108.068025,12.553056],[108.069635,12.553366],[108.072048,12.553077],[108.073803,12.554066],[108.077059,12.553765],[108.077852,12.554441],[108.079174,12.554698]]]},"properties":{"@id":"relation/17569015","admin_level":"6","boundary":"administrative","name":"Phường Ea Kao","type":"boundary"},"id":"relation/17569015"},
{"type":"Feature","geometry":{"type":"Polygon","coordinates":[[[107.969319,12.669541],[107.969078,12.668226],[107.969845,12.665872],[107.968885,12.665085],[107.968841,12.663131],[107.967804,12.662796],[107.963076,12.657382],[107.96604,12.655018],[107.971413,12.649985],[107.977812,12.644921],[107.979893,12.643607],[107.980977,12.643469],[107.982755,12.644642],[107.983438,12.646241],[107.986025,12.646977],[107.986027,12.64545],[107.984698,12.644913],[107.984438,12.641504],[107.982459,12.639609],[107.982038,12.638555],[107.982503,12.637723],[107.983961,12.637597],[107.98489,12.635894],[107.986491,12.634478],[107.987002,12.630618],[107.986572,12.629109],[107.986906,12.627999],[107.988216,12.627672],[107.988182,12.626263],[107.991016,12.626941],[107.992836,12.626297],[107.993434,12.625434],[107.994159,12.622983],[107.993547,12.621838],[107.994189,12.620567],[107.994226,12.619386],[107.994991,12.617504],[107.995453,12.61501],[107.996855,12.614693],[107.997618,12.613786],[107.997878,12.61218],[107.998593,12.611613],[108.000619,12.611349],[108.005115,12.611972],[108.006265,12.61447],[108.008642,12.61668],[108.012429,12.616635],[108.015693,12.616139],[108.017043,12.616714],[108.017388,12.618023],[108.020215,12.617875],[108.017187,12.623038],[108.017131,12.62607],[108.016812,12.629982],[108.017097,12.630754],[108.015794,12.633465],[108.014864,12.634564],[108.014625,12.635931],[108.017569,12.638783],[108.017164,12.640341],[108.017396,12.641829],[108.015725,12.642582],[108.016235,12.645123],[108.018245,12.646126],[108.015803,12.648763],[108.014432,12.649619],[108.014008,12.65305],[108.013332,12.65493],[108.012348,12.656028],[108.01102,12.658742],[108.010551,12.659462],[108.00903,12.65987],[108.007806,12.659389],[108.006057,12.659468],[108.0053,12.660593],[108.003413,12.660799],[108.001757,12.662208],[108.00277,12.664036],[108.00282,12.665821],[108.003491,12.670259],[108.004274,12.672968],[108.006098,12.67464],[108.006683,12.676369],[108.009936,12.676263],[108.011423,12.676767],[108.013093,12.67648],[108.014777,12.676554],[108.018774,12.673656],[108.022417,12.672321],[108.024714,12.672584],[108.024837,12.676086],[108.027901,12.677075],[108.027801,12.68213],[108.029397,12.682535],[108.031308,12.682518],[108.03135,12.685307],[108.02991,12.685369],[108.029931,12.68708],[108.027255,12.687499],[108.027167,12.689453],[108.025847,12.689252],[108.024313,12.687875],[108.022817,12.687306],[108.021183,12.685418],[108.020285,12.68485],[108.018259,12.685079],[108.016368,12.686086],[108.013973,12.685975],[108.012804,12.686376],[108.01142,12.687417],[108.011454,12.689398],[108.00853,12.690063],[108.006024,12.6916],[108.005716,12.692711],[108.004862,12.692903],[108.004173,12.694199],[108.002922,12.694624],[108.002039,12.694288],[108.0004,12.69496],[107.999116,12.693802],[107.997649,12.692965],[107.997145,12.695718],[107.995831,12.698219],[107.995203,12.698905],[107.990139,12.698912],[107.988208,12.699731],[107.987476,12.695307],[107.987194,12.69504],[107.985591,12.687476],[107.985955,12.687068],[107.985748,12.685257],[107.986353,12.683719],[107.986094,12.681421],[107.984741,12.68177],[107.984722,12.671541],[107.981864,12.671314],[107.979899,12.670352],[107.978359,12.670442],[107.977397,12.669113],[107.976528,12.668909],[107.97464,12.669418],[107.972657,12.668443],[107.970776,12.668163],[107.969319,12.669541]]]},"properties":{"@id":"relation/17569018","UArea":"32.22","admin_level":"6","boundary":"administrative","name":"Phường Thành Nhất","type":"boundary"},"id":"relation/17569018"},
{"type":"Feature","geometry":{"type":"Polygon","coordinates":[[[108.17864,12.482443],[108.178556,12.480227],[108.178012,12.477585],[108.177575,12.476744],[108.175248,12.474467],[108.175399,12.472699],[108.178251,12.470761],[108.178672,12.469926],[108.178231,12.468584],[108.177398,12.468022],[108.175748,12.467759],[108.173388,12.467851],[108.171703,12.466856],[108.168918,12.464347],[108.168086,12.463058],[108.168495,12.460301],[108.169185,12.458175],[108.170331,12.45641],[108.170432,12.454586],[108.168755,12.451584],[108.172508,12.450888],[108.17353,12.449959],[108.176359,12.449664],[108.177071,12.449222],[108.175453,12.447892],[108.175544,12.445529],[108.17511,12.444303],[108.174625,12.441214],[108.173237,12.438861],[108.173624,12.437302],[108.175592,12.434968],[108.176483,12.434355],[108.176161,12.433161],[108.176544,12.431608],[108.172651,12.431348],[108.169606,12.431422],[108.16879,12.429468],[108.167744,12.4282],[108.167803,12.427226],[108.166524,12.425361],[108.166752,12.423731],[108.165126,12.4225],[108.164306,12.421028],[108.163249,12.421154],[108.161788,12.420632],[108.159499,12.419346],[108.160099,12.40995],[108.161822,12.41071],[108.162544,12.409117],[108.163876,12.408236],[108.164973,12.408345],[108.165316,12.406325],[108.166725,12.405075],[108.167766,12.405995],[108.169161,12.404745],[108.17744,12.398937],[108.179762,12.397904],[108.181583,12.398451],[108.182863,12.398079],[108.183489,12.394668],[108.18581,12.393669],[108.186675,12.391885],[108.186563,12.390646],[108.187748,12.389373],[108.188699,12.387546],[108.189843,12.386794],[108.192917,12.38662],[108.195473,12.387375],[108.197581,12.386732],[108.199755,12.386785],[108.201444,12.385742],[108.20268,12.389489],[108.20342,12.390815],[108.205059,12.388063],[108.205226,12.387272],[108.206604,12.38499],[108.206146,12.382862],[108.20625,12.381823],[108.207052,12.380987],[108.208859,12.379022],[108.21007,12.378637],[108.21096,12.377369],[108.213107,12.375672],[108.214482,12.374977],[108.215343,12.374084],[108.215439,12.371521],[108.216142,12.370343],[108.216432,12.368818],[108.219195,12.366871],[108.221158,12.366344],[108.224055,12.365005],[108.225966,12.363217],[108.227713,12.359755],[108.227802,12.357872],[108.230043,12.358225],[108.231686,12.357777],[108.235272,12.355636],[108.238818,12.354515],[108.239494,12.356143],[108.24327,12.357009],[108.244565,12.356614],[108.24547,12.354555],[108.248683,12.351625],[108.254569,12.349575],[108.255941,12.349746],[108.257167,12.348581],[108.258655,12.348014],[108.261219,12.348838],[108.262749,12.346263],[108.26434,12.34683],[108.266342,12.346793],[108.268526,12.347145],[108.269847,12.346717],[108.27074,12.345434],[108.272281,12.344247],[108.272359,12.343296],[108.27377,12.341451],[108.275658,12.341942],[108.278832,12.339759],[108.280644,12.339008],[108.282261,12.338919],[108.28624,12.338217],[108.28848,12.336264],[108.289302,12.334848],[108.291334,12.334308],[108.292269,12.332634],[108.293884,12.332508],[108.29559,12.33161],[108.299038,12.331973],[108.30083,12.333236],[108.302193,12.334699],[108.304436,12.335519],[108.306271,12.335376],[108.313361,12.333145],[108.3165,12.332691],[108.320374,12.333548],[108.322188,12.333677],[108.323507,12.33417],[108.325008,12.334258],[108.326182,12.335705],[108.327481,12.337885],[108.329751,12.33692],[108.331069,12.335614],[108.331054,12.33384],[108.331494,12.33241],[108.332784,12.330988],[108.334679,12.329551],[108.33631,12.329778],[108.338467,12.328368],[108.338013,12.327342],[108.338703,12.325538],[108.340509,12.322054],[108.342412,12.319153],[108.344715,12.318744],[108.345914,12.319397],[108.347,12.319341],[108.34922,12.316879],[108.353212,12.314347],[108.353589,12.313498],[108.35474,12.312281],[108.354796,12.310066],[108.355648,12.309758],[108.356172,12.308151],[108.358132,12.306078],[108.360322,12.304333],[108.361883,12.303505],[108.360326,12.30167],[108.362404,12.300391],[108.363386,12.298956],[108.365055,12.298959],[108.365676,12.298548],[108.366581,12.299729],[108.367231,12.302095],[108.369812,12.302883],[108.370106,12.303332],[108.373366,12.303636],[108.374212,12.304771],[108.37547,12.305434],[108.376735,12.305118],[108.379299,12.306802],[108.379513,12.306067],[108.38208,12.306284],[108.383069,12.305798],[108.384967,12.305736],[108.386147,12.30637],[108.387614,12.306538],[108.389018,12.307759],[108.392024,12.308104],[108.393316,12.308451],[108.39504,12.309595],[108.395851,12.308985],[108.397592,12.308633],[108.398666,12.307556],[108.401606,12.30618],[108.404021,12.304201],[108.40483,12.304348],[108.406214,12.303395],[108.407219,12.301221],[108.408392,12.299773],[108.410848,12.298054],[108.411765,12.297979],[108.413166,12.296639],[108.414405,12.29686],[108.415318,12.295609],[108.416733,12.295199],[108.418342,12.29591],[108.41999,12.295218],[108.420434,12.292562],[108.423137,12.293364],[108.424957,12.293239],[108.427099,12.293687],[108.428575,12.293499],[108.430391,12.292749],[108.430922,12.293022],[108.432822,12.292426],[108.433147,12.291522],[108.434329,12.291963],[108.43563,12.290427],[108.437083,12.287869],[108.439703,12.287073],[108.440706,12.287237],[108.441141,12.28873],[108.442423,12.288451],[108.444319,12.289237],[108.443638,12.28724],[108.443785,12.286533],[108.445177,12.285659],[108.445695,12.284778],[108.446768,12.284469],[108.446302,12.28304],[108.446535,12.281774],[108.447308,12.280769],[108.446702,12.279127],[108.448768,12.279331],[108.450457,12.277545],[108.449653,12.276496],[108.451283,12.276053],[108.452714,12.277843],[108.455062,12.278967],[108.455735,12.281037],[108.457768,12.282564],[108.458991,12.282553],[108.458909,12.280392],[108.457169,12.276916],[108.457031,12.275903],[108.457901,12.275094],[108.459935,12.275642],[108.460665,12.276446],[108.461706,12.278481],[108.46423,12.279607],[108.466105,12.282095],[108.46675,12.283572],[108.464841,12.286343],[108.466275,12.287834],[108.466266,12.289422],[108.465789,12.294683],[108.465399,12.296939],[108.467642,12.296647],[108.469123,12.295478],[108.470429,12.292199],[108.470352,12.289758],[108.470707,12.288335],[108.472149,12.288244],[108.473633,12.291821],[108.475604,12.293923],[108.475909,12.295234],[108.474908,12.297977],[108.474664,12.299829],[108.475878,12.300267],[108.477207,12.298991],[108.478152,12.298899],[108.479275,12.299963],[108.480857,12.300422],[108.483154,12.299333],[108.483926,12.299976],[108.482979,12.301626],[108.481275,12.302628],[108.480665,12.3039],[108.480633,12.305845],[108.481295,12.30802],[108.482275,12.309211],[108.483601,12.309651],[108.484766,12.309299],[108.485884,12.310001],[108.487155,12.309587],[108.487681,12.310379],[108.487437,12.312007],[108.488633,12.312241],[108.489213,12.314133],[108.489087,12.316221],[108.490893,12.317667],[108.491131,12.318866],[108.492876,12.319223],[108.492984,12.320124],[108.493921,12.321108],[108.495234,12.320545],[108.495946,12.321241],[108.497345,12.321743],[108.499407,12.321976],[108.500354,12.32177],[108.50081,12.322566],[108.502899,12.323336],[108.502672,12.324102],[108.501547,12.324876],[108.498987,12.327325],[108.497533,12.32928],[108.498933,12.33044],[108.498455,12.335369],[108.496846,12.335293],[108.493869,12.334431],[108.492122,12.33536],[108.488832,12.336129],[108.488113,12.337147],[108.488481,12.338196],[108.487147,12.339536],[108.485978,12.339677],[108.484766,12.340604],[108.484255,12.343007],[108.482261,12.345419],[108.483157,12.346552],[108.481803,12.348944],[108.480621,12.349589],[108.480046,12.351158],[108.480295,12.352129],[108.479002,12.352273],[108.477929,12.351878],[108.476435,12.352347],[108.47685,12.353058],[108.476325,12.355148],[108.475533,12.356399],[108.476256,12.358048],[108.475105,12.359932],[108.47518,12.361429],[108.474138,12.363033],[108.474384,12.36378],[108.473431,12.365351],[108.47217,12.366437],[108.47143,12.370086],[108.470195,12.373561],[108.469509,12.373784],[108.468683,12.375184],[108.468707,12.376511],[108.467868,12.377243],[108.467041,12.377133],[108.466068,12.376028],[108.464977,12.375569],[108.463363,12.376159],[108.462001,12.377386],[108.461746,12.378934],[108.461162,12.379475],[108.461494,12.381331],[108.461205,12.382724],[108.459488,12.383819],[108.457023,12.386375],[108.457204,12.387841],[108.456886,12.390983],[108.455418,12.392922],[108.449945,12.397006],[108.44887,12.39726],[108.446145,12.400934],[108.444564,12.401702],[108.44392,12.402809],[108.442444,12.404104],[108.439702,12.405472],[108.438165,12.406638],[108.435356,12.407778],[108.433776,12.409683],[108.431611,12.408138],[108.430658,12.407167],[108.427967,12.406662],[108.424495,12.406228],[108.423057,12.405041],[108.418817,12.404006],[108.417321,12.403309],[108.411581,12.402401],[108.410509,12.403411],[108.409743,12.403367],[108.408214,12.405077],[108.406457,12.406592],[108.403386,12.407397],[108.400619,12.408527],[108.398687,12.409764],[108.396644,12.409203],[108.395114,12.408104],[108.392999,12.408238],[108.391521,12.407763],[108.390355,12.407941],[108.38951,12.408878],[108.386781,12.410093],[108.38363,12.414092],[108.38225,12.41535],[108.3816,12.417219],[108.381793,12.418151],[108.380957,12.419586],[108.379663,12.419067],[108.377923,12.419112],[108.376343,12.418191],[108.373989,12.418338],[108.371491,12.417717],[108.369362,12.417881],[108.367825,12.419569],[108.36573,12.419886],[108.364779,12.422181],[108.363009,12.42308],[108.361968,12.423954],[108.360376,12.424443],[108.358478,12.424002],[108.356921,12.425272],[108.355199,12.424496],[108.354013,12.42286],[108.351655,12.423282],[108.349472,12.423125],[108.347657,12.424297],[108.346746,12.425574],[108.346637,12.426985],[108.345935,12.428856],[108.345439,12.431491],[108.344495,12.432407],[108.343016,12.432098],[108.340202,12.433494],[108.338641,12.435315],[108.335919,12.435765],[108.334773,12.436705],[108.332985,12.436731],[108.332116,12.437113],[108.331566,12.438623],[108.33044,12.439084],[108.328285,12.438824],[108.326225,12.43774],[108.32419,12.437957],[108.323265,12.438924],[108.321041,12.439409],[108.319363,12.438853],[108.317981,12.438012],[108.315754,12.437698],[108.313632,12.436987],[108.31183,12.435596],[108.310707,12.435566],[108.308422,12.436139],[108.307466,12.435779],[108.306122,12.434394],[108.302241,12.432988],[108.300756,12.431271],[108.297809,12.432357],[108.296896,12.43327],[108.296233,12.434942],[108.295906,12.438157],[108.295256,12.44005],[108.295733,12.440979],[108.295487,12.442004],[108.299665,12.445387],[108.297649,12.448385],[108.295047,12.448871],[108.292634,12.449901],[108.291645,12.44967],[108.288819,12.449889],[108.287651,12.451056],[108.286343,12.451694],[108.285938,12.45276],[108.284275,12.453498],[108.283108,12.45447],[108.279704,12.454473],[108.276696,12.456697],[108.276008,12.458079],[108.276214,12.460638],[108.274367,12.461223],[108.273351,12.462809],[108.271267,12.463979],[108.270076,12.465413],[108.26871,12.466034],[108.267062,12.46634],[108.264256,12.466183],[108.261867,12.466641],[108.259588,12.466271],[108.257546,12.467016],[108.25557,12.46703],[108.253499,12.467581],[108.250544,12.468834],[108.24775,12.469284],[108.246414,12.468792],[108.244792,12.467716],[108.242652,12.466817],[108.240914,12.467121],[108.236473,12.471161],[108.233937,12.471476],[108.231641,12.472382],[108.229843,12.475025],[108.228814,12.475899],[108.226987,12.473457],[108.22505,12.469106],[108.224393,12.466647],[108.222842,12.465361],[108.220739,12.467797],[108.220241,12.469846],[108.217874,12.471483],[108.217094,12.472881],[108.216319,12.473252],[108.215852,12.474721],[108.214048,12.474878],[108.210076,12.477827],[108.206374,12.478677],[108.203991,12.478591],[108.200385,12.480244],[108.199864,12.481473],[108.198737,12.482354],[108.197707,12.481517],[108.195694,12.481079],[108.194355,12.479621],[108.194124,12.478183],[108.192373,12.476636],[108.190509,12.47692],[108.188387,12.476119],[108.186132,12.475565],[108.185188,12.476446],[108.184141,12.476049],[108.182569,12.477569],[108.182977,12.478822],[108.182418,12.479811],[108.182911,12.481381],[108.180515,12.481317],[108.18008,12.48226],[108.17864,12.482443]]]},"properties":{"@id":"relation/17822627","admin_level":"6","boundary":"administrative","name":"Xã Liên Sơn Lắk","type":"boundary"},"id":"relation/17822627"},
{"type":"Feature","geometry":{"type":"Polygon","coordinates":[[[108.074786,12.430535],[108.073258,12.428726],[108.068419,12.424801],[108.06771,12.424858],[108.066,12.426941],[108.064626,12.427457],[108.063302,12.428834],[108.061145,12.427321],[108.059574,12.427399],[108.058616,12.429314],[108.058147,12.429219],[108.057619,12.427391],[108.055367,12.426646],[108.053903,12.426717],[108.05294,12.426258],[108.053311,12.424854],[108.052155,12.423387],[108.052222,12.42217],[108.050832,12.420379],[108.050652,12.419483],[108.051889,12.418592],[108.050208,12.416619],[108.046542,12.416405],[108.044408,12.415311],[108.042417,12.415062],[108.040206,12.416624],[108.039053,12.41668],[108.036968,12.415805],[108.035431,12.414825],[108.03489,12.415311],[108.034297,12.417782],[108.032804,12.419455],[108.030278,12.417519],[108.028028,12.41855],[108.027139,12.418037],[108.026931,12.416584],[108.026178,12.415816],[108.0249,12.416185],[108.020902,12.416073],[108.020456,12.414389],[108.020545,12.413332],[108.021402,12.411635],[108.019767,12.411245],[108.017837,12.410293],[108.016393,12.410236],[108.015215,12.40971],[108.01378,12.409787],[108.012745,12.409319],[108.01332,12.405376],[108.013174,12.404248],[108.00929,12.403993],[108.008002,12.404618],[108.00535,12.40403],[108.003095,12.404264],[108.001117,12.403623],[108.000631,12.402908],[107.995832,12.402297],[107.995477,12.401646],[107.998817,12.399435],[107.999625,12.399236],[108.002016,12.397175],[108.002742,12.394847],[108.002432,12.391995],[108.000926,12.392491],[107.997511,12.392532],[107.996754,12.391794],[107.997838,12.39097],[107.998645,12.3898],[107.998753,12.387728],[107.999163,12.386167],[107.998406,12.38111],[107.999225,12.37904],[107.999593,12.377288],[107.999573,12.37511],[108.001195,12.373479],[108.002178,12.373397],[108.004191,12.372584],[108.006059,12.373348],[108.00918,12.373005],[108.010236,12.3722],[108.011979,12.371521],[108.013975,12.36958],[108.015418,12.369432],[108.016746,12.370531],[108.018803,12.371277],[108.019402,12.372045],[108.020522,12.371824],[108.022935,12.37228],[108.024651,12.371353],[108.024822,12.370665],[108.022267,12.368262],[108.02258,12.366835],[108.022466,12.364912],[108.023507,12.362605],[108.023706,12.36159],[108.022806,12.36026],[108.023233,12.358083],[108.024115,12.35752],[108.025683,12.358076],[108.027408,12.3574],[108.030428,12.357023],[108.030946,12.356553],[108.033135,12.356373],[108.034256,12.35456],[108.034535,12.352846],[108.035808,12.351741],[108.037781,12.348166],[108.037079,12.346074],[108.038341,12.344371],[108.040365,12.342807],[108.042118,12.342994],[108.043145,12.343492],[108.045173,12.343581],[108.046259,12.343264],[108.048376,12.34381],[108.050066,12.343881],[108.051812,12.344733],[108.052488,12.345831],[108.053877,12.347019],[108.057822,12.346961],[108.062838,12.348959],[108.064193,12.349912],[108.066186,12.350128],[108.066454,12.348551],[108.067516,12.346864],[108.069051,12.345729],[108.070903,12.346031],[108.071997,12.34542],[108.073183,12.345328],[108.076882,12.345541],[108.07756,12.346059],[108.079867,12.345927],[108.081222,12.347669],[108.083103,12.349263],[108.084255,12.349815],[108.089064,12.348533],[108.089252,12.347375],[108.088823,12.346107],[108.091415,12.345172],[108.093274,12.3442],[108.094167,12.344493],[108.099501,12.345232],[108.099967,12.345885],[108.101542,12.345238],[108.103211,12.345174],[108.106785,12.346101],[108.108655,12.345672],[108.109452,12.347651],[108.111257,12.348745],[108.112685,12.350343],[108.114511,12.352974],[108.114173,12.354087],[108.114258,12.35719],[108.113353,12.358639],[108.114946,12.362909],[108.120664,12.363246],[108.123735,12.364196],[108.124993,12.364122],[108.125303,12.36606],[108.126416,12.36596],[108.127305,12.366967],[108.128973,12.367518],[108.130623,12.368598],[108.132039,12.370494],[108.132354,12.372134],[108.133668,12.372886],[108.13451,12.37412],[108.134771,12.376351],[108.136281,12.377886],[108.136218,12.379313],[108.137157,12.379588],[108.137229,12.381648],[108.136907,12.383982],[108.138667,12.385375],[108.139224,12.387926],[108.14685,12.381621],[108.149291,12.379489],[108.150299,12.378883],[108.153309,12.379523],[108.156538,12.379507],[108.159926,12.37679],[108.168898,12.37367],[108.179618,12.376527],[108.189112,12.381228],[108.19098,12.381734],[108.19219,12.382486],[108.193987,12.382103],[108.19613,12.380625],[108.197619,12.380757],[108.202181,12.378453],[108.203664,12.37793],[108.207052,12.380987],[108.20625,12.381823],[108.206146,12.382862],[108.206604,12.38499],[108.205226,12.387272],[108.205059,12.388063],[108.20342,12.390815],[108.20268,12.389489],[108.201444,12.385742],[108.199755,12.386785],[108.197581,12.386732],[108.195473,12.387375],[108.192917,12.38662],[108.189843,12.386794],[108.188699,12.387546],[108.187748,12.389373],[108.186563,12.390646],[108.186675,12.391885],[108.18581,12.393669],[108.183489,12.394668],[108.182863,12.398079],[108.181583,12.398451],[108.179762,12.397904],[108.17744,12.398937],[108.169161,12.404745],[108.167766,12.405995],[108.166725,12.405075],[108.165316,12.406325],[108.164973,12.408345],[108.163876,12.408236],[108.162544,12.409117],[108.161822,12.41071],[108.160099,12.40995],[108.159499,12.419346],[108.161788,12.420632],[108.163249,12.421154],[108.164306,12.421028],[108.165126,12.4225],[108.166752,12.423731],[108.166524,12.425361],[108.167803,12.427226],[108.167744,12.4282],[108.16879,12.429468],[108.169606,12.431422],[108.172651,12.431348],[108.176544,12.431608],[108.176161,12.433161],[108.176483,12.434355],[108.175592,12.434968],[108.173624,12.437302],[108.173237,12.438861],[108.174625,12.441214],[108.17511,12.444303],[108.175544,12.445529],[108.175453,12.447892],[108.177071,12.449222],[108.176359,12.449664],[108.17353,12.449959],[108.172508,12.450888],[108.168755,12.451584],[108.166827,12.448845],[108.164818,12.446862],[108.164011,12.445521],[108.163715,12.444107],[108.164074,12.441262],[108.163373,12.439668],[108.162528,12.439172],[108.160669,12.438987],[108.159344,12.437839],[108.158871,12.436079],[108.159043,12.435199],[108.160618,12.433433],[108.161163,12.432148],[108.159434,12.430587],[108.156658,12.429324],[108.153942,12.428481],[108.151506,12.428446],[108.149898,12.430666],[108.14626,12.432405],[108.144237,12.432353],[108.143225,12.432924],[108.142593,12.432421],[108.141692,12.428672],[108.140543,12.428879],[108.140841,12.430988],[108.139996,12.432177],[108.135032,12.43399],[108.133599,12.433386],[108.133162,12.432307],[108.133916,12.430735],[108.136144,12.428438],[108.136186,12.427485],[108.13288,12.427649],[108.131268,12.429919],[108.129764,12.431242],[108.127466,12.431223],[108.126402,12.429122],[108.127055,12.428488],[108.128412,12.428405],[108.129782,12.425245],[108.130031,12.423806],[108.129899,12.422054],[108.129035,12.421407],[108.12808,12.422071],[108.127207,12.424579],[108.126036,12.426811],[108.124634,12.427767],[108.123969,12.427099],[108.125931,12.425272],[108.126204,12.424278],[108.125259,12.422183],[108.125291,12.42082],[108.125841,12.419072],[108.124791,12.418025],[108.122353,12.417209],[108.119555,12.417383],[108.116821,12.416334],[108.115201,12.415341],[108.112496,12.414153],[108.111761,12.414186],[108.11036,12.41618],[108.109853,12.417475],[108.109484,12.419595],[108.1087,12.420751],[108.107737,12.420404],[108.107464,12.419441],[108.10763,12.417803],[108.106939,12.417098],[108.104768,12.419404],[108.103331,12.419935],[108.101103,12.418797],[108.100523,12.419278],[108.099396,12.423102],[108.099439,12.426214],[108.098253,12.427265],[108.096921,12.427366],[108.095454,12.428091],[108.094089,12.430041],[108.092439,12.431045],[108.091093,12.430219],[108.090167,12.428734],[108.089312,12.428353],[108.084976,12.429436],[108.083573,12.430626],[108.083016,12.432078],[108.081514,12.431641],[108.08105,12.429389],[108.080029,12.429008],[108.078764,12.430963],[108.077263,12.430626],[108.076306,12.430869],[108.074786,12.430535]]]},"properties":{"@id":"relation/17822628","admin_level":"6","boundary":"administrative","name":"Xã Đắk Liêng","type":"boundary"},"id":"relation/17822628"},
{"type":"Feature","geometry":{"type":"Polygon","coordinates":[[[108.353589,12.313498],[108.353212,12.314347],[108.34922,12.316879],[108.347,12.319341],[108.345914,12.319397],[108.344715,12.318744],[108.342412,12.319153],[108.340509,12.322054],[108.338703,12.325538],[108.338013,12.327342],[108.338467,12.328368],[108.33631,12.329778],[108.334679,12.329551],[108.332784,12.330988],[108.331494,12.33241],[108.331054,12.33384],[108.331069,12.335614],[108.329751,12.33692],[108.327481,12.337885],[108.326182,12.335705],[108.325008,12.334258],[108.323507,12.33417],[108.322188,12.333677],[108.320374,12.333548],[108.3165,12.332691],[108.313361,12.333145],[108.306271,12.335376],[108.304436,12.335519],[108.302193,12.334699],[108.30083,12.333236],[108.299038,12.331973],[108.29559,12.33161],[108.293884,12.332508],[108.292269,12.332634],[108.291334,12.334308],[108.289302,12.334848],[108.28848,12.336264],[108.28624,12.338217],[108.282261,12.338919],[108.280644,12.339008],[108.278832,12.339759],[108.275658,12.341942],[108.27377,12.341451],[108.272359,12.343296],[108.272281,12.344247],[108.27074,12.345434],[108.269847,12.346717],[108.268526,12.347145],[108.266342,12.346793],[108.26434,12.34683],[108.262749,12.346263],[108.261219,12.348838],[108.258655,12.348014],[108.257167,12.348581],[108.255941,12.349746],[108.254569,12.349575],[108.248683,12.351625],[108.24547,12.354555],[108.244565,12.356614],[108.24327,12.357009],[108.239494,12.356143],[108.238818,12.354515],[108.235272,12.355636],[108.231686,12.357777],[108.230043,12.358225],[108.227802,12.357872],[108.227713,12.359755],[108.225966,12.363217],[108.224055,12.365005],[108.221158,12.366344],[108.219195,12.366871],[108.216432,12.368818],[108.216142,12.370343],[108.215439,12.371521],[108.215343,12.374084],[108.214482,12.374977],[108.213107,12.375672],[108.21096,12.377369],[108.21007,12.378637],[108.208859,12.379022],[108.207052,12.380987],[108.203664,12.37793],[108.202181,12.378453],[108.197619,12.380757],[108.19613,12.380625],[108.193987,12.382103],[108.19219,12.382486],[108.19098,12.381734],[108.189112,12.381228],[108.179618,12.376527],[108.168898,12.37367],[108.159926,12.37679],[108.156538,12.379507],[108.153309,12.379523],[108.150299,12.378883],[108.149291,12.379489],[108.14685,12.381621],[108.139224,12.387926],[108.138667,12.385375],[108.136907,12.383982],[108.137229,12.381648],[108.137157,12.379588],[108.136218,12.379313],[108.136281,12.377886],[108.134771,12.376351],[108.13451,12.37412],[108.133668,12.372886],[108.132354,12.372134],[108.132039,12.370494],[108.130623,12.368598],[108.128973,12.367518],[108.127305,12.366967],[108.126416,12.36596],[108.125303,12.36606],[108.124993,12.364122],[108.123735,12.364196],[108.120664,12.363246],[108.114946,12.362909],[108.113353,12.358639],[108.114258,12.35719],[108.114173,12.354087],[108.114511,12.352974],[108.112685,12.350343],[108.111257,12.348745],[108.109452,12.347651],[108.108655,12.345672],[108.106785,12.346101],[108.103211,12.345174],[108.101542,12.345238],[108.099967,12.345885],[108.099501,12.345232],[108.094167,12.344493],[108.093916,12.343301],[108.094474,12.342397],[108.09425,12.340726],[108.093536,12.339237],[108.093332,12.337758],[108.09659,12.335974],[108.096533,12.334009],[108.09762,12.333045],[108.097677,12.332041],[108.096099,12.32978],[108.095487,12.327315],[108.093904,12.325322],[108.094184,12.324325],[108.095869,12.322498],[108.096234,12.318144],[108.096027,12.3172],[108.092742,12.312741],[108.090293,12.310507],[108.089969,12.309283],[108.093265,12.308279],[108.096166,12.307786],[108.097582,12.308233],[108.099191,12.306667],[108.100925,12.305714],[108.103702,12.305182],[108.104229,12.304448],[108.106919,12.303897],[108.109158,12.30162],[108.109952,12.301372],[108.110159,12.300212],[108.113445,12.300049],[108.114406,12.296764],[108.116434,12.295209],[108.116049,12.293752],[108.117642,12.292234],[108.118011,12.290607],[108.117381,12.289296],[108.11821,12.286834],[108.117394,12.285506],[108.116518,12.282996],[108.116681,12.281781],[108.115768,12.280337],[108.114534,12.279368],[108.11526,12.27848],[108.114207,12.277824],[108.114079,12.276789],[108.11568,12.274262],[108.11717,12.273781],[108.11715,12.270894],[108.119851,12.268643],[108.120615,12.266981],[108.11995,12.265727],[108.11876,12.264735],[108.117768,12.264548],[108.116772,12.265092],[108.115573,12.264671],[108.114713,12.263432],[108.112798,12.261534],[108.113924,12.260427],[108.114595,12.258791],[108.116583,12.257869],[108.119022,12.255279],[108.120192,12.253611],[108.12118,12.253034],[108.123549,12.252287],[108.123652,12.250142],[108.124789,12.248164],[108.124892,12.246137],[108.123289,12.244471],[108.123874,12.243241],[108.124959,12.24206],[108.124392,12.240937],[108.12779,12.239852],[108.13302,12.240393],[108.133401,12.241519],[108.13471,12.242476],[108.136863,12.242781],[108.135477,12.244943],[108.135268,12.2478],[108.136666,12.247604],[108.138756,12.248285],[108.139067,12.249206],[108.140168,12.25013],[108.14228,12.25046],[108.143359,12.249223],[108.144589,12.249482],[108.146251,12.24798],[108.149673,12.250577],[108.15105,12.250144],[108.151451,12.250706],[108.153067,12.250322],[108.154144,12.248482],[108.156146,12.247696],[108.157777,12.248644],[108.16006,12.248843],[108.161082,12.249321],[108.161892,12.248104],[108.163067,12.247606],[108.164622,12.245766],[108.167857,12.246352],[108.168675,12.246079],[108.17246,12.247444],[108.183874,12.249815],[108.185568,12.25229],[108.184562,12.253787],[108.185286,12.255873],[108.185131,12.256961],[108.185828,12.258126],[108.188028,12.259367],[108.190599,12.260189],[108.192571,12.260115],[108.193902,12.258988],[108.195089,12.257284],[108.196937,12.25645],[108.197489,12.255581],[108.199173,12.255846],[108.200596,12.255636],[108.204892,12.256825],[108.20573,12.257556],[108.207866,12.257466],[108.210247,12.255527],[108.212307,12.254534],[108.213149,12.25318],[108.216282,12.250083],[108.217376,12.247931],[108.220125,12.247522],[108.221085,12.246739],[108.225111,12.246933],[108.226973,12.246703],[108.228794,12.24558],[108.231217,12.245236],[108.2352,12.247864],[108.236972,12.24811],[108.236328,12.255841],[108.236331,12.25672],[108.237101,12.25753],[108.238667,12.257713],[108.240277,12.257132],[108.242294,12.258001],[108.245139,12.260927],[108.246603,12.261979],[108.247735,12.263332],[108.250533,12.265587],[108.251574,12.265427],[108.255577,12.26738],[108.259885,12.269255],[108.264347,12.269293],[108.264854,12.269708],[108.265438,12.272271],[108.266931,12.273495],[108.268173,12.274995],[108.269526,12.275507],[108.271165,12.275142],[108.272638,12.276649],[108.274288,12.277682],[108.276129,12.277477],[108.278049,12.27662],[108.278858,12.277043],[108.280967,12.276713],[108.281733,12.277229],[108.285211,12.277485],[108.288595,12.277085],[108.292253,12.277596],[108.292845,12.278021],[108.296689,12.278637],[108.29784,12.280545],[108.301397,12.281317],[108.30275,12.283524],[108.302844,12.284931],[108.303879,12.285116],[108.305981,12.286466],[108.30616,12.287532],[108.307876,12.287517],[108.309864,12.289855],[108.312574,12.289826],[108.314639,12.290447],[108.315037,12.290988],[108.316926,12.291776],[108.317884,12.291654],[108.319576,12.292359],[108.322207,12.291988],[108.324468,12.291287],[108.326592,12.292293],[108.326751,12.294314],[108.327569,12.297256],[108.32835,12.297792],[108.329693,12.297388],[108.330101,12.300782],[108.33117,12.300972],[108.331724,12.301868],[108.334237,12.30408],[108.3349,12.305581],[108.336262,12.307551],[108.338032,12.30906],[108.339711,12.309664],[108.342952,12.311854],[108.344264,12.311534],[108.348293,12.312628],[108.34929,12.313055],[108.351184,12.313223],[108.352624,12.313683],[108.353589,12.313498]]]},"properties":{"@id":"relation/17822630","admin_level":"6","boundary":"administrative","name":"Xã Đắk Phơi","type":"boundary"},"id":"relation/17822630"},
{"type":"Feature","geometry":{"type":"Polygon","coordinates":[[[108.094167,12.344493],[108.093274,12.3442],[108.091415,12.345172],[108.088823,12.346107],[108.089252,12.347375],[108.089064,12.348533],[108.084255,12.349815],[108.083103,12.349263],[108.081222,12.347669],[108.079867,12.345927],[108.07756,12.346059],[108.076882,12.345541],[108.073183,12.345328],[108.071997,12.34542],[108.070903,12.346031],[108.069051,12.345729],[108.067516,12.346864],[108.066454,12.348551],[108.066186,12.350128],[108.064193,12.349912],[108.062838,12.348959],[108.057822,12.346961],[108.053877,12.347019],[108.052488,12.345831],[108.051812,12.344733],[108.050066,12.343881],[108.048376,12.34381],[108.046259,12.343264],[108.045173,12.343581],[108.043145,12.343492],[108.042118,12.342994],[108.040365,12.342807],[108.038341,12.344371],[108.037079,12.346074],[108.037781,12.348166],[108.035808,12.351741],[108.034535,12.352846],[108.034256,12.35456],[108.033135,12.356373],[108.030946,12.356553],[108.030428,12.357023],[108.027408,12.3574],[108.025683,12.358076],[108.024115,12.35752],[108.023233,12.358083],[108.022806,12.36026],[108.023706,12.36159],[108.023507,12.362605],[108.022466,12.364912],[108.02258,12.366835],[108.022267,12.368262],[108.024822,12.370665],[108.024651,12.371353],[108.022935,12.37228],[108.020522,12.371824],[108.019402,12.372045],[108.018803,12.371277],[108.016746,12.370531],[108.015418,12.369432],[108.013975,12.36958],[108.011979,12.371521],[108.010236,12.3722],[108.00918,12.373005],[108.006059,12.373348],[108.004191,12.372584],[108.002178,12.373397],[108.001195,12.373479],[107.999573,12.37511],[107.999593,12.377288],[107.999225,12.37904],[107.998406,12.38111],[107.999163,12.386167],[107.998753,12.387728],[107.998645,12.3898],[107.997838,12.39097],[107.996754,12.391794],[107.997511,12.392532],[108.000926,12.392491],[108.002432,12.391995],[108.002742,12.394847],[108.002016,12.397175],[107.999625,12.399236],[107.998817,12.399435],[107.995477,12.401646],[107.993762,12.400578],[107.993406,12.399815],[107.991997,12.400105],[107.991398,12.399221],[107.989157,12.398448],[107.987555,12.398522],[107.986459,12.397588],[107.982433,12.398341],[107.980457,12.397381],[107.976763,12.396654],[107.976018,12.397575],[107.975596,12.399034],[107.973625,12.399238],[107.973137,12.398054],[107.971436,12.398524],[107.969633,12.398283],[107.969021,12.39878],[107.965543,12.398437],[107.964825,12.397882],[107.962377,12.398617],[107.961838,12.399087],[107.960495,12.399014],[107.958956,12.399552],[107.956867,12.399316],[107.954441,12.400555],[107.951467,12.400146],[107.950419,12.404867],[107.947658,12.405411],[107.946891,12.406294],[107.945886,12.408599],[107.944687,12.409085],[107.943226,12.408459],[107.940687,12.408778],[107.939743,12.410759],[107.940041,12.412824],[107.939834,12.417684],[107.939365,12.418021],[107.936595,12.417543],[107.935437,12.416899],[107.933328,12.416817],[107.93123,12.417247],[107.929099,12.416748],[107.927529,12.417064],[107.92401,12.416984],[107.922939,12.416165],[107.921103,12.416561],[107.920213,12.418154],[107.918767,12.41885],[107.917506,12.418597],[107.916535,12.417439],[107.916471,12.416096],[107.916988,12.415249],[107.919684,12.413636],[107.920982,12.413178],[107.922805,12.413236],[107.924903,12.414153],[107.92682,12.413917],[107.92782,12.412753],[107.927208,12.410998],[107.925593,12.410174],[107.921236,12.408408],[107.918759,12.407832],[107.9168,12.40706],[107.915311,12.406008],[107.913848,12.40444],[107.912753,12.402689],[107.912429,12.400475],[107.912886,12.398595],[107.913961,12.396063],[107.917317,12.3912],[107.919729,12.3904],[107.924912,12.38969],[107.925254,12.388353],[107.921884,12.387044],[107.920316,12.384883],[107.920021,12.383491],[107.920651,12.380989],[107.921752,12.38015],[107.92359,12.380089],[107.923813,12.381717],[107.925327,12.38261],[107.927211,12.381909],[107.927756,12.380738],[107.927671,12.377636],[107.9289,12.377743],[107.931402,12.377],[107.932271,12.375962],[107.931335,12.373916],[107.931347,12.372563],[107.932395,12.370637],[107.933836,12.369509],[107.934635,12.368403],[107.934574,12.367555],[107.932836,12.365377],[107.932474,12.364026],[107.932594,12.362615],[107.933749,12.359931],[107.933599,12.358569],[107.931394,12.35588],[107.930981,12.35426],[107.931964,12.352742],[107.93396,12.350995],[107.934524,12.348826],[107.933602,12.34575],[107.933632,12.343918],[107.93419,12.342631],[107.936152,12.340152],[107.93718,12.339286],[107.941395,12.337167],[107.944185,12.335364],[107.945023,12.334256],[107.945418,12.332887],[107.945214,12.331829],[107.943859,12.329606],[107.94363,12.328082],[107.944609,12.326243],[107.945798,12.325565],[107.947689,12.32521],[107.949246,12.324542],[107.950373,12.323362],[107.951798,12.319605],[107.952345,12.318818],[107.954057,12.3179],[107.957625,12.317042],[107.961626,12.315533],[107.965701,12.314196],[107.968059,12.313226],[107.969749,12.312006],[107.971912,12.309801],[107.973618,12.307683],[107.9741,12.306429],[107.974207,12.303761],[107.973246,12.300774],[107.974013,12.298441],[107.973637,12.297152],[107.974514,12.296642],[107.975379,12.296946],[107.978232,12.296852],[107.98062,12.296995],[107.981619,12.297675],[107.98142,12.298488],[107.983673,12.298917],[107.986738,12.300983],[107.988821,12.301975],[107.993872,12.303333],[107.997562,12.304609],[107.999362,12.304328],[108.000253,12.303517],[108.001457,12.30138],[108.002658,12.298521],[108.003845,12.296294],[108.004698,12.296031],[108.009743,12.298285],[108.011479,12.299416],[108.014955,12.302969],[108.015972,12.30267],[108.016902,12.3013],[108.018485,12.298257],[108.019133,12.295788],[108.019472,12.290893],[108.020347,12.290101],[108.022925,12.290183],[108.025443,12.288538],[108.026328,12.288315],[108.031515,12.288273],[108.034518,12.288557],[108.03703,12.289041],[108.039602,12.289097],[108.040521,12.288698],[108.041328,12.286725],[108.04141,12.281346],[108.041814,12.278836],[108.042527,12.276772],[108.04356,12.274841],[108.044888,12.273091],[108.047274,12.270958],[108.051701,12.268122],[108.055163,12.266221],[108.058733,12.264524],[108.06401,12.262232],[108.066459,12.260851],[108.06922,12.258925],[108.070923,12.260143],[108.074313,12.261807],[108.077155,12.262592],[108.079669,12.26289],[108.081779,12.26287],[108.085064,12.262352],[108.087267,12.262604],[108.089063,12.263818],[108.090563,12.26429],[108.091958,12.264272],[108.096009,12.26483],[108.097501,12.265296],[108.100013,12.26698],[108.10193,12.267368],[108.104459,12.266204],[108.10661,12.26564],[108.107961,12.264603],[108.108865,12.263305],[108.110577,12.26214],[108.112798,12.261534],[108.114713,12.263432],[108.115573,12.264671],[108.116772,12.265092],[108.117768,12.264548],[108.11876,12.264735],[108.11995,12.265727],[108.120615,12.266981],[108.119851,12.268643],[108.11715,12.270894],[108.11717,12.273781],[108.11568,12.274262],[108.114079,12.276789],[108.114207,12.277824],[108.11526,12.27848],[108.114534,12.279368],[108.115768,12.280337],[108.116681,12.281781],[108.116518,12.282996],[108.117394,12.285506],[108.11821,12.286834],[108.117381,12.289296],[108.118011,12.290607],[108.117642,12.292234],[108.116049,12.293752],[108.116434,12.295209],[108.114406,12.296764],[108.113445,12.300049],[108.110159,12.300212],[108.109952,12.301372],[108.109158,12.30162],[108.106919,12.303897],[108.104229,12.304448],[108.103702,12.305182],[108.100925,12.305714],[108.099191,12.306667],[108.097582,12.308233],[108.096166,12.307786],[108.093265,12.308279],[108.089969,12.309283],[108.090293,12.310507],[108.092742,12.312741],[108.096027,12.3172],[108.096234,12.318144],[108.095869,12.322498],[108.094184,12.324325],[108.093904,12.325322],[108.095487,12.327315],[108.096099,12.32978],[108.097677,12.332041],[108.09762,12.333045],[108.096533,12.334009],[108.09659,12.335974],[108.093332,12.337758],[108.093536,12.339237],[108.09425,12.340726],[108.094474,12.342397],[108.093916,12.343301],[108.094167,12.344493]]]},"properties":{"@id":"relation/17822632","admin_level":"6","boundary":"administrative","name":"Xã Nam Ka","type":"boundary"},"id":"relation/17822632"},
{"type":"Feature","geometry":{"type":"Polygon","coordinates":[[[108.353589,12.313498],[108.352624,12.313683],[108.351184,12.313223],[108.34929,12.313055],[108.348293,12.312628],[108.344264,12.311534],[108.342952,12.311854],[108.339711,12.309664],[108.338032,12.30906],[108.336262,12.307551],[108.3349,12.305581],[108.334237,12.30408],[108.331724,12.301868],[108.33117,12.300972],[108.330101,12.300782],[108.329693,12.297388],[108.32835,12.297792],[108.327569,12.297256],[108.326751,12.294314],[108.326592,12.292293],[108.324468,12.291287],[108.322207,12.291988],[108.319576,12.292359],[108.317884,12.291654],[108.316926,12.291776],[108.315037,12.290988],[108.314639,12.290447],[108.312574,12.289826],[108.309864,12.289855],[108.307876,12.287517],[108.30616,12.287532],[108.305981,12.286466],[108.303879,12.285116],[108.302844,12.284931],[108.30275,12.283524],[108.301397,12.281317],[108.29784,12.280545],[108.296689,12.278637],[108.292845,12.278021],[108.292253,12.277596],[108.288595,12.277085],[108.285211,12.277485],[108.281733,12.277229],[108.280967,12.276713],[108.278858,12.277043],[108.278049,12.27662],[108.276129,12.277477],[108.274288,12.277682],[108.272638,12.276649],[108.271165,12.275142],[108.269526,12.275507],[108.268173,12.274995],[108.266931,12.273495],[108.265438,12.272271],[108.264854,12.269708],[108.264347,12.269293],[108.259885,12.269255],[108.255577,12.26738],[108.251574,12.265427],[108.250533,12.265587],[108.247735,12.263332],[108.246603,12.261979],[108.245139,12.260927],[108.242294,12.258001],[108.240277,12.257132],[108.238667,12.257713],[108.237101,12.25753],[108.236331,12.25672],[108.236328,12.255841],[108.236972,12.24811],[108.2352,12.247864],[108.231217,12.245236],[108.228794,12.24558],[108.226973,12.246703],[108.225111,12.246933],[108.221085,12.246739],[108.220125,12.247522],[108.217376,12.247931],[108.216282,12.250083],[108.213149,12.25318],[108.212307,12.254534],[108.210247,12.255527],[108.207866,12.257466],[108.20573,12.257556],[108.204892,12.256825],[108.200596,12.255636],[108.199173,12.255846],[108.197489,12.255581],[108.196937,12.25645],[108.195089,12.257284],[108.193902,12.258988],[108.192571,12.260115],[108.190599,12.260189],[108.188028,12.259367],[108.185828,12.258126],[108.185131,12.256961],[108.185286,12.255873],[108.184562,12.253787],[108.185568,12.25229],[108.183874,12.249815],[108.17246,12.247444],[108.168675,12.246079],[108.167857,12.246352],[108.164622,12.245766],[108.163067,12.247606],[108.161892,12.248104],[108.161082,12.249321],[108.16006,12.248843],[108.157777,12.248644],[108.156146,12.247696],[108.154144,12.248482],[108.153067,12.250322],[108.151451,12.250706],[108.15105,12.250144],[108.149673,12.250577],[108.146251,12.24798],[108.144589,12.249482],[108.143359,12.249223],[108.14228,12.25046],[108.140168,12.25013],[108.139067,12.249206],[108.138756,12.248285],[108.136666,12.247604],[108.135268,12.2478],[108.135477,12.244943],[108.136863,12.242781],[108.13471,12.242476],[108.133401,12.241519],[108.13302,12.240393],[108.12779,12.239852],[108.124392,12.240937],[108.124959,12.24206],[108.123874,12.243241],[108.123289,12.244471],[108.124892,12.246137],[108.124789,12.248164],[108.123652,12.250142],[108.123549,12.252287],[108.12118,12.253034],[108.120192,12.253611],[108.119022,12.255279],[108.116583,12.257869],[108.114595,12.258791],[108.113924,12.260427],[108.112798,12.261534],[108.110577,12.26214],[108.108865,12.263305],[108.107961,12.264603],[108.10661,12.26564],[108.104459,12.266204],[108.10193,12.267368],[108.100013,12.26698],[108.097501,12.265296],[108.096009,12.26483],[108.091958,12.264272],[108.090563,12.26429],[108.089063,12.263818],[108.087267,12.262604],[108.085064,12.262352],[108.081779,12.26287],[108.079669,12.26289],[108.077155,12.262592],[108.074313,12.261807],[108.070923,12.260143],[108.06922,12.258925],[108.07094,12.257489],[108.07405,12.254281],[108.077006,12.250214],[108.078214,12.248763],[108.081122,12.246245],[108.082654,12.244427],[108.083574,12.24257],[108.084084,12.240268],[108.083987,12.237914],[108.083487,12.235894],[108.083629,12.233446],[108.084659,12.23082],[108.084748,12.227692],[108.085409,12.225676],[108.088699,12.221144],[108.09131,12.218304],[108.093672,12.217178],[108.094798,12.216079],[108.096079,12.211283],[108.097039,12.210246],[108.100973,12.208737],[108.103149,12.207513],[108.106328,12.204998],[108.108021,12.202558],[108.110447,12.199824],[108.112021,12.197474],[108.113529,12.19432],[108.113664,12.19303],[108.112734,12.186848],[108.11298,12.184377],[108.114384,12.182657],[108.115978,12.181189],[108.11784,12.178568],[108.118706,12.176654],[108.119635,12.175433],[108.122333,12.175082],[108.124315,12.175607],[108.126299,12.176946],[108.129468,12.178619],[108.130742,12.18039],[108.132084,12.181239],[108.135143,12.181433],[108.139271,12.182603],[108.141345,12.183665],[108.143842,12.185321],[108.146006,12.186362],[108.150584,12.187323],[108.153452,12.18828],[108.15627,12.189924],[108.158881,12.19326],[108.161148,12.19455],[108.162806,12.195876],[108.165369,12.196621],[108.166625,12.196153],[108.167131,12.195242],[108.167213,12.190501],[108.16754,12.189402],[108.168689,12.188229],[108.171885,12.187256],[108.172922,12.186364],[108.173178,12.184723],[108.17225,12.180989],[108.172237,12.179976],[108.172974,12.179471],[108.174517,12.179676],[108.175716,12.184176],[108.176622,12.185096],[108.178048,12.185578],[108.181576,12.184485],[108.18191,12.183904],[108.181811,12.182161],[108.183456,12.181383],[108.184686,12.179803],[108.183891,12.178127],[108.184798,12.174424],[108.187195,12.174348],[108.189627,12.172679],[108.190271,12.173738],[108.189148,12.174073],[108.188825,12.175536],[108.190341,12.176086],[108.19239,12.176218],[108.193936,12.177092],[108.195467,12.176497],[108.197709,12.173265],[108.198373,12.172905],[108.199719,12.173303],[108.202052,12.172858],[108.202686,12.171419],[108.204356,12.170701],[108.205713,12.171162],[108.207213,12.172294],[108.209164,12.172574],[108.209455,12.173185],[108.208647,12.175816],[108.209624,12.178089],[108.210453,12.179192],[108.213047,12.180612],[108.213988,12.181555],[108.214348,12.182752],[108.21614,12.183778],[108.217642,12.183736],[108.218664,12.182848],[108.219124,12.181012],[108.220022,12.180332],[108.220768,12.179072],[108.221236,12.176506],[108.220648,12.174669],[108.220962,12.173554],[108.222373,12.172549],[108.223721,12.172249],[108.22467,12.174006],[108.224367,12.176011],[108.224563,12.177557],[108.225757,12.181975],[108.22675,12.182815],[108.228501,12.18264],[108.229468,12.180467],[108.229597,12.178441],[108.230058,12.177442],[108.231273,12.176694],[108.233841,12.175834],[108.237593,12.17583],[108.238115,12.174397],[108.237798,12.172033],[108.238282,12.16816],[108.239129,12.163133],[108.239699,12.161455],[108.241081,12.160591],[108.243258,12.161544],[108.244419,12.16282],[108.245595,12.165189],[108.246361,12.168234],[108.247011,12.16896],[108.249011,12.169371],[108.250755,12.170572],[108.253793,12.17187],[108.254098,12.173637],[108.25244,12.175158],[108.250554,12.175317],[108.24872,12.177282],[108.248339,12.178487],[108.248647,12.179365],[108.24997,12.180989],[108.250773,12.184714],[108.252252,12.187966],[108.255182,12.19048],[108.255879,12.190767],[108.258619,12.190874],[108.260185,12.191467],[108.260539,12.192875],[108.259454,12.196435],[108.25982,12.198801],[108.259407,12.199292],[108.259941,12.20068],[108.261277,12.201059],[108.263962,12.202855],[108.266581,12.203716],[108.267558,12.203728],[108.269552,12.203077],[108.272832,12.20524],[108.273077,12.208218],[108.274108,12.211031],[108.27491,12.212167],[108.276852,12.214049],[108.278509,12.214216],[108.284191,12.212271],[108.28753,12.210642],[108.288878,12.210512],[108.290836,12.210794],[108.291628,12.210568],[108.294896,12.207886],[108.295514,12.206508],[108.295079,12.20396],[108.295283,12.202791],[108.296698,12.202406],[108.298301,12.20432],[108.299557,12.207501],[108.301034,12.208892],[108.30445,12.210488],[108.306543,12.212563],[108.310575,12.214616],[108.311302,12.215925],[108.311421,12.217907],[108.312417,12.218457],[108.315549,12.218103],[108.317932,12.21834],[108.321138,12.219559],[108.322274,12.219745],[108.322238,12.22093],[108.320949,12.222756],[108.321244,12.223838],[108.322917,12.225602],[108.324967,12.226288],[108.325654,12.227065],[108.3285,12.22845],[108.329628,12.229239],[108.330765,12.230604],[108.331834,12.230637],[108.333521,12.229869],[108.337746,12.228921],[108.338764,12.227833],[108.340116,12.228539],[108.340555,12.230552],[108.339794,12.233542],[108.337946,12.234815],[108.333515,12.235033],[108.333022,12.235764],[108.334119,12.238127],[108.335634,12.239769],[108.335472,12.240995],[108.334209,12.244474],[108.334513,12.246316],[108.335687,12.247908],[108.33689,12.248299],[108.338467,12.248284],[108.340126,12.247405],[108.340845,12.245814],[108.34206,12.245204],[108.342592,12.245971],[108.342127,12.247935],[108.342382,12.248564],[108.344029,12.24889],[108.345852,12.247407],[108.346981,12.247394],[108.348948,12.25054],[108.351195,12.252514],[108.353004,12.25322],[108.354212,12.254122],[108.356363,12.254821],[108.358221,12.254657],[108.361672,12.252951],[108.365464,12.253025],[108.368105,12.253807],[108.369449,12.25387],[108.370967,12.25315],[108.372677,12.250661],[108.376011,12.250251],[108.37872,12.248309],[108.380316,12.246316],[108.38136,12.245635],[108.382564,12.245721],[108.385142,12.243787],[108.386184,12.242051],[108.387623,12.241038],[108.388797,12.240996],[108.39128,12.241701],[108.39355,12.24354],[108.39497,12.243608],[108.39604,12.243171],[108.399006,12.242609],[108.400494,12.242697],[108.403882,12.243461],[108.407598,12.244828],[108.409548,12.24455],[108.41212,12.243601],[108.413271,12.243811],[108.414377,12.245588],[108.415187,12.246177],[108.416311,12.24775],[108.419523,12.249499],[108.422208,12.250358],[108.424309,12.250363],[108.425484,12.250693],[108.427373,12.251915],[108.427544,12.253507],[108.427152,12.254639],[108.427237,12.256859],[108.428543,12.258496],[108.429663,12.25893],[108.432413,12.258371],[108.433577,12.257132],[108.432795,12.256361],[108.434246,12.254257],[108.435893,12.254018],[108.436767,12.253281],[108.437567,12.250942],[108.437644,12.249627],[108.439243,12.250149],[108.440203,12.251035],[108.439719,12.252661],[108.437832,12.254325],[108.436824,12.255728],[108.43668,12.257853],[108.439564,12.258714],[108.439515,12.261187],[108.439926,12.26269],[108.44133,12.263501],[108.442559,12.262768],[108.443719,12.263616],[108.44223,12.264936],[108.441056,12.268376],[108.441532,12.270445],[108.441092,12.271619],[108.441705,12.273141],[108.441344,12.274337],[108.442188,12.276852],[108.443632,12.278144],[108.444388,12.277835],[108.445364,12.273766],[108.44617,12.272705],[108.447762,12.27336],[108.450589,12.273261],[108.451283,12.276053],[108.449653,12.276496],[108.450457,12.277545],[108.448768,12.279331],[108.446702,12.279127],[108.447308,12.280769],[108.446535,12.281774],[108.446302,12.28304],[108.446768,12.284469],[108.445695,12.284778],[108.445177,12.285659],[108.443785,12.286533],[108.443638,12.28724],[108.444319,12.289237],[108.442423,12.288451],[108.441141,12.28873],[108.440706,12.287237],[108.439703,12.287073],[108.437083,12.287869],[108.43563,12.290427],[108.434329,12.291963],[108.433147,12.291522],[108.432822,12.292426],[108.430922,12.293022],[108.430391,12.292749],[108.428575,12.293499],[108.427099,12.293687],[108.424957,12.293239],[108.423137,12.293364],[108.420434,12.292562],[108.41999,12.295218],[108.418342,12.29591],[108.416733,12.295199],[108.415318,12.295609],[108.414405,12.29686],[108.413166,12.296639],[108.411765,12.297979],[108.410848,12.298054],[108.408392,12.299773],[108.407219,12.301221],[108.406214,12.303395],[108.40483,12.304348],[108.404021,12.304201],[108.401606,12.30618],[108.398666,12.307556],[108.397592,12.308633],[108.395851,12.308985],[108.39504,12.309595],[108.393316,12.308451],[108.392024,12.308104],[108.389018,12.307759],[108.387614,12.306538],[108.386147,12.30637],[108.384967,12.305736],[108.383069,12.305798],[108.38208,12.306284],[108.379513,12.306067],[108.379299,12.306802],[108.376735,12.305118],[108.37547,12.305434],[108.374212,12.304771],[108.373366,12.303636],[108.370106,12.303332],[108.369812,12.302883],[108.367231,12.302095],[108.366581,12.299729],[108.365676,12.298548],[108.365055,12.298959],[108.363386,12.298956],[108.362404,12.300391],[108.360326,12.30167],[108.361883,12.303505],[108.360322,12.304333],[108.358132,12.306078],[108.356172,12.308151],[108.355648,12.309758],[108.354796,12.310066],[108.35474,12.312281],[108.353589,12.313498]]]},"properties":{"@id":"relation/17822635","admin_level":"6","boundary":"administrative","name":"Xã Krông Nô","type":"boundary"},"id":"relation/17822635"},
{"type":"Feature","geometry":{"type":"Polygon","coordinates":[[[108.484766,12.309299],[108.485054,12.305437],[108.485443,12.304883],[108.486968,12.304535],[108.488149,12.304924],[108.49,12.306446],[108.491629,12.306132],[108.492772,12.304808],[108.493749,12.3008],[108.494706,12.298495],[108.496133,12.297067],[108.498398,12.29437],[108.499957,12.291994],[108.49978,12.290391],[108.4986,12.286948],[108.498942,12.285348],[108.499905,12.28377],[108.502289,12.281553],[108.504117,12.282287],[108.504973,12.282156],[108.505536,12.280309],[108.508057,12.277974],[108.510631,12.277141],[108.514119,12.277559],[108.515268,12.278167],[108.516195,12.279803],[108.517056,12.280094],[108.519417,12.279453],[108.520759,12.280558],[108.523108,12.279541],[108.525175,12.279163],[108.528511,12.280198],[108.529452,12.280154],[108.530405,12.279133],[108.531618,12.279128],[108.533517,12.281425],[108.53622,12.281939],[108.539048,12.283828],[108.539746,12.284761],[108.539639,12.287222],[108.53838,12.288436],[108.53671,12.289147],[108.536015,12.290337],[108.537285,12.292359],[108.539338,12.294474],[108.539948,12.296362],[108.541167,12.297236],[108.542722,12.297521],[108.545282,12.297237],[108.545722,12.295526],[108.54626,12.294981],[108.547462,12.295277],[108.548739,12.29442],[108.549073,12.292534],[108.550653,12.292427],[108.551064,12.294144],[108.551998,12.29556],[108.555552,12.295397],[108.556558,12.294601],[108.557016,12.292712],[108.558282,12.292219],[108.561198,12.293075],[108.562278,12.292622],[108.563422,12.292832],[108.565288,12.292145],[108.566832,12.29354],[108.56753,12.293368],[108.569185,12.29564],[108.570178,12.294757],[108.57021,12.293079],[108.571677,12.290859],[108.571975,12.289521],[108.573723,12.291312],[108.574637,12.291426],[108.575231,12.289688],[108.574771,12.288668],[108.575337,12.288075],[108.576425,12.288516],[108.578931,12.288944],[108.579783,12.288447],[108.578845,12.286054],[108.579168,12.285483],[108.580534,12.286075],[108.582177,12.285311],[108.583455,12.285447],[108.585203,12.287322],[108.587923,12.288242],[108.589952,12.287543],[108.589306,12.285806],[108.58833,12.284341],[108.585826,12.283178],[108.585337,12.28245],[108.586153,12.281709],[108.588572,12.28269],[108.591027,12.27877],[108.592399,12.27911],[108.593935,12.277487],[108.595265,12.276689],[108.596367,12.276842],[108.598087,12.277992],[108.600234,12.278171],[108.60153,12.279279],[108.604238,12.279638],[108.606588,12.281317],[108.608898,12.281402],[108.608844,12.282345],[108.607401,12.281894],[108.607505,12.2831],[108.608549,12.283357],[108.609986,12.28273],[108.611736,12.283315],[108.613108,12.28293],[108.615497,12.283855],[108.616296,12.283105],[108.617622,12.283514],[108.618415,12.284379],[108.619698,12.286962],[108.620859,12.288692],[108.621826,12.290819],[108.6232,12.290338],[108.626547,12.289992],[108.627963,12.288609],[108.628847,12.289797],[108.630243,12.290768],[108.63319,12.291585],[108.635574,12.29137],[108.637018,12.291544],[108.638628,12.293882],[108.640232,12.293683],[108.641746,12.294139],[108.647599,12.293355],[108.648592,12.293454],[108.64943,12.292761],[108.651534,12.295271],[108.655268,12.295968],[108.657023,12.296868],[108.658236,12.296586],[108.659847,12.296786],[108.6631,12.298164],[108.664131,12.299555],[108.665883,12.299175],[108.66832,12.300842],[108.66825,12.302718],[108.668781,12.30504],[108.670825,12.304721],[108.673766,12.305939],[108.673811,12.308363],[108.674457,12.309852],[108.676645,12.312041],[108.677466,12.313477],[108.679838,12.316123],[108.679511,12.318132],[108.679907,12.319317],[108.682579,12.321114],[108.683667,12.321565],[108.684129,12.322446],[108.685126,12.322875],[108.683138,12.324151],[108.682659,12.325318],[108.682658,12.326756],[108.683263,12.328092],[108.682684,12.329688],[108.683073,12.331014],[108.682723,12.334499],[108.681667,12.335042],[108.681028,12.337057],[108.680277,12.337864],[108.680277,12.340138],[108.678217,12.341841],[108.677309,12.343884],[108.677863,12.345158],[108.676922,12.347959],[108.677987,12.350696],[108.678684,12.353292],[108.67847,12.354222],[108.679964,12.356008],[108.680738,12.358416],[108.681406,12.359491],[108.683328,12.361288],[108.684987,12.361351],[108.686371,12.362105],[108.68674,12.363462],[108.687508,12.364537],[108.686863,12.365718],[108.688045,12.367178],[108.687275,12.368158],[108.687268,12.370066],[108.68924,12.372098],[108.688592,12.373887],[108.688142,12.376365],[108.687375,12.37767],[108.684418,12.37857],[108.683184,12.378737],[108.682423,12.380958],[108.684278,12.381339],[108.685523,12.382352],[108.685041,12.384542],[108.685915,12.386239],[108.685742,12.388128],[108.684773,12.390173],[108.680524,12.390777],[108.679882,12.391261],[108.6762,12.392674],[108.675867,12.393261],[108.676351,12.394948],[108.675205,12.395907],[108.674281,12.399784],[108.672724,12.40135],[108.673132,12.402335],[108.675345,12.403662],[108.675925,12.404502],[108.676661,12.406652],[108.677794,12.40707],[108.678481,12.407884],[108.679081,12.410625],[108.678592,12.411368],[108.679386,12.413179],[108.679124,12.414825],[108.678055,12.415383],[108.675782,12.41558],[108.675307,12.417379],[108.674097,12.418901],[108.672144,12.41953],[108.671626,12.420776],[108.669977,12.422488],[108.669139,12.42293],[108.668593,12.42458],[108.670932,12.426917],[108.671989,12.429237],[108.671887,12.430584],[108.672906,12.432652],[108.67479,12.433674],[108.676085,12.435285],[108.678966,12.438177],[108.680185,12.438797],[108.68148,12.440892],[108.681695,12.441806],[108.683247,12.443864],[108.684305,12.446844],[108.686146,12.447693],[108.686218,12.449382],[108.686705,12.450349],[108.69048,12.453654],[108.691499,12.453685],[108.692279,12.456258],[108.695272,12.457411],[108.697024,12.459921],[108.69906,12.46161],[108.698458,12.463632],[108.698839,12.467722],[108.699514,12.470489],[108.700082,12.471023],[108.699915,12.473679],[108.699938,12.474718],[108.701404,12.477199],[108.702569,12.477],[108.703904,12.477643],[108.704444,12.478738],[108.703519,12.47991],[108.705061,12.482745],[108.707442,12.486663],[108.710087,12.490673],[108.711378,12.491878],[108.712928,12.492838],[108.714647,12.495019],[108.715471,12.496867],[108.716898,12.49785],[108.717068,12.49871],[108.718154,12.500268],[108.719157,12.502261],[108.719423,12.503458],[108.721412,12.508044],[108.722163,12.510514],[108.722848,12.511615],[108.724902,12.517093],[108.727296,12.519688],[108.727722,12.521756],[108.729147,12.523434],[108.729157,12.524132],[108.727823,12.525377],[108.728069,12.526888],[108.724763,12.530123],[108.723415,12.53247],[108.723091,12.534386],[108.722259,12.536062],[108.723229,12.536869],[108.723648,12.538718],[108.724858,12.539586],[108.723844,12.540355],[108.727002,12.542145],[108.728484,12.542418],[108.727975,12.543769],[108.725544,12.543616],[108.723932,12.54508],[108.723672,12.546356],[108.721545,12.546182],[108.720477,12.547233],[108.721858,12.549681],[108.721012,12.550375],[108.718758,12.551063],[108.718769,12.551787],[108.717524,12.551557],[108.71624,12.550376],[108.715584,12.551447],[108.71454,12.551828],[108.711916,12.54989],[108.710642,12.550469],[108.708884,12.549255],[108.709176,12.547056],[108.708412,12.546643],[108.706052,12.547788],[108.705232,12.547026],[108.705178,12.54606],[108.703108,12.545186],[108.702679,12.542934],[108.701324,12.54303],[108.700479,12.5418],[108.698516,12.54133],[108.697973,12.5403],[108.698201,12.539427],[108.696681,12.539382],[108.696565,12.538086],[108.6956,12.538287],[108.694035,12.537539],[108.69236,12.538215],[108.691206,12.537915],[108.690681,12.536882],[108.685397,12.535765],[108.683951,12.535805],[108.683276,12.534739],[108.681479,12.533545],[108.681075,12.532277],[108.68015,12.531352],[108.679277,12.529458],[108.67902,12.528132],[108.677461,12.52586],[108.67515,12.526557],[108.673766,12.526205],[108.672604,12.523813],[108.670445,12.524116],[108.669719,12.523747],[108.667632,12.524153],[108.662437,12.524308],[108.660275,12.524527],[108.658893,12.524139],[108.657891,12.522114],[108.657242,12.522073],[108.656756,12.520611],[108.654574,12.520162],[108.652339,12.521681],[108.650315,12.522086],[108.648779,12.521441],[108.646157,12.521343],[108.644741,12.520822],[108.643428,12.521452],[108.641625,12.521017],[108.640289,12.520105],[108.637817,12.520144],[108.637397,12.520582],[108.635907,12.519906],[108.63485,12.51997],[108.632019,12.519343],[108.63053,12.519391],[108.630167,12.518567],[108.629084,12.517839],[108.628483,12.516449],[108.62819,12.514173],[108.625616,12.511841],[108.621944,12.510649],[108.621288,12.510886],[108.619982,12.510033],[108.619636,12.508936],[108.618807,12.508784],[108.616636,12.509157],[108.614933,12.510083],[108.614195,12.509576],[108.612763,12.51028],[108.610665,12.510283],[108.607716,12.510701],[108.606253,12.510409],[108.603572,12.510346],[108.603855,12.509281],[108.603424,12.507948],[108.602674,12.50816],[108.601864,12.507394],[108.600053,12.506716],[108.599561,12.507273],[108.597894,12.506821],[108.596487,12.507592],[108.596116,12.508953],[108.594752,12.509832],[108.593798,12.509833],[108.593298,12.510938],[108.592087,12.51038],[108.591186,12.510987],[108.589845,12.511033],[108.588593,12.511757],[108.58721,12.51198],[108.585976,12.511172],[108.584654,12.51179],[108.583775,12.511171],[108.58167,12.511102],[108.58169,12.510404],[108.579098,12.509293],[108.578494,12.508446],[108.576312,12.507291],[108.575845,12.505123],[108.574411,12.505464],[108.573071,12.504724],[108.572798,12.503835],[108.569718,12.504087],[108.56835,12.503787],[108.566983,12.504863],[108.565104,12.503508],[108.563928,12.50404],[108.563412,12.504865],[108.562143,12.504473],[108.560852,12.505405],[108.559555,12.504792],[108.559588,12.503894],[108.558212,12.503894],[108.557611,12.504848],[108.555755,12.504571],[108.555719,12.502713],[108.554441,12.502691],[108.549585,12.505072],[108.548766,12.5049],[108.546709,12.502544],[108.546107,12.501334],[108.544783,12.501336],[108.542293,12.50047],[108.541419,12.500717],[108.540122,12.499194],[108.539407,12.499568],[108.537846,12.498577],[108.536076,12.495048],[108.513996,12.485395],[108.512801,12.486974],[108.511887,12.487548],[108.510386,12.48969],[108.50802,12.491172],[108.507601,12.492281],[108.505844,12.494654],[108.504746,12.495461],[108.501799,12.495288],[108.500449,12.49266],[108.500634,12.49058],[108.498988,12.4901],[108.497147,12.488492],[108.496878,12.487375],[108.493298,12.482491],[108.481559,12.467837],[108.48046,12.466179],[108.479034,12.465233],[108.477008,12.462428],[108.477531,12.46083],[108.477703,12.459169],[108.479232,12.456791],[108.480447,12.45555],[108.480918,12.4534],[108.480767,12.450976],[108.481821,12.448498],[108.483785,12.446672],[108.483509,12.443949],[108.483006,12.442448],[108.483362,12.438198],[108.483029,12.435508],[108.481884,12.432239],[108.479738,12.42895],[108.48056,12.424826],[108.479216,12.424292],[108.475792,12.422091],[108.475451,12.421217],[108.474162,12.420589],[108.472569,12.420571],[108.470179,12.420054],[108.468106,12.419014],[108.467265,12.417813],[108.467006,12.4164],[108.464839,12.414032],[108.464474,12.413238],[108.462766,12.412373],[108.460743,12.412506],[108.459676,12.411195],[108.456192,12.409689],[108.454143,12.408379],[108.451511,12.406117],[108.448028,12.405941],[108.445987,12.406819],[108.44483,12.407949],[108.441557,12.409367],[108.439696,12.409747],[108.43572,12.410883],[108.435012,12.410809],[108.433776,12.409683],[108.435356,12.407778],[108.438165,12.406638],[108.439702,12.405472],[108.442444,12.404104],[108.44392,12.402809],[108.444564,12.401702],[108.446145,12.400934],[108.44887,12.39726],[108.449945,12.397006],[108.455418,12.392922],[108.456886,12.390983],[108.457204,12.387841],[108.457023,12.386375],[108.459488,12.383819],[108.461205,12.382724],[108.461494,12.381331],[108.461162,12.379475],[108.461746,12.378934],[108.462001,12.377386],[108.463363,12.376159],[108.464977,12.375569],[108.466068,12.376028],[108.467041,12.377133],[108.467868,12.377243],[108.468707,12.376511],[108.468683,12.375184],[108.469509,12.373784],[108.470195,12.373561],[108.47143,12.370086],[108.47217,12.366437],[108.473431,12.365351],[108.474384,12.36378],[108.474138,12.363033],[108.47518,12.361429],[108.475105,12.359932],[108.476256,12.358048],[108.475533,12.356399],[108.476325,12.355148],[108.47685,12.353058],[108.476435,12.352347],[108.477929,12.351878],[108.479002,12.352273],[108.480295,12.352129],[108.480046,12.351158],[108.480621,12.349589],[108.481803,12.348944],[108.483157,12.346552],[108.482261,12.345419],[108.484255,12.343007],[108.484766,12.340604],[108.485978,12.339677],[108.487147,12.339536],[108.488481,12.338196],[108.488113,12.337147],[108.488832,12.336129],[108.492122,12.33536],[108.493869,12.334431],[108.496846,12.335293],[108.498455,12.335369],[108.498933,12.33044],[108.497533,12.32928],[108.498987,12.327325],[108.501547,12.324876],[108.502672,12.324102],[108.502899,12.323336],[108.50081,12.322566],[108.500354,12.32177],[108.499407,12.321976],[108.497345,12.321743],[108.495946,12.321241],[108.495234,12.320545],[108.493921,12.321108],[108.492984,12.320124],[108.492876,12.319223],[108.491131,12.318866],[108.490893,12.317667],[108.489087,12.316221],[108.489213,12.314133],[108.488633,12.312241],[108.487437,12.312007],[108.487681,12.310379],[108.487155,12.309587],[108.485884,12.310001],[108.484766,12.309299]]]},"properties":{"@id":"relation/17870573","admin_level":"6","boundary":"administrative","name":"Xã Yang Mao","type":"boundary"},"id":"relation/17870573"},
{"type":"Feature","geometry":{"type":"Polygon","coordinates":[[[108.580772,12.580801],[108.579289,12.581358],[108.574498,12.581023],[108.57315,12.580053],[108.571096,12.579792],[108.570163,12.581058],[108.564993,12.582247],[108.564398,12.582969],[108.563176,12.583125],[108.563278,12.583973],[108.561061,12.585337],[108.559217,12.5852],[108.558965,12.586687],[108.558406,12.587219],[108.555768,12.586597],[108.555463,12.587491],[108.554533,12.587466],[108.55402,12.588644],[108.552764,12.588698],[108.552067,12.590478],[108.551091,12.59164],[108.549814,12.592146],[108.549055,12.590971],[108.548175,12.590738],[108.547315,12.58973],[108.545575,12.589425],[108.544911,12.588394],[108.543015,12.587309],[108.540509,12.587266],[108.537716,12.588599],[108.536246,12.588504],[108.531736,12.589322],[108.530121,12.588921],[108.527418,12.589136],[108.525972,12.591161],[108.522329,12.592163],[108.520637,12.591745],[108.519057,12.593266],[108.517364,12.594142],[108.515541,12.59458],[108.515074,12.595821],[108.514361,12.600329],[108.513326,12.602925],[108.511477,12.604288],[108.510733,12.605477],[108.509222,12.605318],[108.507156,12.604292],[108.5067,12.605135],[108.504639,12.605388],[108.502459,12.604217],[108.501036,12.603957],[108.499789,12.604811],[108.498613,12.604815],[108.49775,12.604132],[108.497777,12.602883],[108.496829,12.6011],[108.49654,12.599649],[108.493651,12.600263],[108.492076,12.601014],[108.488686,12.59942],[108.487458,12.599852],[108.486902,12.600506],[108.485675,12.600157],[108.485227,12.601169],[108.483928,12.60135],[108.482279,12.601035],[108.481885,12.599706],[108.478822,12.598214],[108.476676,12.5984],[108.475801,12.59879],[108.475206,12.597805],[108.474934,12.596028],[108.474243,12.595052],[108.474289,12.593427],[108.473604,12.59294],[108.47052,12.59544],[108.468571,12.591529],[108.465315,12.588443],[108.464861,12.587408],[108.463426,12.585575],[108.461887,12.585254],[108.460481,12.583542],[108.453003,12.57534],[108.451876,12.574328],[108.450583,12.572397],[108.451369,12.570215],[108.452413,12.568271],[108.452411,12.565951],[108.451993,12.562716],[108.45103,12.561772],[108.448802,12.558695],[108.445997,12.55625],[108.447316,12.55271],[108.447039,12.551976],[108.448205,12.549484],[108.44787,12.548747],[108.448717,12.547391],[108.447925,12.546587],[108.44585,12.547068],[108.445223,12.544222],[108.443136,12.543985],[108.440826,12.544705],[108.439217,12.544144],[108.438567,12.543126],[108.437864,12.54324],[108.436264,12.54472],[108.436166,12.545543],[108.436803,12.546818],[108.433361,12.546981],[108.432468,12.546334],[108.43228,12.54476],[108.430103,12.545077],[108.431171,12.541853],[108.429462,12.540637],[108.426602,12.539814],[108.427613,12.533828],[108.42735,12.531385],[108.427784,12.52503],[108.428181,12.52259],[108.429236,12.519154],[108.429785,12.515352],[108.430907,12.509089],[108.431926,12.497462],[108.431014,12.49564],[108.43264,12.493613],[108.433957,12.492958],[108.43641,12.490903],[108.437167,12.490528],[108.438905,12.490586],[108.440514,12.489313],[108.44125,12.48684],[108.443339,12.481056],[108.442427,12.479648],[108.440644,12.478642],[108.4389,12.477303],[108.43935,12.475721],[108.439119,12.474728],[108.439607,12.470799],[108.441254,12.469749],[108.442787,12.467484],[108.444403,12.466634],[108.443929,12.462822],[108.443154,12.461801],[108.443116,12.460374],[108.440591,12.458103],[108.439232,12.457897],[108.438472,12.456503],[108.439018,12.454487],[108.439629,12.454083],[108.439497,12.452524],[108.439819,12.451637],[108.441169,12.450008],[108.44281,12.445796],[108.441174,12.445278],[108.440238,12.444055],[108.438143,12.442471],[108.436802,12.440914],[108.435128,12.439652],[108.435123,12.437713],[108.432393,12.433885],[108.430585,12.432129],[108.429167,12.431172],[108.428015,12.429871],[108.426334,12.428697],[108.424662,12.423448],[108.424814,12.421855],[108.425393,12.419755],[108.426562,12.417424],[108.426027,12.416524],[108.426271,12.415378],[108.427644,12.414423],[108.428788,12.4123],[108.429864,12.4114],[108.4311,12.411289],[108.433776,12.409683],[108.435012,12.410809],[108.43572,12.410883],[108.439696,12.409747],[108.441557,12.409367],[108.44483,12.407949],[108.445987,12.406819],[108.448028,12.405941],[108.451511,12.406117],[108.454143,12.408379],[108.456192,12.409689],[108.459676,12.411195],[108.460743,12.412506],[108.462766,12.412373],[108.464474,12.413238],[108.464839,12.414032],[108.467006,12.4164],[108.467265,12.417813],[108.468106,12.419014],[108.470179,12.420054],[108.472569,12.420571],[108.474162,12.420589],[108.475451,12.421217],[108.475792,12.422091],[108.479216,12.424292],[108.48056,12.424826],[108.479738,12.42895],[108.481884,12.432239],[108.483029,12.435508],[108.483362,12.438198],[108.483006,12.442448],[108.483509,12.443949],[108.483785,12.446672],[108.481821,12.448498],[108.480767,12.450976],[108.480918,12.4534],[108.480447,12.45555],[108.479232,12.456791],[108.477703,12.459169],[108.477531,12.46083],[108.477008,12.462428],[108.479034,12.465233],[108.48046,12.466179],[108.481559,12.467837],[108.493298,12.482491],[108.496878,12.487375],[108.497147,12.488492],[108.498988,12.4901],[108.500634,12.49058],[108.500449,12.49266],[108.501799,12.495288],[108.504746,12.495461],[108.505844,12.494654],[108.507601,12.492281],[108.50802,12.491172],[108.510386,12.48969],[108.511887,12.487548],[108.512801,12.486974],[108.513996,12.485395],[108.536076,12.495048],[108.537846,12.498577],[108.539407,12.499568],[108.540122,12.499194],[108.541419,12.500717],[108.542293,12.50047],[108.544783,12.501336],[108.546107,12.501334],[108.546709,12.502544],[108.548766,12.5049],[108.549585,12.505072],[108.554441,12.502691],[108.555719,12.502713],[108.555755,12.504571],[108.557611,12.504848],[108.558212,12.503894],[108.559588,12.503894],[108.559555,12.504792],[108.560852,12.505405],[108.562143,12.504473],[108.563412,12.504865],[108.563928,12.50404],[108.565104,12.503508],[108.566983,12.504863],[108.56835,12.503787],[108.569718,12.504087],[108.572798,12.503835],[108.573071,12.504724],[108.574411,12.505464],[108.575845,12.505123],[108.576312,12.507291],[108.578494,12.508446],[108.579098,12.509293],[108.58169,12.510404],[108.58167,12.511102],[108.583775,12.511171],[108.584654,12.51179],[108.585976,12.511172],[108.58721,12.51198],[108.588593,12.511757],[108.589845,12.511033],[108.591186,12.510987],[108.592087,12.51038],[108.593298,12.510938],[108.593798,12.509833],[108.594752,12.509832],[108.596116,12.508953],[108.596487,12.507592],[108.597894,12.506821],[108.599561,12.507273],[108.600053,12.506716],[108.601864,12.507394],[108.602674,12.50816],[108.603424,12.507948],[108.603855,12.509281],[108.603572,12.510346],[108.606253,12.510409],[108.607716,12.510701],[108.610665,12.510283],[108.612763,12.51028],[108.614195,12.509576],[108.614933,12.510083],[108.616636,12.509157],[108.618807,12.508784],[108.619636,12.508936],[108.619982,12.510033],[108.621288,12.510886],[108.621944,12.510649],[108.625616,12.511841],[108.62819,12.514173],[108.628483,12.516449],[108.629084,12.517839],[108.630167,12.518567],[108.63053,12.519391],[108.632019,12.519343],[108.63485,12.51997],[108.635907,12.519906],[108.637397,12.520582],[108.637817,12.520144],[108.640289,12.520105],[108.641625,12.521017],[108.643428,12.521452],[108.644741,12.520822],[108.646157,12.521343],[108.648779,12.521441],[108.650315,12.522086],[108.652339,12.521681],[108.654574,12.520162],[108.656756,12.520611],[108.657242,12.522073],[108.657891,12.522114],[108.658893,12.524139],[108.660275,12.524527],[108.662437,12.524308],[108.667632,12.524153],[108.669719,12.523747],[108.670445,12.524116],[108.672604,12.523813],[108.673766,12.526205],[108.67515,12.526557],[108.677461,12.52586],[108.67902,12.528132],[108.679277,12.529458],[108.68015,12.531352],[108.681075,12.532277],[108.681479,12.533545],[108.683276,12.534739],[108.683951,12.535805],[108.685397,12.535765],[108.690681,12.536882],[108.691206,12.537915],[108.69236,12.538215],[108.694035,12.537539],[108.6956,12.538287],[108.696565,12.538086],[108.696681,12.539382],[108.698201,12.539427],[108.697973,12.5403],[108.698516,12.54133],[108.700479,12.5418],[108.701324,12.54303],[108.702679,12.542934],[108.703108,12.545186],[108.705178,12.54606],[108.705232,12.547026],[108.706052,12.547788],[108.708412,12.546643],[108.709176,12.547056],[108.708884,12.549255],[108.710642,12.550469],[108.711916,12.54989],[108.71454,12.551828],[108.715584,12.551447],[108.71624,12.550376],[108.717524,12.551557],[108.718769,12.551787],[108.718305,12.555675],[108.717336,12.556815],[108.71836,12.557165],[108.717093,12.559245],[108.715202,12.560179],[108.715508,12.561204],[108.716493,12.562023],[108.716678,12.562972],[108.715336,12.563932],[108.711031,12.56418],[108.709857,12.565784],[108.708252,12.566006],[108.707436,12.566747],[108.708323,12.56777],[108.707599,12.568828],[108.708331,12.569451],[108.710894,12.569889],[108.710554,12.571315],[108.711938,12.571863],[108.711147,12.573643],[108.709251,12.575053],[108.708275,12.575284],[108.706605,12.576735],[108.704129,12.578387],[108.704129,12.579362],[108.703036,12.580975],[108.702995,12.581696],[108.701861,12.582607],[108.700222,12.582777],[108.699771,12.58438],[108.697976,12.58563],[108.697236,12.585636],[108.695582,12.588522],[108.695993,12.589593],[108.694492,12.590085],[108.694464,12.592446],[108.694808,12.593735],[108.694406,12.595666],[108.693106,12.597024],[108.69204,12.597148],[108.6911,12.598528],[108.691793,12.599974],[108.690004,12.601792],[108.689226,12.603778],[108.68747,12.603756],[108.686548,12.604673],[108.683985,12.604071],[108.683191,12.605],[108.680599,12.605803],[108.679728,12.606714],[108.681037,12.607763],[108.681425,12.608967],[108.683474,12.610178],[108.684049,12.611451],[108.681623,12.612725],[108.681095,12.614846],[108.679405,12.615471],[108.678751,12.61662],[108.677571,12.6171],[108.676648,12.616277],[108.675267,12.618914],[108.67451,12.616996],[108.674979,12.614162],[108.675968,12.613475],[108.675408,12.612614],[108.675776,12.610875],[108.675163,12.608019],[108.673748,12.60843],[108.673197,12.607255],[108.67223,12.607189],[108.672468,12.605609],[108.671804,12.60481],[108.670126,12.605462],[108.667896,12.60443],[108.668236,12.603153],[108.666924,12.602841],[108.666836,12.600399],[108.666255,12.599398],[108.66705,12.598317],[108.664236,12.598283],[108.663731,12.59733],[108.662835,12.59852],[108.661924,12.598608],[108.658672,12.600535],[108.659224,12.599054],[108.660134,12.59867],[108.659071,12.597054],[108.658893,12.596105],[108.65796,12.59552],[108.657083,12.593738],[108.655874,12.593059],[108.655242,12.591812],[108.651765,12.590557],[108.651092,12.591018],[108.650045,12.590114],[108.647951,12.590363],[108.646177,12.589338],[108.645599,12.590421],[108.644374,12.590497],[108.641634,12.591477],[108.64095,12.590171],[108.640082,12.589566],[108.639853,12.588293],[108.638984,12.587717],[108.637662,12.58769],[108.636648,12.588419],[108.634218,12.588803],[108.632545,12.588342],[108.631361,12.588685],[108.630377,12.588203],[108.628756,12.586416],[108.627786,12.584287],[108.626713,12.585466],[108.625634,12.58524],[108.623567,12.586148],[108.62107,12.585476],[108.619256,12.585997],[108.617861,12.584768],[108.615511,12.584681],[108.614572,12.583668],[108.613541,12.580449],[108.613356,12.578633],[108.612457,12.578409],[108.612322,12.577452],[108.611469,12.576849],[108.611253,12.575358],[108.61014,12.574992],[108.60877,12.575262],[108.607818,12.574548],[108.606092,12.574882],[108.60411,12.574232],[108.603499,12.572984],[108.602126,12.573511],[108.602209,12.574122],[108.600403,12.57512],[108.599289,12.576269],[108.597595,12.576606],[108.596412,12.576088],[108.595813,12.575298],[108.593403,12.576505],[108.592611,12.575791],[108.591126,12.576977],[108.589495,12.577413],[108.587321,12.579042],[108.58535,12.578735],[108.58352,12.578878],[108.583374,12.580167],[108.580772,12.580801]]]},"properties":{"@id":"relation/17870575","admin_level":"6","boundary":"administrative","name":"Xã Cư Pui","type":"boundary"},"id":"relation/17870575"},
{"type":"Feature","geometry":{"type":"Polygon","coordinates":[[[108.302076,12.526442],[108.301946,12.524627],[108.302367,12.523294],[108.30528,12.522009],[108.305996,12.522498],[108.3079,12.522218],[108.31088,12.522878],[108.313907,12.521559],[108.315234,12.520449],[108.319134,12.519542],[108.320915,12.519673],[108.322175,12.520316],[108.323644,12.520218],[108.325614,12.514698],[108.324546,12.512242],[108.324498,12.509461],[108.325197,12.50755],[108.325536,12.503111],[108.32622,12.501322],[108.327405,12.500112],[108.329415,12.499741],[108.330938,12.498882],[108.332842,12.496792],[108.33454,12.49371],[108.332434,12.491334],[108.332979,12.488614],[108.334779,12.487582],[108.33587,12.486025],[108.339475,12.485801],[108.340693,12.484499],[108.339497,12.482913],[108.337845,12.482505],[108.336264,12.481266],[108.335585,12.479988],[108.334113,12.478631],[108.334052,12.476891],[108.332212,12.473789],[108.328028,12.457818],[108.327529,12.455738],[108.328511,12.454408],[108.327588,12.453528],[108.326107,12.443188],[108.326794,12.442056],[108.32616,12.438884],[108.326225,12.43774],[108.328285,12.438824],[108.33044,12.439084],[108.331566,12.438623],[108.332116,12.437113],[108.332985,12.436731],[108.334773,12.436705],[108.335919,12.435765],[108.338641,12.435315],[108.340202,12.433494],[108.343016,12.432098],[108.344495,12.432407],[108.345439,12.431491],[108.345935,12.428856],[108.346637,12.426985],[108.346746,12.425574],[108.347657,12.424297],[108.349472,12.423125],[108.351655,12.423282],[108.354013,12.42286],[108.355199,12.424496],[108.356921,12.425272],[108.358478,12.424002],[108.360376,12.424443],[108.361968,12.423954],[108.363009,12.42308],[108.364779,12.422181],[108.36573,12.419886],[108.367825,12.419569],[108.369362,12.417881],[108.371491,12.417717],[108.373989,12.418338],[108.376343,12.418191],[108.377923,12.419112],[108.379663,12.419067],[108.380957,12.419586],[108.381793,12.418151],[108.3816,12.417219],[108.38225,12.41535],[108.38363,12.414092],[108.386781,12.410093],[108.38951,12.408878],[108.390355,12.407941],[108.391521,12.407763],[108.392999,12.408238],[108.395114,12.408104],[108.396644,12.409203],[108.398687,12.409764],[108.400619,12.408527],[108.403386,12.407397],[108.406457,12.406592],[108.408214,12.405077],[108.409743,12.403367],[108.410509,12.403411],[108.411581,12.402401],[108.417321,12.403309],[108.418817,12.404006],[108.423057,12.405041],[108.424495,12.406228],[108.427967,12.406662],[108.430658,12.407167],[108.431611,12.408138],[108.433776,12.409683],[108.4311,12.411289],[108.429864,12.4114],[108.428788,12.4123],[108.427644,12.414423],[108.426271,12.415378],[108.426027,12.416524],[108.426562,12.417424],[108.425393,12.419755],[108.424814,12.421855],[108.424662,12.423448],[108.426334,12.428697],[108.428015,12.429871],[108.429167,12.431172],[108.430585,12.432129],[108.432393,12.433885],[108.435123,12.437713],[108.435128,12.439652],[108.436802,12.440914],[108.438143,12.442471],[108.440238,12.444055],[108.441174,12.445278],[108.44281,12.445796],[108.441169,12.450008],[108.439819,12.451637],[108.439497,12.452524],[108.439629,12.454083],[108.439018,12.454487],[108.438472,12.456503],[108.439232,12.457897],[108.440591,12.458103],[108.443116,12.460374],[108.443154,12.461801],[108.443929,12.462822],[108.444403,12.466634],[108.442787,12.467484],[108.441254,12.469749],[108.439607,12.470799],[108.439119,12.474728],[108.43935,12.475721],[108.4389,12.477303],[108.440644,12.478642],[108.442427,12.479648],[108.443339,12.481056],[108.44125,12.48684],[108.440514,12.489313],[108.438905,12.490586],[108.437167,12.490528],[108.43641,12.490903],[108.433957,12.492958],[108.43264,12.493613],[108.431014,12.49564],[108.431926,12.497462],[108.430907,12.509089],[108.429785,12.515352],[108.429236,12.519154],[108.428181,12.52259],[108.427784,12.52503],[108.42735,12.531385],[108.427613,12.533828],[108.426602,12.539814],[108.424886,12.538799],[108.423421,12.53926],[108.42327,12.540063],[108.421793,12.539894],[108.421624,12.538269],[108.421041,12.53699],[108.420091,12.536486],[108.41674,12.537184],[108.416433,12.53761],[108.416304,12.539875],[108.417515,12.540125],[108.416952,12.541402],[108.415757,12.54089],[108.414612,12.541162],[108.408858,12.545936],[108.40836,12.547124],[108.409323,12.54822],[108.414723,12.548551],[108.414731,12.549512],[108.413744,12.54962],[108.413398,12.550832],[108.412163,12.55144],[108.412342,12.552782],[108.414501,12.553759],[108.414748,12.554565],[108.413791,12.555551],[108.412424,12.555259],[108.41111,12.553388],[108.410121,12.553221],[108.408999,12.554299],[108.408656,12.55722],[108.408928,12.558075],[108.408207,12.559437],[108.405529,12.561234],[108.405093,12.560156],[108.40695,12.558373],[108.407172,12.556289],[108.406725,12.555225],[108.40504,12.553871],[108.403318,12.555521],[108.402128,12.556132],[108.400325,12.555874],[108.398853,12.554714],[108.396069,12.55025],[108.394686,12.548881],[108.393916,12.5492],[108.393126,12.550883],[108.393425,12.553466],[108.391414,12.552522],[108.391039,12.551731],[108.390915,12.549128],[108.391084,12.547244],[108.389134,12.545028],[108.386009,12.54287],[108.385924,12.541264],[108.388859,12.537662],[108.387991,12.536509],[108.38506,12.53613],[108.382304,12.535226],[108.379557,12.53521],[108.379384,12.536061],[108.38095,12.538347],[108.381298,12.539277],[108.380513,12.540418],[108.378034,12.539158],[108.375754,12.53727],[108.374306,12.537343],[108.373244,12.54086],[108.373132,12.541975],[108.373456,12.544569],[108.372797,12.544698],[108.372184,12.543486],[108.371781,12.541656],[108.371059,12.540542],[108.369409,12.538986],[108.368643,12.537496],[108.367666,12.536795],[108.366022,12.537372],[108.365523,12.538035],[108.365657,12.539297],[108.367073,12.540782],[108.366165,12.541692],[108.363346,12.541614],[108.362734,12.540485],[108.362828,12.538195],[108.361203,12.538153],[108.358185,12.540458],[108.356885,12.540115],[108.3563,12.53859],[108.356141,12.53591],[108.355226,12.534626],[108.353289,12.533798],[108.352287,12.534289],[108.350947,12.536597],[108.35012,12.538541],[108.348668,12.538705],[108.346345,12.537411],[108.344572,12.53948],[108.342861,12.539142],[108.340171,12.538248],[108.337973,12.536917],[108.335565,12.536616],[108.334015,12.537292],[108.334148,12.538209],[108.33592,12.540107],[108.34007,12.539975],[108.340356,12.540606],[108.339038,12.542102],[108.336774,12.543687],[108.33553,12.545293],[108.334668,12.547154],[108.333552,12.547888],[108.332329,12.547885],[108.33067,12.549201],[108.329846,12.550853],[108.328531,12.55205],[108.32762,12.552391],[108.325269,12.552439],[108.322913,12.551899],[108.320309,12.550445],[108.319525,12.549605],[108.318887,12.546783],[108.319754,12.54238],[108.319248,12.540598],[108.315549,12.540136],[108.313461,12.540459],[108.31235,12.541153],[108.309989,12.543232],[108.309168,12.544316],[108.308211,12.544348],[108.306339,12.542253],[108.304054,12.541849],[108.303273,12.541297],[108.30278,12.539128],[108.301715,12.536307],[108.301676,12.534686],[108.302059,12.533466],[108.303083,12.53193],[108.303078,12.531179],[108.302144,12.529967],[108.303276,12.528387],[108.303559,12.526616],[108.302076,12.526442]]]},"properties":{"@id":"relation/17870578","admin_level":"6","boundary":"administrative","name":"Xã Krông Bông","type":"boundary"},"id":"relation/17870578"},
{"type":"Feature","geometry":{"type":"Polygon","coordinates":[[[108.254229,12.554026],[108.253747,12.552349],[108.254117,12.5515],[108.253119,12.550998],[108.253173,12.54944],[108.252108,12.548649],[108.252059,12.546961],[108.251043,12.54606],[108.249943,12.542664],[108.248779,12.541384],[108.248361,12.540007],[108.249161,12.534884],[108.250665,12.533709],[108.251597,12.53325],[108.252479,12.531634],[108.252465,12.527198],[108.252938,12.526373],[108.255159,12.526259],[108.256046,12.52519],[108.256352,12.523431],[108.257268,12.523263],[108.25857,12.525189],[108.260009,12.525807],[108.261997,12.524709],[108.262558,12.525453],[108.262373,12.527652],[108.262805,12.528959],[108.263801,12.530058],[108.26503,12.532088],[108.266857,12.534217],[108.267905,12.533913],[108.270833,12.530893],[108.271713,12.529503],[108.27171,12.527297],[108.271332,12.526134],[108.269947,12.523642],[108.27032,12.522543],[108.271604,12.522559],[108.27299,12.52306],[108.273602,12.523941],[108.274325,12.52607],[108.275254,12.52758],[108.277303,12.52781],[108.278521,12.527109],[108.279107,12.526136],[108.279329,12.523914],[108.281803,12.523646],[108.284662,12.52474],[108.28426,12.52623],[108.281945,12.528903],[108.282051,12.530896],[108.281471,12.532392],[108.281899,12.534252],[108.282858,12.535322],[108.284795,12.536079],[108.286132,12.53588],[108.287096,12.53525],[108.289124,12.53263],[108.289702,12.52984],[108.291689,12.529227],[108.292599,12.530516],[108.296018,12.534498],[108.297017,12.534433],[108.298349,12.532751],[108.300713,12.530855],[108.301673,12.528754],[108.301689,12.527013],[108.302076,12.526442],[108.303559,12.526616],[108.303276,12.528387],[108.302144,12.529967],[108.303078,12.531179],[108.303083,12.53193],[108.302059,12.533466],[108.301676,12.534686],[108.301715,12.536307],[108.30278,12.539128],[108.303273,12.541297],[108.304054,12.541849],[108.306339,12.542253],[108.308211,12.544348],[108.309168,12.544316],[108.309989,12.543232],[108.31235,12.541153],[108.313461,12.540459],[108.315549,12.540136],[108.319248,12.540598],[108.319754,12.54238],[108.318887,12.546783],[108.319525,12.549605],[108.320309,12.550445],[108.322913,12.551899],[108.325269,12.552439],[108.32762,12.552391],[108.328531,12.55205],[108.329846,12.550853],[108.33067,12.549201],[108.332329,12.547885],[108.333552,12.547888],[108.334668,12.547154],[108.33553,12.545293],[108.336774,12.543687],[108.339038,12.542102],[108.340356,12.540606],[108.34007,12.539975],[108.33592,12.540107],[108.334148,12.538209],[108.334015,12.537292],[108.335565,12.536616],[108.337973,12.536917],[108.340171,12.538248],[108.342861,12.539142],[108.344572,12.53948],[108.346345,12.537411],[108.348668,12.538705],[108.35012,12.538541],[108.350947,12.536597],[108.352287,12.534289],[108.353289,12.533798],[108.355226,12.534626],[108.356141,12.53591],[108.3563,12.53859],[108.356885,12.540115],[108.358185,12.540458],[108.361203,12.538153],[108.362828,12.538195],[108.362734,12.540485],[108.363346,12.541614],[108.366165,12.541692],[108.367073,12.540782],[108.365657,12.539297],[108.365523,12.538035],[108.366022,12.537372],[108.367666,12.536795],[108.368643,12.537496],[108.369409,12.538986],[108.371059,12.540542],[108.371781,12.541656],[108.372184,12.543486],[108.372797,12.544698],[108.373456,12.544569],[108.373132,12.541975],[108.373244,12.54086],[108.374306,12.537343],[108.375754,12.53727],[108.378034,12.539158],[108.380513,12.540418],[108.381298,12.539277],[108.38095,12.538347],[108.379384,12.536061],[108.379557,12.53521],[108.382304,12.535226],[108.38506,12.53613],[108.387991,12.536509],[108.388859,12.537662],[108.385924,12.541264],[108.386009,12.54287],[108.389134,12.545028],[108.391084,12.547244],[108.390915,12.549128],[108.391039,12.551731],[108.391414,12.552522],[108.390564,12.554305],[108.390443,12.555988],[108.389745,12.558119],[108.388276,12.558784],[108.385021,12.559574],[108.382547,12.560867],[108.381992,12.560752],[108.379097,12.558355],[108.3782,12.560127],[108.377961,12.561688],[108.37707,12.56313],[108.376383,12.566165],[108.373596,12.567116],[108.372585,12.568256],[108.370855,12.57407],[108.370691,12.575277],[108.370825,12.578599],[108.371466,12.57972],[108.372673,12.580629],[108.373222,12.582718],[108.375715,12.584244],[108.375942,12.585988],[108.375705,12.588444],[108.375882,12.58932],[108.375178,12.590052],[108.373966,12.593754],[108.372583,12.594231],[108.372075,12.595146],[108.370063,12.595504],[108.367736,12.59497],[108.366389,12.595151],[108.364645,12.596203],[108.362871,12.596199],[108.361805,12.596825],[108.359079,12.597213],[108.357676,12.597089],[108.354025,12.59574],[108.354821,12.600039],[108.355216,12.605008],[108.355912,12.609349],[108.355656,12.610335],[108.353913,12.611045],[108.352031,12.612765],[108.35059,12.613186],[108.348836,12.614628],[108.347216,12.616959],[108.346664,12.618264],[108.34859,12.620107],[108.349123,12.62177],[108.347865,12.623059],[108.347844,12.624718],[108.34733,12.626198],[108.345966,12.624786],[108.344289,12.624116],[108.342572,12.624166],[108.341157,12.624673],[108.339964,12.624658],[108.336675,12.625546],[108.335932,12.625127],[108.334626,12.625472],[108.332971,12.626365],[108.331965,12.62564],[108.330377,12.625383],[108.330514,12.624465],[108.329264,12.624187],[108.328934,12.623391],[108.325944,12.623221],[108.325268,12.622795],[108.324785,12.624381],[108.323071,12.62386],[108.322747,12.624588],[108.319241,12.624488],[108.318834,12.625363],[108.317449,12.62517],[108.316953,12.625697],[108.315723,12.625574],[108.314242,12.626326],[108.312333,12.626425],[108.310765,12.626933],[108.308699,12.627086],[108.302568,12.625828],[108.301484,12.625264],[108.299936,12.625113],[108.297818,12.624513],[108.295042,12.624098],[108.29315,12.624636],[108.292061,12.62458],[108.286716,12.626454],[108.285416,12.626337],[108.28506,12.625471],[108.284018,12.624877],[108.282062,12.625843],[108.281458,12.625716],[108.280585,12.624027],[108.281529,12.621777],[108.281357,12.619756],[108.280181,12.61843],[108.280907,12.617086],[108.281471,12.614624],[108.27991,12.612888],[108.279383,12.610778],[108.280612,12.609684],[108.28022,12.608167],[108.280652,12.605538],[108.28059,12.604485],[108.281172,12.598216],[108.282055,12.596397],[108.281152,12.594475],[108.280199,12.591038],[108.279643,12.590211],[108.279774,12.58875],[108.27874,12.587066],[108.277365,12.58719],[108.276352,12.5868],[108.274794,12.586945],[108.277862,12.577698],[108.278176,12.576099],[108.278792,12.576012],[108.279254,12.57368],[108.278031,12.573952],[108.277776,12.572041],[108.276498,12.571644],[108.27545,12.569746],[108.27352,12.56946],[108.272045,12.567884],[108.269858,12.567061],[108.26614,12.564246],[108.263746,12.563711],[108.262264,12.561387],[108.259556,12.559777],[108.257464,12.558286],[108.255187,12.557904],[108.25532,12.556953],[108.254555,12.556037],[108.254229,12.554026]]]},"properties":{"@id":"relation/17870580","admin_level":"6","boundary":"administrative","name":"Xã Dang Kang","type":"boundary"},"id":"relation/17870580"},
{"type":"Feature","geometry":{"type":"Polygon","coordinates":[[[108.326225,12.43774],[108.32616,12.438884],[108.326794,12.442056],[108.326107,12.443188],[108.327588,12.453528],[108.328511,12.454408],[108.327529,12.455738],[108.328028,12.457818],[108.332212,12.473789],[108.334052,12.476891],[108.334113,12.478631],[108.335585,12.479988],[108.336264,12.481266],[108.337845,12.482505],[108.339497,12.482913],[108.340693,12.484499],[108.339475,12.485801],[108.33587,12.486025],[108.334779,12.487582],[108.332979,12.488614],[108.332434,12.491334],[108.33454,12.49371],[108.332842,12.496792],[108.330938,12.498882],[108.329415,12.499741],[108.327405,12.500112],[108.32622,12.501322],[108.325536,12.503111],[108.325197,12.50755],[108.324498,12.509461],[108.324546,12.512242],[108.325614,12.514698],[108.323644,12.520218],[108.322175,12.520316],[108.320915,12.519673],[108.319134,12.519542],[108.315234,12.520449],[108.313907,12.521559],[108.31088,12.522878],[108.3079,12.522218],[108.305996,12.522498],[108.30528,12.522009],[108.302367,12.523294],[108.301946,12.524627],[108.302076,12.526442],[108.301689,12.527013],[108.301673,12.528754],[108.300713,12.530855],[108.298349,12.532751],[108.297017,12.534433],[108.296018,12.534498],[108.292599,12.530516],[108.291689,12.529227],[108.289702,12.52984],[108.289124,12.53263],[108.287096,12.53525],[108.286132,12.53588],[108.284795,12.536079],[108.282858,12.535322],[108.281899,12.534252],[108.281471,12.532392],[108.282051,12.530896],[108.281945,12.528903],[108.28426,12.52623],[108.284662,12.52474],[108.281803,12.523646],[108.279329,12.523914],[108.279107,12.526136],[108.278521,12.527109],[108.277303,12.52781],[108.275254,12.52758],[108.274325,12.52607],[108.273602,12.523941],[108.27299,12.52306],[108.271604,12.522559],[108.27032,12.522543],[108.269947,12.523642],[108.271332,12.526134],[108.27171,12.527297],[108.271713,12.529503],[108.270833,12.530893],[108.267905,12.533913],[108.266857,12.534217],[108.26503,12.532088],[108.263801,12.530058],[108.262805,12.528959],[108.262373,12.527652],[108.262558,12.525453],[108.261997,12.524709],[108.260009,12.525807],[108.25857,12.525189],[108.257268,12.523263],[108.256352,12.523431],[108.256046,12.52519],[108.255159,12.526259],[108.252938,12.526373],[108.252465,12.527198],[108.252479,12.531634],[108.251597,12.53325],[108.250665,12.533709],[108.249713,12.532392],[108.250876,12.529805],[108.251131,12.528165],[108.250474,12.5263],[108.247668,12.524925],[108.247199,12.523044],[108.245111,12.520149],[108.244154,12.518498],[108.242851,12.517665],[108.237272,12.516453],[108.236047,12.516614],[108.234006,12.517635],[108.232711,12.517958],[108.228372,12.51752],[108.227491,12.516874],[108.226995,12.513611],[108.225301,12.511943],[108.224907,12.510177],[108.223348,12.509739],[108.221974,12.510259],[108.22181,12.511651],[108.22391,12.515881],[108.224259,12.517348],[108.223646,12.519223],[108.223553,12.521148],[108.22225,12.52202],[108.220094,12.521997],[108.218944,12.520257],[108.218915,12.519434],[108.219941,12.51732],[108.218401,12.515305],[108.21697,12.515151],[108.215715,12.515649],[108.214226,12.514902],[108.212234,12.51279],[108.210735,12.512622],[108.207841,12.514201],[108.205763,12.514282],[108.204231,12.513451],[108.203129,12.51367],[108.203091,12.514476],[108.205339,12.51562],[108.206967,12.516806],[108.206484,12.518968],[108.204639,12.519301],[108.202629,12.518021],[108.200526,12.517587],[108.198238,12.519105],[108.196059,12.519102],[108.195001,12.518083],[108.194507,12.514772],[108.190724,12.512875],[108.188332,12.513525],[108.187296,12.512314],[108.187552,12.510337],[108.186914,12.509322],[108.185601,12.509355],[108.183917,12.510282],[108.181852,12.509296],[108.181274,12.50765],[108.182778,12.504321],[108.183108,12.502576],[108.182179,12.500878],[108.181602,12.500528],[108.179568,12.500428],[108.178179,12.499492],[108.177939,12.498676],[108.178228,12.494603],[108.17764,12.492812],[108.176547,12.490791],[108.176871,12.48753],[108.176279,12.485331],[108.17681,12.484128],[108.178052,12.483455],[108.17864,12.482443],[108.18008,12.48226],[108.180515,12.481317],[108.182911,12.481381],[108.182418,12.479811],[108.182977,12.478822],[108.182569,12.477569],[108.184141,12.476049],[108.185188,12.476446],[108.186132,12.475565],[108.188387,12.476119],[108.190509,12.47692],[108.192373,12.476636],[108.194124,12.478183],[108.194355,12.479621],[108.195694,12.481079],[108.197707,12.481517],[108.198737,12.482354],[108.199864,12.481473],[108.200385,12.480244],[108.203991,12.478591],[108.206374,12.478677],[108.210076,12.477827],[108.214048,12.474878],[108.215852,12.474721],[108.216319,12.473252],[108.217094,12.472881],[108.217874,12.471483],[108.220241,12.469846],[108.220739,12.467797],[108.222842,12.465361],[108.224393,12.466647],[108.22505,12.469106],[108.226987,12.473457],[108.228814,12.475899],[108.229843,12.475025],[108.231641,12.472382],[108.233937,12.471476],[108.236473,12.471161],[108.240914,12.467121],[108.242652,12.466817],[108.244792,12.467716],[108.246414,12.468792],[108.24775,12.469284],[108.250544,12.468834],[108.253499,12.467581],[108.25557,12.46703],[108.257546,12.467016],[108.259588,12.466271],[108.261867,12.466641],[108.264256,12.466183],[108.267062,12.46634],[108.26871,12.466034],[108.270076,12.465413],[108.271267,12.463979],[108.273351,12.462809],[108.274367,12.461223],[108.276214,12.460638],[108.276008,12.458079],[108.276696,12.456697],[108.279704,12.454473],[108.283108,12.45447],[108.284275,12.453498],[108.285938,12.45276],[108.286343,12.451694],[108.287651,12.451056],[108.288819,12.449889],[108.291645,12.44967],[108.292634,12.449901],[108.295047,12.448871],[108.297649,12.448385],[108.299665,12.445387],[108.295487,12.442004],[108.295733,12.440979],[108.295256,12.44005],[108.295906,12.438157],[108.296233,12.434942],[108.296896,12.43327],[108.297809,12.432357],[108.300756,12.431271],[108.302241,12.432988],[108.306122,12.434394],[108.307466,12.435779],[108.308422,12.436139],[108.310707,12.435566],[108.31183,12.435596],[108.313632,12.436987],[108.315754,12.437698],[108.317981,12.438012],[108.319363,12.438853],[108.321041,12.439409],[108.323265,12.438924],[108.32419,12.437957],[108.326225,12.43774]]]},"properties":{"@id":"relation/17870584","admin_level":"6","boundary":"administrative","name":"Xã Hòa Sơn","type":"boundary"},"id":"relation/17870584"},
{"type":"Feature","geometry":{"type":"Polygon","coordinates":[[[108.884206,12.542378],[108.887118,12.5445],[108.889752,12.544979],[108.891108,12.546616],[108.892182,12.549118],[108.892988,12.550283],[108.892815,12.551731],[108.893203,12.5529],[108.892859,12.554867],[108.892124,12.55587],[108.892751,12.557108],[108.8937,12.561155],[108.894736,12.562418],[108.896282,12.563494],[108.895935,12.564708],[108.89392,12.566795],[108.893244,12.567847],[108.893389,12.571219],[108.89421,12.572972],[108.894929,12.573727],[108.894727,12.574795],[108.893811,12.57538],[108.891931,12.575436],[108.891129,12.576067],[108.892414,12.580118],[108.893397,12.580638],[108.894831,12.58078],[108.8981,12.582063],[108.900556,12.582324],[108.901548,12.583842],[108.903366,12.585534],[108.905273,12.586369],[108.907167,12.589114],[108.9079,12.59057],[108.9106,12.59222],[108.910857,12.593275],[108.912541,12.594772],[108.913409,12.59501],[108.915654,12.597494],[108.917307,12.59852],[108.918538,12.600285],[108.917199,12.601593],[108.917863,12.603306],[108.917709,12.604121],[108.915166,12.60815],[108.913432,12.609889],[108.912835,12.612165],[108.911379,12.613275],[108.910588,12.614338],[108.910319,12.615482],[108.908405,12.617096],[108.907766,12.618227],[108.90687,12.618557],[108.906226,12.619735],[108.905779,12.621915],[108.904295,12.622007],[108.902611,12.623745],[108.900873,12.623923],[108.899109,12.62576],[108.898035,12.625226],[108.896385,12.62509],[108.89774,12.627046],[108.899349,12.628052],[108.900383,12.629912],[108.901531,12.631192],[108.903603,12.632973],[108.903742,12.633685],[108.905878,12.635093],[108.906189,12.636849],[108.908009,12.638896],[108.910593,12.639778],[108.912984,12.640143],[108.914526,12.639509],[108.915635,12.638569],[108.916681,12.638695],[108.918672,12.637978],[108.920613,12.638934],[108.921053,12.640394],[108.923732,12.641357],[108.925,12.641053],[108.925672,12.640349],[108.927047,12.640253],[108.927142,12.641621],[108.928131,12.642522],[108.92984,12.643474],[108.931161,12.643433],[108.932962,12.645018],[108.934022,12.645621],[108.936139,12.64831],[108.937235,12.648454],[108.939427,12.647546],[108.94088,12.64743],[108.94066,12.649457],[108.939976,12.650908],[108.940348,12.652715],[108.938427,12.654673],[108.937736,12.656641],[108.937869,12.658963],[108.937592,12.659762],[108.939738,12.661788],[108.939889,12.663485],[108.941835,12.665894],[108.94264,12.670092],[108.944453,12.672681],[108.94519,12.672946],[108.946606,12.674721],[108.946765,12.677008],[108.947233,12.677726],[108.950949,12.680546],[108.952471,12.682984],[108.95552,12.686946],[108.952693,12.688004],[108.950482,12.688273],[108.946452,12.690291],[108.944571,12.692316],[108.943219,12.694592],[108.941854,12.694015],[108.938102,12.690997],[108.934286,12.689519],[108.933284,12.688867],[108.931611,12.687098],[108.929663,12.685418],[108.92759,12.684613],[108.925386,12.684794],[108.923932,12.684501],[108.921347,12.682538],[108.920537,12.681175],[108.91901,12.67996],[108.912931,12.679974],[108.912057,12.679656],[108.910657,12.67839],[108.907701,12.678725],[108.902119,12.676338],[108.901866,12.674969],[108.900948,12.673177],[108.901361,12.672381],[108.89672,12.672736],[108.89304,12.671659],[108.890237,12.669154],[108.888883,12.667664],[108.887692,12.667074],[108.884946,12.666572],[108.88317,12.666619],[108.881856,12.665562],[108.879308,12.664954],[108.876529,12.661856],[108.874454,12.662759],[108.870665,12.662306],[108.869771,12.66417],[108.868119,12.664955],[108.867002,12.666383],[108.865355,12.666786],[108.863955,12.667812],[108.861049,12.669044],[108.860554,12.669885],[108.860904,12.670886],[108.861147,12.674748],[108.857064,12.67596],[108.856097,12.676989],[108.854581,12.6773],[108.854041,12.679483],[108.852405,12.681106],[108.851569,12.681144],[108.848928,12.679821],[108.845872,12.679453],[108.844206,12.680094],[108.841816,12.68042],[108.842052,12.681299],[108.839449,12.68289],[108.837148,12.683298],[108.835291,12.683886],[108.833684,12.684042],[108.832299,12.685481],[108.830042,12.687006],[108.828224,12.686992],[108.827337,12.687779],[108.824362,12.68569],[108.818482,12.685083],[108.816918,12.684186],[108.816583,12.682825],[108.81586,12.681882],[108.814655,12.681446],[108.813068,12.680064],[108.812558,12.678632],[108.812939,12.677626],[108.811513,12.675253],[108.810205,12.674525],[108.80939,12.672916],[108.807494,12.670481],[108.806346,12.66972],[108.805241,12.669853],[108.804295,12.669265],[108.801806,12.668519],[108.801701,12.66685],[108.800786,12.665856],[108.79916,12.663399],[108.798072,12.662354],[108.796426,12.659223],[108.794819,12.654829],[108.794732,12.653168],[108.795027,12.651786],[108.790183,12.650417],[108.789248,12.649731],[108.787161,12.649436],[108.785982,12.648553],[108.78559,12.647678],[108.783278,12.646512],[108.782878,12.645761],[108.781009,12.645209],[108.780146,12.645693],[108.778065,12.646012],[108.777369,12.646803],[108.777475,12.648556],[108.776316,12.649386],[108.774941,12.649831],[108.772652,12.64942],[108.771683,12.647499],[108.770035,12.647337],[108.768371,12.645829],[108.766093,12.645479],[108.764699,12.643659],[108.76409,12.641692],[108.764295,12.639703],[108.76409,12.638471],[108.764974,12.637219],[108.764895,12.635695],[108.763291,12.634517],[108.763016,12.633484],[108.761986,12.632316],[108.762422,12.630687],[108.7617,12.628506],[108.762011,12.627494],[108.761202,12.626554],[108.759588,12.625889],[108.75741,12.626208],[108.75493,12.625834],[108.754177,12.626399],[108.752707,12.626566],[108.751401,12.625814],[108.752798,12.624716],[108.752386,12.623553],[108.751613,12.622885],[108.752083,12.622107],[108.751781,12.620821],[108.75374,12.620099],[108.754702,12.620882],[108.755945,12.622575],[108.75779,12.620947],[108.7579,12.617561],[108.759574,12.616343],[108.759466,12.61427],[108.761105,12.613801],[108.761488,12.610691],[108.761451,12.6077],[108.762283,12.60604],[108.762069,12.604218],[108.758372,12.598801],[108.758948,12.598322],[108.760151,12.595418],[108.761547,12.593517],[108.761326,12.59141],[108.760705,12.590566],[108.761462,12.589521],[108.761279,12.588827],[108.762007,12.58731],[108.765454,12.58479],[108.76641,12.58448],[108.768723,12.585557],[108.770432,12.585367],[108.772231,12.584281],[108.773818,12.582766],[108.775045,12.582871],[108.776033,12.584061],[108.775213,12.585438],[108.775923,12.587282],[108.779528,12.586671],[108.783,12.588874],[108.783974,12.589879],[108.785579,12.590515],[108.786286,12.591237],[108.787678,12.590889],[108.789219,12.592188],[108.790108,12.59191],[108.792843,12.594233],[108.793812,12.595462],[108.796288,12.595423],[108.798112,12.596072],[108.799067,12.597298],[108.802071,12.598763],[108.801363,12.588701],[108.805053,12.587759],[108.811297,12.582377],[108.816555,12.574816],[108.814291,12.566732],[108.809677,12.563664],[108.810868,12.562135],[108.808165,12.557265],[108.806247,12.554525],[108.807373,12.552521],[108.808699,12.55266],[108.809924,12.553424],[108.811818,12.55182],[108.816206,12.550191],[108.816152,12.549568],[108.814967,12.54827],[108.816576,12.547437],[108.818893,12.54585],[108.821881,12.546913],[108.824977,12.546049],[108.828743,12.5433],[108.83371,12.541064],[108.839117,12.542845],[108.846145,12.540635],[108.849675,12.541075],[108.855178,12.537315],[108.861884,12.536509],[108.864791,12.534603],[108.873214,12.535325],[108.875477,12.537263],[108.876411,12.540007],[108.881722,12.541965],[108.884206,12.542378]]]},"properties":{"@id":"relation/17916114","admin_level":"6","boundary":"administrative","name":"Xã Ea Trang","type":"boundary"},"id":"relation/17916114"},
{"type":"Feature","geometry":{"type":"Polygon","coordinates":[[[108.762602,12.774406],[108.761382,12.773765],[108.762251,12.772687],[108.760556,12.771433],[108.760099,12.769373],[108.757989,12.767752],[108.756819,12.765263],[108.754927,12.763313],[108.755202,12.760991],[108.752825,12.759125],[108.751399,12.757511],[108.750972,12.756238],[108.749463,12.754986],[108.747182,12.751771],[108.746533,12.750074],[108.747013,12.748108],[108.74647,12.746529],[108.746486,12.744538],[108.744059,12.742576],[108.744022,12.741374],[108.743263,12.739831],[108.744449,12.736918],[108.745953,12.736725],[108.746839,12.73588],[108.747597,12.734395],[108.748767,12.733303],[108.748113,12.731921],[108.745835,12.729436],[108.744857,12.7295],[108.74333,12.727976],[108.741385,12.728153],[108.740823,12.728797],[108.739486,12.728761],[108.738674,12.729355],[108.736628,12.730065],[108.735644,12.727766],[108.735516,12.726128],[108.735077,12.725269],[108.733808,12.724588],[108.73312,12.722422],[108.733202,12.719622],[108.732896,12.718717],[108.733978,12.717001],[108.736699,12.713365],[108.739119,12.711098],[108.740988,12.709831],[108.744489,12.70846],[108.746274,12.705791],[108.749156,12.70419],[108.749744,12.701811],[108.750258,12.700875],[108.749462,12.698221],[108.749747,12.696973],[108.750932,12.696374],[108.752013,12.692603],[108.753158,12.691274],[108.753775,12.691458],[108.757275,12.690295],[108.758074,12.68806],[108.757929,12.686964],[108.758774,12.684602],[108.760514,12.682642],[108.761473,12.682304],[108.763329,12.680902],[108.763994,12.677442],[108.766262,12.67481],[108.766571,12.673151],[108.767244,12.672139],[108.767095,12.670672],[108.766022,12.67034],[108.764788,12.669309],[108.76485,12.666143],[108.765402,12.664873],[108.766821,12.663855],[108.767802,12.662287],[108.768749,12.662006],[108.769592,12.661064],[108.770962,12.660558],[108.770454,12.65852],[108.77088,12.656202],[108.770702,12.654176],[108.771579,12.65267],[108.772652,12.64942],[108.774941,12.649831],[108.776316,12.649386],[108.777475,12.648556],[108.777369,12.646803],[108.778065,12.646012],[108.780146,12.645693],[108.781009,12.645209],[108.782878,12.645761],[108.783278,12.646512],[108.78559,12.647678],[108.785982,12.648553],[108.787161,12.649436],[108.789248,12.649731],[108.790183,12.650417],[108.795027,12.651786],[108.794732,12.653168],[108.794819,12.654829],[108.796426,12.659223],[108.798072,12.662354],[108.79916,12.663399],[108.800786,12.665856],[108.801701,12.66685],[108.801806,12.668519],[108.804295,12.669265],[108.805241,12.669853],[108.806346,12.66972],[108.807494,12.670481],[108.80939,12.672916],[108.810205,12.674525],[108.811513,12.675253],[108.812939,12.677626],[108.812558,12.678632],[108.813068,12.680064],[108.814655,12.681446],[108.81586,12.681882],[108.816583,12.682825],[108.816918,12.684186],[108.818482,12.685083],[108.824362,12.68569],[108.827337,12.687779],[108.828224,12.686992],[108.830042,12.687006],[108.832299,12.685481],[108.833684,12.684042],[108.835291,12.683886],[108.837148,12.683298],[108.839449,12.68289],[108.842052,12.681299],[108.841816,12.68042],[108.844206,12.680094],[108.845872,12.679453],[108.848928,12.679821],[108.851569,12.681144],[108.852405,12.681106],[108.854041,12.679483],[108.854581,12.6773],[108.856097,12.676989],[108.857064,12.67596],[108.861147,12.674748],[108.860904,12.670886],[108.860554,12.669885],[108.861049,12.669044],[108.863955,12.667812],[108.865355,12.666786],[108.867002,12.666383],[108.868119,12.664955],[108.869771,12.66417],[108.870665,12.662306],[108.874454,12.662759],[108.876529,12.661856],[108.879308,12.664954],[108.881856,12.665562],[108.88317,12.666619],[108.884946,12.666572],[108.887692,12.667074],[108.888883,12.667664],[108.890237,12.669154],[108.89304,12.671659],[108.89672,12.672736],[108.901361,12.672381],[108.900948,12.673177],[108.901866,12.674969],[108.902119,12.676338],[108.907701,12.678725],[108.910657,12.67839],[108.912057,12.679656],[108.912931,12.679974],[108.91901,12.67996],[108.920537,12.681175],[108.921347,12.682538],[108.923932,12.684501],[108.925386,12.684794],[108.92759,12.684613],[108.929663,12.685418],[108.931611,12.687098],[108.933284,12.688867],[108.934286,12.689519],[108.938102,12.690997],[108.941854,12.694015],[108.943219,12.694592],[108.944571,12.692316],[108.946452,12.690291],[108.950482,12.688273],[108.952693,12.688004],[108.95552,12.686946],[108.958596,12.685212],[108.960636,12.684316],[108.962055,12.68411],[108.963892,12.684491],[108.966623,12.685963],[108.968744,12.684645],[108.970589,12.684069],[108.971905,12.683315],[108.974381,12.683614],[108.977465,12.682911],[108.97848,12.682246],[108.979986,12.684536],[108.983297,12.687791],[108.983957,12.688762],[108.985512,12.689569],[108.98841,12.689903],[108.989452,12.692327],[108.989247,12.694126],[108.987499,12.695622],[108.986502,12.697588],[108.988001,12.700548],[108.986593,12.701072],[108.985866,12.70317],[108.987085,12.703562],[108.987835,12.704426],[108.98903,12.704808],[108.991393,12.704796],[108.992122,12.706853],[108.992647,12.707406],[108.99219,12.709254],[108.993387,12.710988],[108.992972,12.712037],[108.99483,12.713636],[108.995549,12.714839],[108.994932,12.716153],[108.994267,12.716545],[108.993509,12.718991],[108.994015,12.720098],[108.994948,12.72081],[108.992668,12.72294],[108.990061,12.723719],[108.989815,12.724866],[108.988119,12.725456],[108.988184,12.726531],[108.986996,12.728009],[108.986428,12.733865],[108.986607,12.735681],[108.985137,12.737729],[108.984144,12.742368],[108.984343,12.744283],[108.988588,12.746988],[108.98868,12.75136],[108.990417,12.752857],[108.991622,12.754425],[108.991907,12.756704],[108.990937,12.758682],[108.991389,12.761749],[108.989888,12.763259],[108.989889,12.765441],[108.988676,12.76691],[108.987418,12.767367],[108.987187,12.769421],[108.98593,12.770709],[108.986066,12.77183],[108.987056,12.772021],[108.986604,12.773378],[108.987431,12.774034],[108.987939,12.777077],[108.98835,12.77771],[108.987947,12.781408],[108.986047,12.783068],[108.984909,12.783438],[108.984036,12.782617],[108.980704,12.782866],[108.98135,12.785253],[108.980609,12.786776],[108.978065,12.784858],[108.976994,12.784547],[108.976719,12.785652],[108.97589,12.786531],[108.974631,12.786715],[108.974753,12.787792],[108.975643,12.788489],[108.975371,12.789994],[108.972627,12.789978],[108.97188,12.790512],[108.972459,12.791554],[108.973705,12.79208],[108.973834,12.793628],[108.974921,12.794281],[108.97588,12.795922],[108.975639,12.798686],[108.974012,12.8006],[108.973045,12.800476],[108.971646,12.799535],[108.970494,12.80053],[108.972009,12.801697],[108.973613,12.804019],[108.973912,12.805588],[108.973317,12.807286],[108.971935,12.808248],[108.972031,12.810721],[108.971893,12.813303],[108.970902,12.816246],[108.964267,12.815985],[108.962626,12.81539],[108.958059,12.812256],[108.953891,12.810502],[108.951427,12.81053],[108.948854,12.811499],[108.947718,12.810976],[108.946753,12.809087],[108.946685,12.807168],[108.945586,12.805641],[108.944959,12.80553],[108.941791,12.807054],[108.940858,12.807121],[108.939928,12.806028],[108.940615,12.803104],[108.939534,12.802056],[108.937096,12.801496],[108.936402,12.80057],[108.937045,12.799399],[108.937821,12.796607],[108.939403,12.79433],[108.940205,12.792784],[108.940214,12.791197],[108.939634,12.789667],[108.938835,12.789513],[108.938155,12.790399],[108.937019,12.790228],[108.933542,12.786797],[108.931134,12.785725],[108.930002,12.784492],[108.930799,12.78342],[108.9323,12.782761],[108.932784,12.781361],[108.934018,12.780121],[108.937352,12.778455],[108.937174,12.777516],[108.935132,12.776447],[108.933489,12.774893],[108.932315,12.775195],[108.931934,12.776188],[108.932944,12.777483],[108.933052,12.779142],[108.931571,12.780304],[108.930759,12.779735],[108.928402,12.776581],[108.927828,12.775341],[108.92642,12.773732],[108.926532,12.772147],[108.927879,12.769594],[108.927373,12.76734],[108.927989,12.76664],[108.92765,12.76568],[108.925333,12.766016],[108.923417,12.76777],[108.922094,12.766325],[108.921986,12.765177],[108.921255,12.764485],[108.919995,12.761129],[108.91917,12.760411],[108.917059,12.759993],[108.915351,12.760139],[108.915238,12.760985],[108.916803,12.762899],[108.916905,12.764895],[108.917563,12.765569],[108.918316,12.767607],[108.917398,12.769139],[108.916678,12.771307],[108.915154,12.770991],[108.913775,12.768647],[108.912725,12.768088],[108.911081,12.768245],[108.90899,12.763561],[108.906872,12.762045],[108.904855,12.761787],[108.902606,12.763087],[108.900347,12.762168],[108.900169,12.760722],[108.899415,12.758728],[108.898075,12.758703],[108.897189,12.758018],[108.897101,12.756814],[108.897788,12.755874],[108.899245,12.755216],[108.899826,12.754188],[108.89828,12.75241],[108.896589,12.752317],[108.894378,12.752992],[108.89229,12.752398],[108.891602,12.751257],[108.891977,12.749158],[108.891051,12.748102],[108.889788,12.748903],[108.887092,12.747213],[108.884499,12.747921],[108.883485,12.749163],[108.881285,12.749526],[108.879643,12.748733],[108.879215,12.749297],[108.877906,12.749288],[108.877223,12.750009],[108.877265,12.751295],[108.876714,12.753622],[108.87526,12.754776],[108.876543,12.756422],[108.873372,12.757457],[108.871566,12.758544],[108.868513,12.75691],[108.868472,12.754568],[108.866277,12.754799],[108.865526,12.754216],[108.863897,12.754483],[108.862562,12.754026],[108.86107,12.754203],[108.860949,12.752922],[108.859298,12.751304],[108.856817,12.75023],[108.854274,12.751019],[108.852827,12.751747],[108.851867,12.750649],[108.849861,12.751675],[108.847517,12.750832],[108.845378,12.749191],[108.843115,12.748561],[108.84251,12.748085],[108.842405,12.745673],[108.841315,12.746232],[108.839924,12.746111],[108.838397,12.745338],[108.837636,12.742751],[108.837934,12.741898],[108.836209,12.740599],[108.836064,12.739632],[108.834068,12.739901],[108.832603,12.738249],[108.83135,12.738996],[108.8309,12.73989],[108.828429,12.740492],[108.828071,12.74186],[108.82563,12.742091],[108.821195,12.738333],[108.819711,12.740072],[108.818594,12.741804],[108.818198,12.742949],[108.816844,12.743109],[108.815654,12.741579],[108.814497,12.742404],[108.813748,12.743639],[108.812943,12.742786],[108.811834,12.742803],[108.810954,12.741144],[108.809481,12.741818],[108.807928,12.741591],[108.806145,12.743072],[108.804649,12.742447],[108.803509,12.743663],[108.801486,12.742839],[108.800188,12.741148],[108.798941,12.741525],[108.797091,12.743309],[108.796768,12.745233],[108.795651,12.745166],[108.794344,12.747189],[108.790744,12.748973],[108.790811,12.752183],[108.789964,12.753161],[108.78706,12.754486],[108.78585,12.753997],[108.784796,12.751935],[108.777394,12.759534],[108.777024,12.760267],[108.775147,12.761397],[108.774369,12.762679],[108.774138,12.763919],[108.772985,12.763856],[108.77188,12.764499],[108.771673,12.766299],[108.770649,12.766291],[108.770665,12.767338],[108.768996,12.767756],[108.769106,12.768444],[108.767777,12.768878],[108.767779,12.770715],[108.764903,12.771615],[108.764662,12.77263],[108.763163,12.773563],[108.762602,12.774406]]]},"properties":{"@id":"relation/17916115","admin_level":"6","boundary":"administrative","name":"Xã Cư M'ta","type":"boundary"},"id":"relation/17916115"},
{"type":"Feature","geometry":{"type":"Polygon","coordinates":[[[108.685643,12.734924],[108.699401,12.72267],[108.703011,12.721477],[108.70432,12.720313],[108.705334,12.719993],[108.707324,12.718188],[108.708596,12.717817],[108.712868,12.715697],[108.714534,12.715444],[108.715564,12.713672],[108.718258,12.7107],[108.719984,12.710072],[108.723157,12.708458],[108.724724,12.707013],[108.730177,12.705299],[108.735112,12.704368],[108.739119,12.711098],[108.736699,12.713365],[108.733978,12.717001],[108.732896,12.718717],[108.733202,12.719622],[108.73312,12.722422],[108.733808,12.724588],[108.735077,12.725269],[108.735516,12.726128],[108.735644,12.727766],[108.736628,12.730065],[108.738674,12.729355],[108.739486,12.728761],[108.740823,12.728797],[108.741385,12.728153],[108.74333,12.727976],[108.744857,12.7295],[108.745835,12.729436],[108.748113,12.731921],[108.748767,12.733303],[108.747597,12.734395],[108.746839,12.73588],[108.745953,12.736725],[108.744449,12.736918],[108.743263,12.739831],[108.744022,12.741374],[108.744059,12.742576],[108.746486,12.744538],[108.74647,12.746529],[108.747013,12.748108],[108.746533,12.750074],[108.747182,12.751771],[108.749463,12.754986],[108.750972,12.756238],[108.751399,12.757511],[108.752825,12.759125],[108.755202,12.760991],[108.754927,12.763313],[108.756819,12.765263],[108.757989,12.767752],[108.760099,12.769373],[108.760556,12.771433],[108.762251,12.772687],[108.761382,12.773765],[108.762602,12.774406],[108.761521,12.775384],[108.761065,12.776878],[108.760454,12.776857],[108.758082,12.779682],[108.755577,12.77908],[108.752681,12.779423],[108.751824,12.780828],[108.752753,12.781924],[108.753525,12.781246],[108.75404,12.783101],[108.756441,12.788057],[108.757167,12.78831],[108.759772,12.788337],[108.760309,12.789799],[108.760923,12.790312],[108.762232,12.789708],[108.762983,12.7915],[108.764772,12.791863],[108.766208,12.792616],[108.768634,12.795282],[108.770635,12.793838],[108.772295,12.794198],[108.773108,12.795148],[108.775793,12.795873],[108.776843,12.795034],[108.779578,12.79447],[108.780393,12.795241],[108.781533,12.795128],[108.783199,12.793754],[108.783964,12.792754],[108.786162,12.791022],[108.786868,12.792012],[108.787715,12.794764],[108.788883,12.796566],[108.790135,12.797625],[108.790634,12.800063],[108.790787,12.802584],[108.791548,12.80294],[108.793429,12.805529],[108.794373,12.805467],[108.795092,12.808291],[108.795877,12.808407],[108.796511,12.809616],[108.795789,12.810104],[108.795282,12.811425],[108.794193,12.812066],[108.793117,12.813883],[108.79143,12.814995],[108.790995,12.816541],[108.788931,12.818104],[108.787754,12.820132],[108.785987,12.821621],[108.78444,12.82371],[108.78405,12.824896],[108.784706,12.826003],[108.78359,12.826817],[108.782433,12.827072],[108.78152,12.829272],[108.778492,12.83387],[108.777293,12.833826],[108.773482,12.839333],[108.773666,12.840203],[108.772143,12.842403],[108.771206,12.842426],[108.770402,12.843647],[108.770623,12.844609],[108.768047,12.849363],[108.768312,12.851672],[108.768297,12.854762],[108.768732,12.856566],[108.767706,12.857531],[108.749821,12.849471],[108.747701,12.848772],[108.746736,12.848828],[108.745133,12.84978],[108.744221,12.849733],[108.743436,12.850485],[108.742365,12.850706],[108.742309,12.852388],[108.740922,12.852902],[108.738915,12.855667],[108.737789,12.856809],[108.73545,12.859797],[108.733186,12.859795],[108.733088,12.861719],[108.732676,12.862556],[108.731303,12.863545],[108.72873,12.864238],[108.727027,12.864251],[108.726121,12.865067],[108.723431,12.866439],[108.720897,12.868382],[108.719984,12.869732],[108.71669,12.868996],[108.715478,12.86913],[108.712465,12.87159],[108.711598,12.871582],[108.70904,12.872776],[108.705696,12.873543],[108.703823,12.872621],[108.700991,12.873614],[108.699852,12.873445],[108.698609,12.872546],[108.697904,12.872592],[108.695313,12.873928],[108.693362,12.874284],[108.692263,12.874084],[108.691772,12.873314],[108.690437,12.872765],[108.689502,12.864331],[108.689393,12.862544],[108.689507,12.857931],[108.687497,12.8471],[108.689061,12.845598],[108.68899,12.843806],[108.688338,12.842817],[108.688739,12.841483],[108.687854,12.840584],[108.685462,12.840977],[108.683459,12.840695],[108.680956,12.840801],[108.682569,12.837364],[108.68618,12.832661],[108.687414,12.831662],[108.688632,12.829374],[108.688536,12.825803],[108.689656,12.821457],[108.690803,12.820576],[108.69094,12.818685],[108.69155,12.816826],[108.691809,12.814579],[108.691213,12.808798],[108.691947,12.804441],[108.69058,12.80463],[108.689644,12.804256],[108.687422,12.804921],[108.686101,12.803698],[108.685463,12.804459],[108.682291,12.803769],[108.681085,12.801789],[108.680019,12.802192],[108.679664,12.801003],[108.678561,12.801145],[108.677682,12.80223],[108.676643,12.801525],[108.673659,12.803094],[108.672645,12.802924],[108.670672,12.804018],[108.670096,12.804867],[108.669085,12.804711],[108.66809,12.80572],[108.666273,12.805694],[108.665601,12.806647],[108.663496,12.806681],[108.662617,12.806325],[108.662006,12.805099],[108.659636,12.804089],[108.658495,12.802923],[108.656397,12.802691],[108.655079,12.801372],[108.653942,12.801483],[108.653214,12.800883],[108.651333,12.800539],[108.651306,12.799376],[108.649028,12.797148],[108.646068,12.795747],[108.645301,12.793137],[108.645744,12.792547],[108.644944,12.790362],[108.644213,12.789442],[108.643985,12.788248],[108.644402,12.786146],[108.64682,12.78298],[108.647281,12.780651],[108.649608,12.778629],[108.650202,12.777515],[108.650552,12.775659],[108.652134,12.772307],[108.654138,12.770784],[108.655252,12.770992],[108.656995,12.772305],[108.658465,12.77118],[108.65986,12.771112],[108.662767,12.770108],[108.665847,12.768],[108.668169,12.768401],[108.669752,12.768204],[108.674628,12.768214],[108.676455,12.766905],[108.676742,12.765985],[108.677949,12.764452],[108.678796,12.764363],[108.680096,12.763347],[108.681907,12.762693],[108.683099,12.761779],[108.683678,12.760394],[108.684804,12.759351],[108.68511,12.757102],[108.684832,12.754227],[108.68503,12.75221],[108.684563,12.751283],[108.684917,12.749498],[108.684767,12.748265],[108.685384,12.746569],[108.68584,12.743828],[108.687213,12.74051],[108.687165,12.739031],[108.687825,12.736471],[108.685643,12.734924]]]},"properties":{"@id":"relation/17916116","admin_level":"6","boundary":"administrative","name":"Xã M'Drắk","type":"boundary"},"id":"relation/17916116"},
{"type":"Feature","geometry":{"type":"Polygon","coordinates":[[[108.762602,12.774406],[108.763163,12.773563],[108.764662,12.77263],[108.764903,12.771615],[108.767779,12.770715],[108.767777,12.768878],[108.769106,12.768444],[108.768996,12.767756],[108.770665,12.767338],[108.770649,12.766291],[108.771673,12.766299],[108.77188,12.764499],[108.772985,12.763856],[108.774138,12.763919],[108.774369,12.762679],[108.775147,12.761397],[108.777024,12.760267],[108.777394,12.759534],[108.784796,12.751935],[108.78585,12.753997],[108.78706,12.754486],[108.789964,12.753161],[108.790811,12.752183],[108.790744,12.748973],[108.794344,12.747189],[108.795651,12.745166],[108.796768,12.745233],[108.797091,12.743309],[108.798941,12.741525],[108.800188,12.741148],[108.801486,12.742839],[108.803509,12.743663],[108.804649,12.742447],[108.806145,12.743072],[108.807928,12.741591],[108.809481,12.741818],[108.810954,12.741144],[108.811834,12.742803],[108.812943,12.742786],[108.813748,12.743639],[108.814497,12.742404],[108.815654,12.741579],[108.816844,12.743109],[108.818198,12.742949],[108.818594,12.741804],[108.819711,12.740072],[108.821195,12.738333],[108.82563,12.742091],[108.828071,12.74186],[108.828429,12.740492],[108.8309,12.73989],[108.83135,12.738996],[108.832603,12.738249],[108.834068,12.739901],[108.836064,12.739632],[108.836209,12.740599],[108.837934,12.741898],[108.837636,12.742751],[108.838397,12.745338],[108.839924,12.746111],[108.841315,12.746232],[108.842405,12.745673],[108.84251,12.748085],[108.843115,12.748561],[108.845378,12.749191],[108.847517,12.750832],[108.849861,12.751675],[108.851867,12.750649],[108.852827,12.751747],[108.854274,12.751019],[108.856817,12.75023],[108.859298,12.751304],[108.860949,12.752922],[108.86107,12.754203],[108.862562,12.754026],[108.863897,12.754483],[108.865526,12.754216],[108.866277,12.754799],[108.868472,12.754568],[108.868513,12.75691],[108.871566,12.758544],[108.873372,12.757457],[108.876543,12.756422],[108.87526,12.754776],[108.876714,12.753622],[108.877265,12.751295],[108.877223,12.750009],[108.877906,12.749288],[108.879215,12.749297],[108.879643,12.748733],[108.881285,12.749526],[108.883485,12.749163],[108.884499,12.747921],[108.887092,12.747213],[108.889788,12.748903],[108.891051,12.748102],[108.891977,12.749158],[108.891602,12.751257],[108.89229,12.752398],[108.894378,12.752992],[108.896589,12.752317],[108.89828,12.75241],[108.899826,12.754188],[108.899245,12.755216],[108.897788,12.755874],[108.897101,12.756814],[108.897189,12.758018],[108.898075,12.758703],[108.899415,12.758728],[108.900169,12.760722],[108.900347,12.762168],[108.902606,12.763087],[108.904855,12.761787],[108.906872,12.762045],[108.90899,12.763561],[108.911081,12.768245],[108.912725,12.768088],[108.913775,12.768647],[108.915154,12.770991],[108.916678,12.771307],[108.917398,12.769139],[108.918316,12.767607],[108.917563,12.765569],[108.916905,12.764895],[108.916803,12.762899],[108.915238,12.760985],[108.915351,12.760139],[108.917059,12.759993],[108.91917,12.760411],[108.919995,12.761129],[108.921255,12.764485],[108.921986,12.765177],[108.922094,12.766325],[108.923417,12.76777],[108.925333,12.766016],[108.92765,12.76568],[108.927989,12.76664],[108.927373,12.76734],[108.927879,12.769594],[108.926532,12.772147],[108.92642,12.773732],[108.927828,12.775341],[108.928402,12.776581],[108.930759,12.779735],[108.931571,12.780304],[108.933052,12.779142],[108.932944,12.777483],[108.931934,12.776188],[108.932315,12.775195],[108.933489,12.774893],[108.935132,12.776447],[108.937174,12.777516],[108.937352,12.778455],[108.934018,12.780121],[108.932784,12.781361],[108.9323,12.782761],[108.930799,12.78342],[108.930002,12.784492],[108.931134,12.785725],[108.933542,12.786797],[108.937019,12.790228],[108.938155,12.790399],[108.938835,12.789513],[108.939634,12.789667],[108.940214,12.791197],[108.940205,12.792784],[108.939403,12.79433],[108.937821,12.796607],[108.937045,12.799399],[108.936402,12.80057],[108.937096,12.801496],[108.939534,12.802056],[108.940615,12.803104],[108.939928,12.806028],[108.939534,12.806372],[108.938263,12.810431],[108.928081,12.810507],[108.925068,12.810797],[108.917481,12.810959],[108.91659,12.811252],[108.915169,12.810954],[108.912876,12.809181],[108.911011,12.808689],[108.908856,12.810386],[108.907519,12.811964],[108.905904,12.812534],[108.903732,12.814532],[108.902322,12.813696],[108.900331,12.814339],[108.897027,12.8148],[108.896108,12.815281],[108.894255,12.815473],[108.891398,12.815186],[108.889033,12.815609],[108.886871,12.817095],[108.885742,12.815784],[108.884044,12.815049],[108.882365,12.81511],[108.880241,12.814061],[108.878347,12.814672],[108.874905,12.816353],[108.869872,12.816368],[108.868515,12.816112],[108.867011,12.817174],[108.865902,12.818593],[108.866148,12.820187],[108.865313,12.8223],[108.865491,12.823839],[108.863826,12.825231],[108.862098,12.824763],[108.861203,12.826876],[108.858301,12.826001],[108.857229,12.827511],[108.855504,12.828331],[108.854274,12.8294],[108.853244,12.831028],[108.853179,12.833228],[108.850249,12.833318],[108.850278,12.835515],[108.849314,12.839027],[108.85009,12.840582],[108.8499,12.841439],[108.847751,12.844629],[108.848387,12.845661],[108.848333,12.847515],[108.84967,12.848653],[108.850061,12.850371],[108.852035,12.851239],[108.851552,12.853064],[108.849958,12.854735],[108.848773,12.855271],[108.847696,12.85523],[108.845844,12.85706],[108.843493,12.856471],[108.84091,12.856691],[108.84015,12.857109],[108.839455,12.859288],[108.83781,12.860011],[108.837476,12.861307],[108.836014,12.861172],[108.834591,12.86184],[108.832787,12.861647],[108.83257,12.863359],[108.831725,12.865543],[108.830727,12.865794],[108.829445,12.867457],[108.826663,12.867971],[108.824978,12.867584],[108.82267,12.865881],[108.817491,12.869524],[108.816345,12.871208],[108.816503,12.871849],[108.818435,12.872851],[108.817059,12.875143],[108.815138,12.874997],[108.813406,12.874762],[108.81195,12.87532],[108.807569,12.873021],[108.80508,12.873921],[108.803364,12.873396],[108.801615,12.870971],[108.798882,12.871323],[108.797953,12.871121],[108.796524,12.870019],[108.796433,12.868885],[108.797125,12.868148],[108.795215,12.867216],[108.793552,12.868095],[108.788885,12.86309],[108.788024,12.864525],[108.784382,12.866608],[108.782673,12.868309],[108.778301,12.86492],[108.77547,12.863706],[108.773958,12.863499],[108.772964,12.862488],[108.770911,12.859767],[108.770205,12.858455],[108.767706,12.857531],[108.768732,12.856566],[108.768297,12.854762],[108.768312,12.851672],[108.768047,12.849363],[108.770623,12.844609],[108.770402,12.843647],[108.771206,12.842426],[108.772143,12.842403],[108.773666,12.840203],[108.773482,12.839333],[108.777293,12.833826],[108.778492,12.83387],[108.78152,12.829272],[108.782433,12.827072],[108.78359,12.826817],[108.784706,12.826003],[108.78405,12.824896],[108.78444,12.82371],[108.785987,12.821621],[108.787754,12.820132],[108.788931,12.818104],[108.790995,12.816541],[108.79143,12.814995],[108.793117,12.813883],[108.794193,12.812066],[108.795282,12.811425],[108.795789,12.810104],[108.796511,12.809616],[108.795877,12.808407],[108.795092,12.808291],[108.794373,12.805467],[108.793429,12.805529],[108.791548,12.80294],[108.790787,12.802584],[108.790634,12.800063],[108.790135,12.797625],[108.788883,12.796566],[108.787715,12.794764],[108.786868,12.792012],[108.786162,12.791022],[108.783964,12.792754],[108.783199,12.793754],[108.781533,12.795128],[108.780393,12.795241],[108.779578,12.79447],[108.776843,12.795034],[108.775793,12.795873],[108.773108,12.795148],[108.772295,12.794198],[108.770635,12.793838],[108.768634,12.795282],[108.766208,12.792616],[108.764772,12.791863],[108.762983,12.7915],[108.762232,12.789708],[108.760923,12.790312],[108.760309,12.789799],[108.759772,12.788337],[108.757167,12.78831],[108.756441,12.788057],[108.75404,12.783101],[108.753525,12.781246],[108.752753,12.781924],[108.751824,12.780828],[108.752681,12.779423],[108.755577,12.77908],[108.758082,12.779682],[108.760454,12.776857],[108.761065,12.776878],[108.761521,12.775384],[108.762602,12.774406]]]},"properties":{"@id":"relation/17916117","admin_level":"6","boundary":"administrative","name":"Xã Ea Riêng","type":"boundary"},"id":"relation/17916117"},
{"type":"Feature","geometry":{"type":"Polygon","coordinates":[[[108.596276,12.777839],[108.597025,12.776844],[108.598942,12.776454],[108.599671,12.775491],[108.601243,12.774584],[108.602262,12.774752],[108.602678,12.773193],[108.603656,12.771599],[108.605352,12.771141],[108.607116,12.769389],[108.608863,12.770341],[108.610274,12.770012],[108.61166,12.768594],[108.613608,12.769054],[108.61464,12.768259],[108.617389,12.768171],[108.618735,12.767424],[108.620394,12.769072],[108.623864,12.768592],[108.624665,12.768146],[108.626447,12.768332],[108.627956,12.769113],[108.629676,12.768623],[108.631713,12.76873],[108.637442,12.770482],[108.638424,12.769892],[108.640101,12.769516],[108.641535,12.768685],[108.642712,12.768839],[108.643638,12.768396],[108.646761,12.768045],[108.648035,12.768315],[108.649134,12.767984],[108.649979,12.769041],[108.651625,12.769468],[108.654138,12.770784],[108.652134,12.772307],[108.650552,12.775659],[108.650202,12.777515],[108.649608,12.778629],[108.647281,12.780651],[108.64682,12.78298],[108.644402,12.786146],[108.643985,12.788248],[108.644213,12.789442],[108.644944,12.790362],[108.645744,12.792547],[108.645301,12.793137],[108.646068,12.795747],[108.649028,12.797148],[108.651306,12.799376],[108.651333,12.800539],[108.653214,12.800883],[108.653942,12.801483],[108.655079,12.801372],[108.656397,12.802691],[108.658495,12.802923],[108.659636,12.804089],[108.662006,12.805099],[108.662617,12.806325],[108.663496,12.806681],[108.665601,12.806647],[108.666273,12.805694],[108.66809,12.80572],[108.669085,12.804711],[108.670096,12.804867],[108.670672,12.804018],[108.672645,12.802924],[108.673659,12.803094],[108.676643,12.801525],[108.677682,12.80223],[108.678561,12.801145],[108.679664,12.801003],[108.680019,12.802192],[108.681085,12.801789],[108.682291,12.803769],[108.685463,12.804459],[108.686101,12.803698],[108.687422,12.804921],[108.689644,12.804256],[108.69058,12.80463],[108.691947,12.804441],[108.691213,12.808798],[108.691809,12.814579],[108.69155,12.816826],[108.69094,12.818685],[108.690803,12.820576],[108.689656,12.821457],[108.688536,12.825803],[108.688632,12.829374],[108.687414,12.831662],[108.68618,12.832661],[108.682569,12.837364],[108.680956,12.840801],[108.683459,12.840695],[108.685462,12.840977],[108.687854,12.840584],[108.688739,12.841483],[108.688338,12.842817],[108.68899,12.843806],[108.689061,12.845598],[108.687497,12.8471],[108.689507,12.857931],[108.689393,12.862544],[108.689502,12.864331],[108.690437,12.872765],[108.691772,12.873314],[108.692263,12.874084],[108.693362,12.874284],[108.695313,12.873928],[108.697904,12.872592],[108.698609,12.872546],[108.699852,12.873445],[108.700991,12.873614],[108.703823,12.872621],[108.705696,12.873543],[108.70904,12.872776],[108.711598,12.871582],[108.712465,12.87159],[108.715478,12.86913],[108.71669,12.868996],[108.719984,12.869732],[108.720897,12.868382],[108.723431,12.866439],[108.726121,12.865067],[108.727027,12.864251],[108.72873,12.864238],[108.731303,12.863545],[108.732676,12.862556],[108.733088,12.861719],[108.733186,12.859795],[108.73545,12.859797],[108.737789,12.856809],[108.738915,12.855667],[108.740922,12.852902],[108.742309,12.852388],[108.742365,12.850706],[108.743436,12.850485],[108.744221,12.849733],[108.745133,12.84978],[108.746736,12.848828],[108.747701,12.848772],[108.749821,12.849471],[108.767706,12.857531],[108.770205,12.858455],[108.770911,12.859767],[108.772964,12.862488],[108.773958,12.863499],[108.77547,12.863706],[108.778301,12.86492],[108.782673,12.868309],[108.784382,12.866608],[108.788024,12.864525],[108.788885,12.86309],[108.793552,12.868095],[108.792994,12.869137],[108.791737,12.870052],[108.78924,12.871178],[108.789362,12.874569],[108.787903,12.875631],[108.78609,12.877362],[108.785596,12.880434],[108.784718,12.881613],[108.784432,12.885588],[108.783343,12.886691],[108.784717,12.890142],[108.783267,12.891],[108.782583,12.892342],[108.782376,12.893882],[108.780831,12.895132],[108.780651,12.896579],[108.7772,12.898555],[108.776067,12.898413],[108.774393,12.898916],[108.774459,12.900213],[108.773839,12.901084],[108.773827,12.902457],[108.773254,12.905521],[108.773064,12.907803],[108.772007,12.909735],[108.771423,12.91194],[108.770652,12.913403],[108.77084,12.914218],[108.770533,12.916191],[108.767699,12.917166],[108.767316,12.918186],[108.76634,12.91839],[108.765814,12.919312],[108.764015,12.920297],[108.762789,12.921672],[108.762299,12.923571],[108.76165,12.924705],[108.760636,12.927752],[108.760922,12.929518],[108.761725,12.930964],[108.760673,12.931955],[108.75764,12.933929],[108.756402,12.93358],[108.755671,12.934086],[108.755357,12.93601],[108.754543,12.936944],[108.75482,12.937781],[108.754639,12.939449],[108.753483,12.941654],[108.753604,12.942615],[108.753017,12.944611],[108.751473,12.944677],[108.750633,12.945656],[108.750014,12.945154],[108.747334,12.945973],[108.747922,12.946758],[108.743957,12.948533],[108.743036,12.947596],[108.740496,12.948202],[108.739002,12.947848],[108.737773,12.948091],[108.736751,12.947781],[108.735595,12.948295],[108.733511,12.952002],[108.732283,12.952561],[108.730945,12.951951],[108.725471,12.952278],[108.723763,12.951827],[108.722662,12.952689],[108.721263,12.952942],[108.720015,12.954144],[108.718732,12.954425],[108.719489,12.952166],[108.718756,12.951029],[108.718366,12.948827],[108.717876,12.947879],[108.71632,12.947229],[108.71549,12.946124],[108.713207,12.94509],[108.712458,12.946313],[108.711039,12.945715],[108.710333,12.943191],[108.71109,12.942722],[108.713139,12.939726],[108.714255,12.938649],[108.716916,12.936719],[108.719941,12.933735],[108.722885,12.929235],[108.72372,12.927541],[108.724115,12.925526],[108.724093,12.922682],[108.723404,12.919873],[108.722382,12.91876],[108.714724,12.91584],[108.712977,12.91545],[108.710953,12.915466],[108.709277,12.915772],[108.707168,12.915333],[108.699665,12.911693],[108.697325,12.911084],[108.689165,12.910658],[108.684356,12.910128],[108.67974,12.909248],[108.676613,12.9095],[108.674692,12.909335],[108.672185,12.908641],[108.6681,12.908067],[108.663493,12.907218],[108.658932,12.906667],[108.654904,12.905679],[108.647745,12.905155],[108.644805,12.904298],[108.643404,12.904291],[108.638847,12.903304],[108.636276,12.902501],[108.631276,12.901304],[108.627257,12.899865],[108.624005,12.899053],[108.620738,12.897568],[108.617835,12.89503],[108.616727,12.894362],[108.614571,12.893898],[108.613334,12.893071],[108.612905,12.892208],[108.612916,12.887988],[108.61275,12.885493],[108.612922,12.882655],[108.612007,12.879802],[108.610484,12.876718],[108.610859,12.871631],[108.610487,12.869258],[108.609968,12.867911],[108.609992,12.865434],[108.606809,12.865711],[108.602984,12.866829],[108.602394,12.865999],[108.600867,12.865093],[108.60029,12.864225],[108.599303,12.864271],[108.5982,12.863091],[108.597963,12.861173],[108.596289,12.860912],[108.595746,12.860128],[108.595924,12.858559],[108.594647,12.856953],[108.59495,12.85519],[108.595474,12.854688],[108.594655,12.851438],[108.593961,12.849939],[108.594737,12.847233],[108.593354,12.845013],[108.593161,12.843804],[108.592258,12.841652],[108.592172,12.840417],[108.591488,12.839072],[108.590761,12.838611],[108.590919,12.83724],[108.589741,12.834775],[108.591056,12.832844],[108.592915,12.831657],[108.593228,12.829885],[108.591795,12.828268],[108.593253,12.826997],[108.596569,12.824833],[108.597512,12.824703],[108.597659,12.823497],[108.596742,12.822481],[108.597014,12.82115],[108.595968,12.820003],[108.595653,12.818954],[108.596171,12.817569],[108.595802,12.814135],[108.594199,12.814043],[108.592117,12.81318],[108.59128,12.812091],[108.589879,12.809097],[108.589308,12.806985],[108.587412,12.805851],[108.587958,12.80443],[108.589076,12.804188],[108.587187,12.801908],[108.585179,12.799912],[108.582062,12.798649],[108.581908,12.798136],[108.582786,12.796054],[108.583892,12.794898],[108.583679,12.793945],[108.584702,12.792436],[108.585258,12.789969],[108.588231,12.78832],[108.588854,12.785782],[108.588801,12.784886],[108.590862,12.783426],[108.590613,12.782546],[108.591655,12.780533],[108.592595,12.78072],[108.593434,12.779805],[108.594375,12.779536],[108.59494,12.778115],[108.596276,12.777839]]]},"properties":{"@id":"relation/17916120","admin_level":"6","boundary":"administrative","name":"Xã Cư Prao","type":"boundary"},"id":"relation/17916120"},
{"type":"Feature","geometry":{"type":"Polygon","coordinates":[[[108.884206,12.542378],[108.881722,12.541965],[108.876411,12.540007],[108.875477,12.537263],[108.873214,12.535325],[108.864791,12.534603],[108.861884,12.536509],[108.855178,12.537315],[108.849675,12.541075],[108.846145,12.540635],[108.839117,12.542845],[108.83371,12.541064],[108.828743,12.5433],[108.824977,12.546049],[108.821881,12.546913],[108.818893,12.54585],[108.816576,12.547437],[108.814967,12.54827],[108.816152,12.549568],[108.816206,12.550191],[108.811818,12.55182],[108.809924,12.553424],[108.808699,12.55266],[108.807373,12.552521],[108.806247,12.554525],[108.808165,12.557265],[108.810868,12.562135],[108.809677,12.563664],[108.814291,12.566732],[108.816555,12.574816],[108.811297,12.582377],[108.805053,12.587759],[108.801363,12.588701],[108.802071,12.598763],[108.799067,12.597298],[108.798112,12.596072],[108.796288,12.595423],[108.793812,12.595462],[108.792843,12.594233],[108.790108,12.59191],[108.789219,12.592188],[108.787678,12.590889],[108.786286,12.591237],[108.785579,12.590515],[108.783974,12.589879],[108.783,12.588874],[108.779528,12.586671],[108.775923,12.587282],[108.775213,12.585438],[108.776033,12.584061],[108.775045,12.582871],[108.773818,12.582766],[108.772231,12.584281],[108.770432,12.585367],[108.768723,12.585557],[108.76641,12.58448],[108.765454,12.58479],[108.762007,12.58731],[108.761279,12.588827],[108.761462,12.589521],[108.760705,12.590566],[108.761326,12.59141],[108.761547,12.593517],[108.760151,12.595418],[108.758948,12.598322],[108.758372,12.598801],[108.762069,12.604218],[108.762283,12.60604],[108.761451,12.6077],[108.761488,12.610691],[108.761105,12.613801],[108.759466,12.61427],[108.759574,12.616343],[108.7579,12.617561],[108.75779,12.620947],[108.755945,12.622575],[108.754702,12.620882],[108.75374,12.620099],[108.751781,12.620821],[108.752083,12.622107],[108.751613,12.622885],[108.752386,12.623553],[108.752798,12.624716],[108.751401,12.625814],[108.752707,12.626566],[108.754177,12.626399],[108.75493,12.625834],[108.75741,12.626208],[108.759588,12.625889],[108.761202,12.626554],[108.762011,12.627494],[108.7617,12.628506],[108.762422,12.630687],[108.761986,12.632316],[108.763016,12.633484],[108.763291,12.634517],[108.764895,12.635695],[108.764974,12.637219],[108.76409,12.638471],[108.764295,12.639703],[108.76409,12.641692],[108.764699,12.643659],[108.766093,12.645479],[108.768371,12.645829],[108.770035,12.647337],[108.771683,12.647499],[108.772652,12.64942],[108.771579,12.65267],[108.770702,12.654176],[108.77088,12.656202],[108.770454,12.65852],[108.770962,12.660558],[108.769592,12.661064],[108.768749,12.662006],[108.767802,12.662287],[108.766821,12.663855],[108.765402,12.664873],[108.76485,12.666143],[108.764788,12.669309],[108.766022,12.67034],[108.767095,12.670672],[108.767244,12.672139],[108.766571,12.673151],[108.766262,12.67481],[108.763994,12.677442],[108.763329,12.680902],[108.761473,12.682304],[108.760514,12.682642],[108.758774,12.684602],[108.757929,12.686964],[108.758074,12.68806],[108.757275,12.690295],[108.753775,12.691458],[108.753158,12.691274],[108.752013,12.692603],[108.750932,12.696374],[108.749747,12.696973],[108.749462,12.698221],[108.750258,12.700875],[108.749744,12.701811],[108.749156,12.70419],[108.746274,12.705791],[108.744489,12.70846],[108.740988,12.709831],[108.739119,12.711098],[108.735112,12.704368],[108.730177,12.705299],[108.724724,12.707013],[108.723157,12.708458],[108.719984,12.710072],[108.718258,12.7107],[108.715564,12.713672],[108.714534,12.715444],[108.712868,12.715697],[108.708596,12.717817],[108.707324,12.718188],[108.705334,12.719993],[108.70432,12.720313],[108.703011,12.721477],[108.699401,12.72267],[108.685643,12.734924],[108.684418,12.733614],[108.684243,12.732111],[108.683417,12.730501],[108.682396,12.729677],[108.680577,12.729135],[108.677671,12.727663],[108.67646,12.725618],[108.675063,12.725676],[108.672896,12.72667],[108.671479,12.726571],[108.669431,12.727379],[108.665637,12.727701],[108.663996,12.726487],[108.662091,12.726126],[108.660601,12.724981],[108.659281,12.722981],[108.658192,12.722531],[108.657855,12.720462],[108.65726,12.718963],[108.65523,12.716576],[108.65438,12.713236],[108.657216,12.713047],[108.659734,12.712478],[108.660235,12.71184],[108.662084,12.711143],[108.664521,12.711133],[108.666133,12.71018],[108.66744,12.709915],[108.668092,12.708825],[108.671302,12.706555],[108.672788,12.705943],[108.67427,12.70584],[108.67505,12.705236],[108.674806,12.702818],[108.675285,12.700436],[108.675085,12.699162],[108.675519,12.69779],[108.67557,12.694356],[108.676038,12.691912],[108.675926,12.690688],[108.676511,12.689141],[108.675796,12.687812],[108.678324,12.685567],[108.678855,12.684021],[108.681449,12.681624],[108.679537,12.679202],[108.679225,12.67772],[108.67921,12.67393],[108.680888,12.672486],[108.681199,12.670974],[108.682153,12.669413],[108.683555,12.667954],[108.685428,12.668035],[108.686207,12.666129],[108.687428,12.664881],[108.689273,12.663829],[108.690524,12.663834],[108.691472,12.66317],[108.694098,12.662693],[108.694967,12.661684],[108.694214,12.65993],[108.693012,12.659904],[108.691537,12.658454],[108.691896,12.65612],[108.692587,12.654631],[108.692144,12.650675],[108.691646,12.648405],[108.691204,12.647708],[108.691273,12.64521],[108.691963,12.643308],[108.692599,12.640244],[108.692197,12.638998],[108.693907,12.637111],[108.6951,12.63485],[108.694895,12.633038],[108.693552,12.633988],[108.69234,12.63358],[108.689301,12.634105],[108.688296,12.634773],[108.687401,12.634622],[108.686639,12.633566],[108.685772,12.634193],[108.684504,12.634237],[108.682647,12.633589],[108.67923,12.634471],[108.67874,12.632553],[108.67762,12.63208],[108.678054,12.631079],[108.67794,12.627779],[108.677458,12.626043],[108.677751,12.624133],[108.677141,12.623541],[108.67501,12.6251],[108.673693,12.623549],[108.673881,12.62243],[108.674907,12.620507],[108.674645,12.619579],[108.675267,12.618914],[108.676648,12.616277],[108.677571,12.6171],[108.678751,12.61662],[108.679405,12.615471],[108.681095,12.614846],[108.681623,12.612725],[108.684049,12.611451],[108.683474,12.610178],[108.681425,12.608967],[108.681037,12.607763],[108.679728,12.606714],[108.680599,12.605803],[108.683191,12.605],[108.683985,12.604071],[108.686548,12.604673],[108.68747,12.603756],[108.689226,12.603778],[108.690004,12.601792],[108.691793,12.599974],[108.6911,12.598528],[108.69204,12.597148],[108.693106,12.597024],[108.694406,12.595666],[108.694808,12.593735],[108.694464,12.592446],[108.694492,12.590085],[108.695993,12.589593],[108.695582,12.588522],[108.697236,12.585636],[108.697976,12.58563],[108.699771,12.58438],[108.700222,12.582777],[108.701861,12.582607],[108.702995,12.581696],[108.703036,12.580975],[108.704129,12.579362],[108.704129,12.578387],[108.706605,12.576735],[108.708275,12.575284],[108.709251,12.575053],[108.711147,12.573643],[108.711938,12.571863],[108.710554,12.571315],[108.710894,12.569889],[108.708331,12.569451],[108.707599,12.568828],[108.708323,12.56777],[108.707436,12.566747],[108.708252,12.566006],[108.709857,12.565784],[108.711031,12.56418],[108.715336,12.563932],[108.716678,12.562972],[108.716493,12.562023],[108.715508,12.561204],[108.715202,12.560179],[108.717093,12.559245],[108.71836,12.557165],[108.717336,12.556815],[108.718305,12.555675],[108.718769,12.551787],[108.718758,12.551063],[108.721012,12.550375],[108.721858,12.549681],[108.720477,12.547233],[108.721545,12.546182],[108.723672,12.546356],[108.723932,12.54508],[108.725544,12.543616],[108.727975,12.543769],[108.728484,12.542418],[108.727002,12.542145],[108.723844,12.540355],[108.724858,12.539586],[108.723648,12.538718],[108.723229,12.536869],[108.722259,12.536062],[108.723091,12.534386],[108.723415,12.53247],[108.724763,12.530123],[108.728069,12.526888],[108.727823,12.525377],[108.729157,12.524132],[108.729147,12.523434],[108.727722,12.521756],[108.727296,12.519688],[108.724902,12.517093],[108.722848,12.511615],[108.722163,12.510514],[108.721412,12.508044],[108.719423,12.503458],[108.719157,12.502261],[108.718154,12.500268],[108.717068,12.49871],[108.716898,12.49785],[108.715471,12.496867],[108.714647,12.495019],[108.712928,12.492838],[108.711378,12.491878],[108.710087,12.490673],[108.707442,12.486663],[108.705061,12.482745],[108.703519,12.47991],[108.704444,12.478738],[108.703904,12.477643],[108.702569,12.477],[108.701404,12.477199],[108.699938,12.474718],[108.699915,12.473679],[108.701102,12.474428],[108.703336,12.474616],[108.703972,12.475302],[108.710288,12.479242],[108.711278,12.480797],[108.713368,12.482549],[108.714491,12.483918],[108.715414,12.483887],[108.716944,12.482903],[108.718685,12.482366],[108.720413,12.482371],[108.72103,12.480629],[108.722345,12.480529],[108.723967,12.479608],[108.727666,12.479037],[108.729517,12.477745],[108.73125,12.477025],[108.733719,12.476788],[108.735606,12.476112],[108.736277,12.476356],[108.739674,12.475956],[108.741319,12.477895],[108.74347,12.479451],[108.746699,12.479471],[108.748249,12.480556],[108.747906,12.482677],[108.74892,12.483421],[108.748456,12.485836],[108.749076,12.48748],[108.749762,12.491768],[108.750529,12.492712],[108.750519,12.494325],[108.750926,12.495074],[108.750364,12.496293],[108.750551,12.497373],[108.752536,12.497918],[108.753957,12.498981],[108.754795,12.500849],[108.756806,12.499028],[108.757492,12.499039],[108.758812,12.497996],[108.759787,12.498618],[108.761665,12.497999],[108.764158,12.497937],[108.76489,12.499238],[108.767272,12.50083],[108.767864,12.50369],[108.773097,12.503668],[108.775559,12.504223],[108.777759,12.505611],[108.779229,12.504716],[108.780691,12.503177],[108.783097,12.50138],[108.786926,12.501585],[108.78879,12.49975],[108.789749,12.499488],[108.791757,12.499749],[108.792624,12.498243],[108.794863,12.496643],[108.795011,12.49378],[108.796733,12.492624],[108.797597,12.490957],[108.796787,12.490057],[108.797189,12.489281],[108.796036,12.488182],[108.795274,12.486919],[108.795903,12.485799],[108.796925,12.485218],[108.797173,12.483986],[108.799067,12.481834],[108.799072,12.481252],[108.801204,12.480924],[108.802452,12.482024],[108.803943,12.480399],[108.804675,12.480692],[108.807259,12.482893],[108.808601,12.483491],[108.80932,12.484842],[108.810038,12.48519],[108.811567,12.484676],[108.812305,12.483857],[108.814578,12.483491],[108.816272,12.482101],[108.817888,12.481505],[108.820284,12.477949],[108.819696,12.475358],[108.822155,12.474469],[108.82364,12.474601],[108.824102,12.473888],[108.826109,12.473484],[108.828109,12.472481],[108.830172,12.470885],[108.832767,12.470303],[108.834674,12.469336],[108.833706,12.467813],[108.83409,12.466649],[108.83496,12.466429],[108.837229,12.463203],[108.838733,12.462882],[108.840264,12.462146],[108.842117,12.462487],[108.843598,12.462299],[108.84468,12.4626],[108.847381,12.462368],[108.848544,12.461125],[108.848798,12.458529],[108.850405,12.45767],[108.8534,12.458025],[108.855323,12.457912],[108.856915,12.456951],[108.857673,12.455875],[108.85895,12.456042],[108.861364,12.454345],[108.863574,12.453341],[108.86448,12.451972],[108.86583,12.452419],[108.866756,12.452126],[108.869297,12.453332],[108.870608,12.453486],[108.868139,12.455623],[108.868189,12.456577],[108.869662,12.458583],[108.869668,12.460327],[108.871365,12.467328],[108.87216,12.468299],[108.874013,12.468409],[108.876668,12.470319],[108.877694,12.473614],[108.878058,12.476056],[108.878679,12.476681],[108.878924,12.478793],[108.87878,12.480345],[108.87824,12.481454],[108.876548,12.482466],[108.874877,12.482928],[108.873939,12.484209],[108.870597,12.484938],[108.868983,12.485864],[108.867196,12.488293],[108.865633,12.489603],[108.864861,12.489789],[108.86423,12.491821],[108.86469,12.493791],[108.864461,12.495106],[108.865334,12.496408],[108.866167,12.496559],[108.86919,12.498216],[108.871631,12.498384],[108.873412,12.500615],[108.874381,12.500621],[108.874947,12.503045],[108.873917,12.504351],[108.871569,12.505684],[108.872379,12.510869],[108.873943,12.513384],[108.875966,12.512949],[108.877897,12.513294],[108.878256,12.514158],[108.8773,12.515439],[108.87677,12.51734],[108.875105,12.518695],[108.874288,12.520111],[108.874013,12.52138],[108.873224,12.522113],[108.872933,12.523634],[108.873388,12.525087],[108.873195,12.525967],[108.874748,12.528717],[108.876084,12.530581],[108.877569,12.531864],[108.879105,12.536105],[108.880287,12.538495],[108.884206,12.542378]]]},"properties":{"@id":"relation/17916123","admin_level":"6","boundary":"administrative","name":"Xã Krông Á","type":"boundary"},"id":"relation/17916123"},
{"type":"Feature","geometry":{"type":"Polygon","coordinates":[[[107.895236,12.557577],[107.896238,12.555471],[107.89575,12.553119],[107.8951,12.552401],[107.892405,12.551446],[107.89008,12.549774],[107.887957,12.547349],[107.887779,12.544466],[107.888175,12.540776],[107.8886,12.539585],[107.889641,12.539235],[107.892152,12.539177],[107.894618,12.538403],[107.895709,12.537713],[107.899263,12.534868],[107.9019,12.532398],[107.903698,12.529329],[107.904507,12.52853],[107.907703,12.52769],[107.908606,12.527174],[107.910028,12.525499],[107.910541,12.525347],[107.913103,12.525831],[107.913557,12.52779],[107.915518,12.528654],[107.919832,12.529193],[107.924331,12.530707],[107.925548,12.530711],[107.929311,12.52793],[107.930801,12.527293],[107.934628,12.52615],[107.939258,12.525024],[107.941664,12.524286],[107.945174,12.522914],[107.949249,12.520829],[107.950692,12.520373],[107.953182,12.520552],[107.955512,12.519977],[107.958539,12.518128],[107.964823,12.513546],[107.967211,12.511627],[107.969138,12.510539],[107.972428,12.509235],[107.974296,12.508028],[107.976438,12.505586],[107.977855,12.50342],[107.978972,12.500678],[107.979929,12.496078],[107.981557,12.49515],[107.98404,12.494896],[107.986287,12.495007],[107.99078,12.495473],[107.993377,12.494973],[107.997193,12.493345],[107.999688,12.49277],[108.00141,12.492845],[108.003009,12.493298],[108.005478,12.494545],[108.008084,12.497894],[108.010981,12.499435],[108.013362,12.499353],[108.01443,12.499794],[108.015582,12.501212],[108.017612,12.501649],[108.019161,12.499771],[108.020494,12.499363],[108.02272,12.498079],[108.024447,12.496027],[108.025408,12.496957],[108.025593,12.499008],[108.028155,12.501537],[108.031955,12.503032],[108.031982,12.504831],[108.03645,12.505627],[108.036507,12.508214],[108.037247,12.509448],[108.03811,12.508809],[108.039798,12.510335],[108.041343,12.509287],[108.04786,12.506389],[108.04958,12.505237],[108.050261,12.505635],[108.051996,12.504944],[108.05275,12.505697],[108.054176,12.50595],[108.055279,12.505569],[108.059334,12.505626],[108.063551,12.506989],[108.066255,12.506638],[108.068304,12.507078],[108.069436,12.506449],[108.071348,12.506275],[108.073474,12.506439],[108.074414,12.505761],[108.076337,12.506263],[108.077985,12.506973],[108.079328,12.50715],[108.081222,12.508073],[108.081393,12.509016],[108.082734,12.508644],[108.083625,12.51045],[108.08587,12.511993],[108.086916,12.511935],[108.087498,12.513189],[108.088405,12.513365],[108.088944,12.515088],[108.090417,12.516171],[108.093338,12.520143],[108.093967,12.520615],[108.098208,12.522359],[108.098171,12.524682],[108.099847,12.525315],[108.101095,12.524764],[108.101958,12.52547],[108.103082,12.525217],[108.104007,12.526338],[108.105054,12.526615],[108.106552,12.525816],[108.10779,12.526216],[108.111007,12.526119],[108.111903,12.526596],[108.113889,12.525827],[108.115428,12.525687],[108.117236,12.526641],[108.117029,12.5288],[108.117611,12.532953],[108.117249,12.534101],[108.118252,12.536589],[108.118282,12.538868],[108.118825,12.540268],[108.118174,12.542791],[108.118518,12.544227],[108.118146,12.545326],[108.118338,12.546607],[108.115478,12.548617],[108.114241,12.549014],[108.111317,12.54702],[108.108201,12.548304],[108.104776,12.547971],[108.102223,12.54628],[108.100269,12.546229],[108.097614,12.545581],[108.096971,12.54641],[108.094057,12.54665],[108.093069,12.546936],[108.09101,12.546449],[108.089067,12.545361],[108.087903,12.545716],[108.086291,12.546778],[108.084521,12.549469],[108.08538,12.552008],[108.084942,12.552821],[108.082859,12.553749],[108.082217,12.554323],[108.079174,12.554698],[108.077852,12.554441],[108.077059,12.553765],[108.073803,12.554066],[108.072048,12.553077],[108.069635,12.553366],[108.068025,12.553056],[108.065257,12.553414],[108.063946,12.553014],[108.062645,12.553802],[108.059979,12.554846],[108.058908,12.55737],[108.056736,12.55793],[108.055041,12.557176],[108.053217,12.557532],[108.051098,12.557252],[108.049985,12.558773],[108.048386,12.560182],[108.045028,12.560245],[108.042004,12.561819],[108.038735,12.561889],[108.037085,12.562967],[108.036574,12.565476],[108.036209,12.566062],[108.034822,12.565661],[108.033814,12.566151],[108.032153,12.566332],[108.031467,12.567035],[108.03038,12.566258],[108.029761,12.566858],[108.0274,12.566542],[108.025182,12.566994],[108.023769,12.567792],[108.022618,12.566596],[108.021682,12.567732],[108.020571,12.567183],[108.017707,12.566921],[108.015411,12.56707],[108.013759,12.568714],[108.014014,12.570117],[108.012225,12.571245],[108.01176,12.572633],[108.010798,12.572217],[108.009617,12.572489],[108.006232,12.572176],[108.005645,12.572986],[108.004073,12.572845],[108.003325,12.573282],[108.001981,12.573206],[108.001192,12.573841],[107.999436,12.573855],[107.998857,12.574451],[107.996442,12.575379],[107.994989,12.575387],[107.98989,12.577625],[107.987771,12.57805],[107.985129,12.577911],[107.983327,12.576681],[107.982309,12.576978],[107.981648,12.578157],[107.981842,12.58074],[107.979088,12.581884],[107.977894,12.583327],[107.976866,12.585181],[107.97654,12.586552],[107.977295,12.588105],[107.974999,12.588975],[107.973243,12.591145],[107.971803,12.591873],[107.969588,12.591903],[107.96892,12.593353],[107.965745,12.593613],[107.964675,12.592826],[107.964406,12.591227],[107.963105,12.591143],[107.963009,12.58967],[107.961691,12.588682],[107.960891,12.585678],[107.959571,12.585145],[107.958183,12.58368],[107.958189,12.581633],[107.957826,12.580822],[107.955164,12.578704],[107.95426,12.577247],[107.955721,12.574774],[107.955249,12.570973],[107.954746,12.569632],[107.953897,12.5689],[107.95295,12.566647],[107.953227,12.565318],[107.953082,12.563104],[107.952407,12.562051],[107.952132,12.560548],[107.950981,12.558487],[107.948975,12.556468],[107.945254,12.556679],[107.943069,12.557475],[107.941784,12.556535],[107.94108,12.555175],[107.939897,12.554687],[107.936936,12.554772],[107.934455,12.554119],[107.932189,12.555314],[107.931013,12.555299],[107.92866,12.556072],[107.926813,12.556069],[107.925211,12.555538],[107.924244,12.556192],[107.923413,12.558759],[107.921802,12.558218],[107.920818,12.556786],[107.919058,12.556752],[107.917261,12.557615],[107.916411,12.556608],[107.915206,12.556915],[107.912676,12.55573],[107.911152,12.555959],[107.910447,12.555502],[107.907591,12.555457],[107.903922,12.556585],[107.895236,12.557577]]]},"properties":{"@id":"relation/17938381","admin_level":"6","boundary":"administrative","name":"Xã Ea Na","type":"boundary"},"id":"relation/17938381"},
{"type":"Feature","geometry":{"type":"Polygon","coordinates":[[[108.076337,12.506263],[108.077681,12.505151],[108.078062,12.504155],[108.079323,12.503082],[108.07936,12.502228],[108.07756,12.497643],[108.07717,12.497578],[108.075525,12.490847],[108.073121,12.490955],[108.073323,12.48975],[108.072266,12.489308],[108.071818,12.488457],[108.072366,12.487651],[108.072324,12.486441],[108.070884,12.484267],[108.070656,12.482501],[108.068972,12.481894],[108.068883,12.480983],[108.065641,12.475593],[108.062428,12.474406],[108.061521,12.473213],[108.060433,12.472697],[108.058593,12.470546],[108.057489,12.469713],[108.056572,12.469615],[108.056653,12.467566],[108.057014,12.466655],[108.056945,12.464088],[108.056412,12.462851],[108.056435,12.461506],[108.057291,12.460123],[108.057343,12.458391],[108.057809,12.457444],[108.059981,12.455702],[108.059438,12.453727],[108.060595,12.451862],[108.062545,12.452111],[108.065046,12.450114],[108.066158,12.448896],[108.066684,12.447546],[108.066512,12.446729],[108.067708,12.446297],[108.069624,12.445109],[108.069899,12.441817],[108.070985,12.440145],[108.070988,12.438727],[108.071766,12.437106],[108.072877,12.433549],[108.073333,12.433685],[108.074461,12.431668],[108.074786,12.430535],[108.076306,12.430869],[108.077263,12.430626],[108.078764,12.430963],[108.080029,12.429008],[108.08105,12.429389],[108.081514,12.431641],[108.083016,12.432078],[108.083573,12.430626],[108.084976,12.429436],[108.089312,12.428353],[108.090167,12.428734],[108.091093,12.430219],[108.092439,12.431045],[108.094089,12.430041],[108.095454,12.428091],[108.096921,12.427366],[108.098253,12.427265],[108.099439,12.426214],[108.099396,12.423102],[108.100523,12.419278],[108.101103,12.418797],[108.103331,12.419935],[108.104768,12.419404],[108.106939,12.417098],[108.10763,12.417803],[108.107464,12.419441],[108.107737,12.420404],[108.1087,12.420751],[108.109484,12.419595],[108.109853,12.417475],[108.11036,12.41618],[108.111761,12.414186],[108.112496,12.414153],[108.115201,12.415341],[108.116821,12.416334],[108.119555,12.417383],[108.122353,12.417209],[108.124791,12.418025],[108.125841,12.419072],[108.125291,12.42082],[108.125259,12.422183],[108.126204,12.424278],[108.125931,12.425272],[108.123969,12.427099],[108.124634,12.427767],[108.126036,12.426811],[108.127207,12.424579],[108.12808,12.422071],[108.129035,12.421407],[108.129899,12.422054],[108.130031,12.423806],[108.129782,12.425245],[108.128412,12.428405],[108.127055,12.428488],[108.126402,12.429122],[108.127466,12.431223],[108.129764,12.431242],[108.131268,12.429919],[108.13288,12.427649],[108.136186,12.427485],[108.136144,12.428438],[108.133916,12.430735],[108.133162,12.432307],[108.133599,12.433386],[108.135032,12.43399],[108.139996,12.432177],[108.140841,12.430988],[108.140543,12.428879],[108.141692,12.428672],[108.142593,12.432421],[108.143225,12.432924],[108.144237,12.432353],[108.14626,12.432405],[108.149898,12.430666],[108.151506,12.428446],[108.153942,12.428481],[108.156658,12.429324],[108.159434,12.430587],[108.161163,12.432148],[108.160618,12.433433],[108.159043,12.435199],[108.158871,12.436079],[108.159344,12.437839],[108.160669,12.438987],[108.162528,12.439172],[108.163373,12.439668],[108.164074,12.441262],[108.163715,12.444107],[108.164011,12.445521],[108.164818,12.446862],[108.166827,12.448845],[108.168755,12.451584],[108.170432,12.454586],[108.170331,12.45641],[108.169185,12.458175],[108.168495,12.460301],[108.168086,12.463058],[108.168918,12.464347],[108.171703,12.466856],[108.173388,12.467851],[108.175748,12.467759],[108.177398,12.468022],[108.178231,12.468584],[108.178672,12.469926],[108.178251,12.470761],[108.175399,12.472699],[108.175248,12.474467],[108.177575,12.476744],[108.178012,12.477585],[108.178556,12.480227],[108.17864,12.482443],[108.178052,12.483455],[108.17681,12.484128],[108.176279,12.485331],[108.176871,12.48753],[108.176547,12.490791],[108.175182,12.491548],[108.174368,12.492535],[108.174134,12.494588],[108.171256,12.495698],[108.170479,12.497039],[108.168477,12.496216],[108.169393,12.498219],[108.169612,12.500379],[108.169156,12.501181],[108.16904,12.503438],[108.167862,12.506517],[108.167825,12.509174],[108.166991,12.509725],[108.166694,12.511012],[108.166745,12.513239],[108.165535,12.515408],[108.164975,12.516925],[108.165029,12.518301],[108.166712,12.521377],[108.167276,12.521869],[108.167087,12.523053],[108.165915,12.524523],[108.162481,12.524261],[108.159629,12.524272],[108.157904,12.523563],[108.153598,12.523052],[108.150932,12.523163],[108.148786,12.523739],[108.146851,12.522663],[108.145256,12.52312],[108.143562,12.522748],[108.142328,12.522876],[108.139978,12.522545],[108.138702,12.524165],[108.134638,12.524092],[108.133409,12.523651],[108.133136,12.522899],[108.131497,12.522071],[108.130743,12.522272],[108.130314,12.523603],[108.126325,12.522227],[108.123812,12.523849],[108.122496,12.523857],[108.121817,12.524561],[108.120486,12.524247],[108.119982,12.524928],[108.117622,12.525763],[108.117236,12.526641],[108.115428,12.525687],[108.113889,12.525827],[108.111903,12.526596],[108.111007,12.526119],[108.10779,12.526216],[108.106552,12.525816],[108.105054,12.526615],[108.104007,12.526338],[108.103082,12.525217],[108.101958,12.52547],[108.101095,12.524764],[108.099847,12.525315],[108.098171,12.524682],[108.098208,12.522359],[108.093967,12.520615],[108.093338,12.520143],[108.090417,12.516171],[108.088944,12.515088],[108.088405,12.513365],[108.087498,12.513189],[108.086916,12.511935],[108.08587,12.511993],[108.083625,12.51045],[108.082734,12.508644],[108.081393,12.509016],[108.081222,12.508073],[108.079328,12.50715],[108.077985,12.506973],[108.076337,12.506263]]]},"properties":{"@id":"relation/17938384","admin_level":"6","boundary":"administrative","name":"Xã Dur Kmăl","type":"boundary"},"id":"relation/17938384"},
{"type":"Feature","geometry":{"type":"Polygon","coordinates":[[[107.995477,12.401646],[107.995832,12.402297],[108.000631,12.402908],[108.001117,12.403623],[108.003095,12.404264],[108.00535,12.40403],[108.008002,12.404618],[108.00929,12.403993],[108.013174,12.404248],[108.01332,12.405376],[108.012745,12.409319],[108.01378,12.409787],[108.015215,12.40971],[108.016393,12.410236],[108.017837,12.410293],[108.019767,12.411245],[108.021402,12.411635],[108.020545,12.413332],[108.020456,12.414389],[108.020902,12.416073],[108.0249,12.416185],[108.026178,12.415816],[108.026931,12.416584],[108.027139,12.418037],[108.028028,12.41855],[108.030278,12.417519],[108.032804,12.419455],[108.034297,12.417782],[108.03489,12.415311],[108.035431,12.414825],[108.036968,12.415805],[108.039053,12.41668],[108.040206,12.416624],[108.042417,12.415062],[108.044408,12.415311],[108.046542,12.416405],[108.050208,12.416619],[108.051889,12.418592],[108.050652,12.419483],[108.050832,12.420379],[108.052222,12.42217],[108.052155,12.423387],[108.053311,12.424854],[108.05294,12.426258],[108.053903,12.426717],[108.055367,12.426646],[108.057619,12.427391],[108.058147,12.429219],[108.058616,12.429314],[108.059574,12.427399],[108.061145,12.427321],[108.063302,12.428834],[108.064626,12.427457],[108.066,12.426941],[108.06771,12.424858],[108.068419,12.424801],[108.073258,12.428726],[108.074786,12.430535],[108.074461,12.431668],[108.073333,12.433685],[108.072877,12.433549],[108.071766,12.437106],[108.070988,12.438727],[108.070985,12.440145],[108.069899,12.441817],[108.069624,12.445109],[108.067708,12.446297],[108.066512,12.446729],[108.066684,12.447546],[108.066158,12.448896],[108.065046,12.450114],[108.062545,12.452111],[108.060595,12.451862],[108.059438,12.453727],[108.059981,12.455702],[108.057809,12.457444],[108.057343,12.458391],[108.057291,12.460123],[108.056435,12.461506],[108.056412,12.462851],[108.056945,12.464088],[108.057014,12.466655],[108.056653,12.467566],[108.056572,12.469615],[108.057489,12.469713],[108.058593,12.470546],[108.060433,12.472697],[108.061521,12.473213],[108.062428,12.474406],[108.065641,12.475593],[108.068883,12.480983],[108.068972,12.481894],[108.070656,12.482501],[108.070884,12.484267],[108.072324,12.486441],[108.072366,12.487651],[108.071818,12.488457],[108.072266,12.489308],[108.073323,12.48975],[108.073121,12.490955],[108.075525,12.490847],[108.07717,12.497578],[108.07756,12.497643],[108.07936,12.502228],[108.079323,12.503082],[108.078062,12.504155],[108.077681,12.505151],[108.076337,12.506263],[108.074414,12.505761],[108.073474,12.506439],[108.071348,12.506275],[108.069436,12.506449],[108.068304,12.507078],[108.066255,12.506638],[108.063551,12.506989],[108.059334,12.505626],[108.055279,12.505569],[108.054176,12.50595],[108.05275,12.505697],[108.051996,12.504944],[108.050261,12.505635],[108.04958,12.505237],[108.04786,12.506389],[108.041343,12.509287],[108.039798,12.510335],[108.03811,12.508809],[108.037247,12.509448],[108.036507,12.508214],[108.03645,12.505627],[108.031982,12.504831],[108.031955,12.503032],[108.028155,12.501537],[108.025593,12.499008],[108.025408,12.496957],[108.024447,12.496027],[108.02272,12.498079],[108.020494,12.499363],[108.019161,12.499771],[108.017612,12.501649],[108.015582,12.501212],[108.01443,12.499794],[108.013362,12.499353],[108.010981,12.499435],[108.008084,12.497894],[108.005478,12.494545],[108.003009,12.493298],[108.00141,12.492845],[107.999688,12.49277],[107.997193,12.493345],[107.993377,12.494973],[107.99078,12.495473],[107.986287,12.495007],[107.986937,12.494097],[107.98824,12.493391],[107.990835,12.493282],[107.991437,12.492758],[107.99147,12.491316],[107.990332,12.489066],[107.990433,12.487258],[107.991481,12.485288],[107.993323,12.485073],[107.996344,12.486514],[107.997375,12.485716],[107.997294,12.483106],[107.997665,12.481756],[107.998674,12.480315],[108.001414,12.477351],[108.001779,12.476287],[108.001485,12.475327],[107.999719,12.473319],[107.997394,12.472429],[107.99614,12.471595],[107.995471,12.470434],[107.995166,12.466771],[107.994172,12.465714],[107.992554,12.464878],[107.991959,12.463812],[107.991752,12.459938],[107.990158,12.456284],[107.988318,12.453906],[107.98757,12.452573],[107.98577,12.447194],[107.98389,12.445775],[107.977917,12.444219],[107.976825,12.443509],[107.975049,12.441768],[107.971267,12.439135],[107.967137,12.43683],[107.965597,12.43643],[107.962923,12.43692],[107.960463,12.438001],[107.958473,12.439657],[107.956335,12.440426],[107.955032,12.441391],[107.953946,12.441634],[107.948392,12.440069],[107.945047,12.440251],[107.944477,12.439898],[107.944281,12.437581],[107.943465,12.436496],[107.941367,12.435354],[107.939842,12.433921],[107.937364,12.432357],[107.936045,12.430942],[107.933993,12.431025],[107.931844,12.431834],[107.930483,12.432035],[107.929684,12.431222],[107.930133,12.429865],[107.932265,12.428644],[107.932706,12.427403],[107.932369,12.425704],[107.930954,12.424001],[107.930164,12.423883],[107.928878,12.424675],[107.927343,12.426655],[107.926184,12.427468],[107.924265,12.428097],[107.922277,12.427721],[107.921534,12.426479],[107.922,12.424981],[107.923792,12.422872],[107.924286,12.421594],[107.924401,12.420009],[107.92401,12.416984],[107.927529,12.417064],[107.929099,12.416748],[107.93123,12.417247],[107.933328,12.416817],[107.935437,12.416899],[107.936595,12.417543],[107.939365,12.418021],[107.939834,12.417684],[107.940041,12.412824],[107.939743,12.410759],[107.940687,12.408778],[107.943226,12.408459],[107.944687,12.409085],[107.945886,12.408599],[107.946891,12.406294],[107.947658,12.405411],[107.950419,12.404867],[107.951467,12.400146],[107.954441,12.400555],[107.956867,12.399316],[107.958956,12.399552],[107.960495,12.399014],[107.961838,12.399087],[107.962377,12.398617],[107.964825,12.397882],[107.965543,12.398437],[107.969021,12.39878],[107.969633,12.398283],[107.971436,12.398524],[107.973137,12.398054],[107.973625,12.399238],[107.975596,12.399034],[107.976018,12.397575],[107.976763,12.396654],[107.980457,12.397381],[107.982433,12.398341],[107.986459,12.397588],[107.987555,12.398522],[107.989157,12.398448],[107.991398,12.399221],[107.991997,12.400105],[107.993406,12.399815],[107.993762,12.400578],[107.995477,12.401646]]]},"properties":{"@id":"relation/17938386","admin_level":"6","boundary":"administrative","name":"Xã Krông Ana","type":"boundary"},"id":"relation/17938386"},
{"type":"Feature","geometry":{"type":"Polygon","coordinates":[[[108.080801,12.568287],[108.082804,12.568578],[108.085115,12.569419],[108.085937,12.569314],[108.089915,12.569827],[108.098854,12.571128],[108.101748,12.57136],[108.104433,12.571853],[108.109033,12.572038],[108.123509,12.57223],[108.123767,12.567748],[108.128297,12.567716],[108.128815,12.569821],[108.133079,12.575794],[108.136446,12.575847],[108.141231,12.576568],[108.146493,12.580939],[108.150892,12.578445],[108.156079,12.575887],[108.157511,12.575461],[108.162442,12.575036],[108.164142,12.57418],[108.168113,12.575381],[108.170322,12.576272],[108.171726,12.577611],[108.179841,12.582672],[108.181374,12.58337],[108.182686,12.584463],[108.183293,12.586885],[108.182047,12.587691],[108.180136,12.587581],[108.179624,12.588815],[108.177408,12.591745],[108.177881,12.593092],[108.178714,12.593996],[108.17807,12.596235],[108.180613,12.598315],[108.181326,12.599928],[108.180209,12.601117],[108.179149,12.602877],[108.178798,12.605357],[108.179806,12.605786],[108.180285,12.607786],[108.180092,12.608844],[108.180457,12.611228],[108.180334,12.612606],[108.181319,12.614217],[108.181146,12.614919],[108.182358,12.617722],[108.182317,12.618659],[108.184183,12.621482],[108.185877,12.622128],[108.187969,12.623313],[108.188215,12.624209],[108.190117,12.624589],[108.190708,12.625825],[108.190642,12.627376],[108.191188,12.627619],[108.19206,12.62998],[108.191911,12.63179],[108.192257,12.632504],[108.193346,12.632403],[108.19443,12.633395],[108.194292,12.636054],[108.195215,12.637981],[108.197523,12.64121],[108.197911,12.642055],[108.198433,12.644793],[108.198319,12.646732],[108.198726,12.651314],[108.199862,12.652603],[108.202125,12.654107],[108.203602,12.656255],[108.203356,12.657418],[108.203903,12.658811],[108.203442,12.66106],[108.20321,12.66269],[108.202133,12.662495],[108.200457,12.662777],[108.193535,12.66275],[108.186489,12.663063],[108.185871,12.661963],[108.184351,12.662185],[108.182728,12.661668],[108.180968,12.659804],[108.179814,12.658055],[108.17848,12.657294],[108.177035,12.657454],[108.176045,12.6593],[108.1746,12.65996],[108.174329,12.660657],[108.173044,12.66093],[108.169163,12.658798],[108.1608,12.653243],[108.156863,12.650859],[108.154948,12.652055],[108.153957,12.655908],[108.149696,12.655654],[108.145969,12.655666],[108.145886,12.654384],[108.147216,12.650049],[108.146018,12.649433],[108.145097,12.64981],[108.144388,12.651815],[108.143199,12.652316],[108.14,12.651885],[108.137835,12.652086],[108.136266,12.652623],[108.132952,12.652545],[108.131758,12.652084],[108.12974,12.651849],[108.12823,12.650068],[108.126519,12.649564],[108.125988,12.650357],[108.124013,12.649815],[108.12296,12.649034],[108.121547,12.649038],[108.120543,12.647847],[108.119255,12.647625],[108.117793,12.648231],[108.117498,12.648806],[108.114605,12.64889],[108.113908,12.649264],[108.112268,12.648653],[108.110095,12.646315],[108.109662,12.644507],[108.108893,12.643619],[108.109562,12.6423],[108.108548,12.641987],[108.107602,12.640011],[108.105839,12.638548],[108.104387,12.636927],[108.103189,12.636295],[108.101859,12.633973],[108.096491,12.629619],[108.095331,12.630348],[108.094999,12.62925],[108.093515,12.628964],[108.091864,12.627363],[108.090616,12.628119],[108.09054,12.626705],[108.088815,12.625869],[108.086035,12.625666],[108.086742,12.6239],[108.085338,12.621898],[108.085448,12.620733],[108.08358,12.620822],[108.083194,12.621874],[108.084293,12.623151],[108.083614,12.625195],[108.082683,12.625768],[108.08239,12.626883],[108.083362,12.628453],[108.084352,12.629055],[108.084357,12.631804],[108.083691,12.632279],[108.078549,12.632914],[108.077477,12.632746],[108.075895,12.634104],[108.074318,12.633277],[108.071671,12.630791],[108.071187,12.62949],[108.069937,12.628311],[108.070664,12.627262],[108.07148,12.625265],[108.071511,12.622518],[108.070703,12.620269],[108.070959,12.619724],[108.07071,12.616171],[108.068526,12.613425],[108.068428,12.612297],[108.066605,12.612861],[108.065641,12.612548],[108.06523,12.610406],[108.06387,12.609462],[108.062826,12.609455],[108.061867,12.607307],[108.060638,12.606286],[108.061998,12.604789],[108.063739,12.604082],[108.064364,12.602852],[108.067344,12.598371],[108.068516,12.598732],[108.068977,12.59778],[108.072204,12.594879],[108.073956,12.592355],[108.074981,12.591993],[108.077011,12.592228],[108.079612,12.593101],[108.079981,12.59235],[108.081597,12.593187],[108.081817,12.576726],[108.08245,12.574862],[108.082394,12.572756],[108.081635,12.572741],[108.080248,12.571088],[108.080267,12.569518],[108.080801,12.568287]]]},"properties":{"@id":"relation/17965057","admin_level":"6","boundary":"administrative","name":"Xã Ea Ktur","type":"boundary"},"id":"relation/17965057"},
{"type":"Feature","geometry":{"type":"Polygon","coordinates":[[[108.183293,12.586885],[108.185399,12.585367],[108.186654,12.58585],[108.187694,12.585612],[108.18933,12.586848],[108.190162,12.588392],[108.191281,12.588926],[108.191794,12.590117],[108.192447,12.59307],[108.193979,12.593588],[108.19455,12.595546],[108.195331,12.59603],[108.195958,12.597261],[108.198278,12.596996],[108.197613,12.594782],[108.198578,12.594387],[108.199961,12.593073],[108.200009,12.591772],[108.201849,12.589171],[108.201874,12.588433],[108.205499,12.587911],[108.207157,12.586999],[108.208035,12.585998],[108.208803,12.5863],[108.209849,12.585352],[108.209883,12.583761],[108.211144,12.58301],[108.212362,12.581631],[108.212565,12.580486],[108.215667,12.57952],[108.216487,12.579742],[108.217466,12.578529],[108.218858,12.578453],[108.219764,12.577658],[108.220082,12.576361],[108.221161,12.577193],[108.221686,12.575887],[108.222589,12.575713],[108.222604,12.574614],[108.223282,12.574091],[108.225546,12.573526],[108.227418,12.574603],[108.227415,12.571892],[108.228137,12.5708],[108.227339,12.569506],[108.225801,12.568395],[108.22675,12.565855],[108.225181,12.565418],[108.2263,12.561706],[108.225935,12.560402],[108.224596,12.559344],[108.224768,12.557344],[108.223709,12.552561],[108.223105,12.551943],[108.223145,12.550348],[108.223736,12.546832],[108.225388,12.542806],[108.225997,12.544159],[108.226804,12.544379],[108.229763,12.543888],[108.233821,12.5439],[108.2349,12.542956],[108.236444,12.543402],[108.235103,12.54482],[108.235465,12.545908],[108.237444,12.546934],[108.23875,12.548367],[108.239689,12.548937],[108.241682,12.547992],[108.244772,12.548305],[108.246476,12.550408],[108.247435,12.550691],[108.249377,12.552097],[108.248972,12.553341],[108.252478,12.553111],[108.254229,12.554026],[108.254555,12.556037],[108.25532,12.556953],[108.255187,12.557904],[108.257464,12.558286],[108.259556,12.559777],[108.262264,12.561387],[108.263746,12.563711],[108.26614,12.564246],[108.269858,12.567061],[108.272045,12.567884],[108.27352,12.56946],[108.27545,12.569746],[108.276498,12.571644],[108.277776,12.572041],[108.278031,12.573952],[108.279254,12.57368],[108.278792,12.576012],[108.278176,12.576099],[108.277862,12.577698],[108.274794,12.586945],[108.276352,12.5868],[108.277365,12.58719],[108.27874,12.587066],[108.279774,12.58875],[108.279643,12.590211],[108.280199,12.591038],[108.281152,12.594475],[108.282055,12.596397],[108.281172,12.598216],[108.28059,12.604485],[108.280652,12.605538],[108.28022,12.608167],[108.280612,12.609684],[108.279383,12.610778],[108.27991,12.612888],[108.281471,12.614624],[108.280907,12.617086],[108.280181,12.61843],[108.281357,12.619756],[108.281529,12.621777],[108.280585,12.624027],[108.281458,12.625716],[108.282062,12.625843],[108.284018,12.624877],[108.28506,12.625471],[108.281931,12.629142],[108.280587,12.630989],[108.279306,12.632295],[108.282237,12.636886],[108.278546,12.638669],[108.27753,12.64122],[108.275387,12.642342],[108.274859,12.643154],[108.273174,12.643489],[108.270105,12.646853],[108.269666,12.646816],[108.267681,12.645178],[108.265994,12.645447],[108.263958,12.647012],[108.260455,12.647582],[108.256861,12.645456],[108.255968,12.644323],[108.255608,12.642461],[108.252508,12.641259],[108.251624,12.640293],[108.249701,12.63923],[108.247889,12.638609],[108.246853,12.638836],[108.243702,12.638786],[108.241757,12.637938],[108.239502,12.636556],[108.23698,12.636245],[108.236216,12.634824],[108.229988,12.631785],[108.228699,12.632214],[108.223191,12.632382],[108.221743,12.631288],[108.219774,12.63218],[108.219015,12.633137],[108.218787,12.635658],[108.220591,12.637479],[108.220238,12.640778],[108.220983,12.641181],[108.220383,12.64238],[108.218776,12.642375],[108.218367,12.644027],[108.216591,12.648598],[108.216021,12.648996],[108.215654,12.651273],[108.2163,12.651644],[108.21596,12.654269],[108.215332,12.655051],[108.215799,12.657232],[108.214246,12.660354],[108.213661,12.660966],[108.212451,12.661034],[108.212312,12.662641],[108.209539,12.661956],[108.208897,12.662994],[108.207625,12.662641],[108.206902,12.661202],[108.204391,12.662021],[108.203442,12.66106],[108.203903,12.658811],[108.203356,12.657418],[108.203602,12.656255],[108.202125,12.654107],[108.199862,12.652603],[108.198726,12.651314],[108.198319,12.646732],[108.198433,12.644793],[108.197911,12.642055],[108.197523,12.64121],[108.195215,12.637981],[108.194292,12.636054],[108.19443,12.633395],[108.193346,12.632403],[108.192257,12.632504],[108.191911,12.63179],[108.19206,12.62998],[108.191188,12.627619],[108.190642,12.627376],[108.190708,12.625825],[108.190117,12.624589],[108.188215,12.624209],[108.187969,12.623313],[108.185877,12.622128],[108.184183,12.621482],[108.182317,12.618659],[108.182358,12.617722],[108.181146,12.614919],[108.181319,12.614217],[108.180334,12.612606],[108.180457,12.611228],[108.180092,12.608844],[108.180285,12.607786],[108.179806,12.605786],[108.178798,12.605357],[108.179149,12.602877],[108.180209,12.601117],[108.181326,12.599928],[108.180613,12.598315],[108.17807,12.596235],[108.178714,12.593996],[108.177881,12.593092],[108.177408,12.591745],[108.179624,12.588815],[108.180136,12.587581],[108.182047,12.587691],[108.183293,12.586885]]]},"properties":{"@id":"relation/17965059","admin_level":"6","boundary":"administrative","name":"Xã Ea Ning","type":"boundary"},"id":"relation/17965059"},
{"type":"Feature","geometry":{"type":"Polygon","coordinates":[[[108.080801,12.568287],[108.080809,12.567706],[108.078859,12.567007],[108.077555,12.567594],[108.076313,12.566371],[108.07627,12.563742],[108.076635,12.562601],[108.077395,12.561974],[108.079322,12.561397],[108.079494,12.558831],[108.078706,12.556297],[108.079174,12.554698],[108.082217,12.554323],[108.082859,12.553749],[108.084942,12.552821],[108.08538,12.552008],[108.084521,12.549469],[108.086291,12.546778],[108.087903,12.545716],[108.089067,12.545361],[108.09101,12.546449],[108.093069,12.546936],[108.094057,12.54665],[108.096971,12.54641],[108.097614,12.545581],[108.100269,12.546229],[108.102223,12.54628],[108.104776,12.547971],[108.108201,12.548304],[108.111317,12.54702],[108.114241,12.549014],[108.115478,12.548617],[108.118338,12.546607],[108.118146,12.545326],[108.118518,12.544227],[108.118174,12.542791],[108.118825,12.540268],[108.118282,12.538868],[108.118252,12.536589],[108.117249,12.534101],[108.117611,12.532953],[108.117029,12.5288],[108.117236,12.526641],[108.117622,12.525763],[108.119982,12.524928],[108.120486,12.524247],[108.121817,12.524561],[108.122496,12.523857],[108.123812,12.523849],[108.126325,12.522227],[108.130314,12.523603],[108.130743,12.522272],[108.131497,12.522071],[108.133136,12.522899],[108.133409,12.523651],[108.134638,12.524092],[108.138702,12.524165],[108.139978,12.522545],[108.142328,12.522876],[108.143562,12.522748],[108.145256,12.52312],[108.146851,12.522663],[108.148786,12.523739],[108.150932,12.523163],[108.153598,12.523052],[108.157904,12.523563],[108.159629,12.524272],[108.162481,12.524261],[108.165915,12.524523],[108.167087,12.523053],[108.167276,12.521869],[108.166712,12.521377],[108.165029,12.518301],[108.164975,12.516925],[108.165535,12.515408],[108.166745,12.513239],[108.166694,12.511012],[108.166991,12.509725],[108.167825,12.509174],[108.167862,12.506517],[108.16904,12.503438],[108.169156,12.501181],[108.169612,12.500379],[108.169393,12.498219],[108.168477,12.496216],[108.170479,12.497039],[108.171256,12.495698],[108.174134,12.494588],[108.174368,12.492535],[108.175182,12.491548],[108.176547,12.490791],[108.17764,12.492812],[108.178228,12.494603],[108.177939,12.498676],[108.178179,12.499492],[108.179568,12.500428],[108.181602,12.500528],[108.182179,12.500878],[108.183108,12.502576],[108.182778,12.504321],[108.181274,12.50765],[108.181852,12.509296],[108.183917,12.510282],[108.185601,12.509355],[108.186914,12.509322],[108.187552,12.510337],[108.187296,12.512314],[108.188332,12.513525],[108.190724,12.512875],[108.194507,12.514772],[108.195001,12.518083],[108.196059,12.519102],[108.198238,12.519105],[108.200526,12.517587],[108.202629,12.518021],[108.204639,12.519301],[108.206484,12.518968],[108.206967,12.516806],[108.205339,12.51562],[108.203091,12.514476],[108.203129,12.51367],[108.204231,12.513451],[108.205763,12.514282],[108.207841,12.514201],[108.210735,12.512622],[108.212234,12.51279],[108.214226,12.514902],[108.215715,12.515649],[108.21697,12.515151],[108.218401,12.515305],[108.219941,12.51732],[108.218915,12.519434],[108.218944,12.520257],[108.220094,12.521997],[108.22225,12.52202],[108.223553,12.521148],[108.223646,12.519223],[108.224259,12.517348],[108.22391,12.515881],[108.22181,12.511651],[108.221974,12.510259],[108.223348,12.509739],[108.224907,12.510177],[108.225301,12.511943],[108.226995,12.513611],[108.227491,12.516874],[108.228372,12.51752],[108.232711,12.517958],[108.234006,12.517635],[108.236047,12.516614],[108.237272,12.516453],[108.242851,12.517665],[108.244154,12.518498],[108.245111,12.520149],[108.247199,12.523044],[108.247668,12.524925],[108.250474,12.5263],[108.251131,12.528165],[108.250876,12.529805],[108.249713,12.532392],[108.250665,12.533709],[108.249161,12.534884],[108.248361,12.540007],[108.248779,12.541384],[108.249943,12.542664],[108.251043,12.54606],[108.252059,12.546961],[108.252108,12.548649],[108.253173,12.54944],[108.253119,12.550998],[108.254117,12.5515],[108.253747,12.552349],[108.254229,12.554026],[108.252478,12.553111],[108.248972,12.553341],[108.249377,12.552097],[108.247435,12.550691],[108.246476,12.550408],[108.244772,12.548305],[108.241682,12.547992],[108.239689,12.548937],[108.23875,12.548367],[108.237444,12.546934],[108.235465,12.545908],[108.235103,12.54482],[108.236444,12.543402],[108.2349,12.542956],[108.233821,12.5439],[108.229763,12.543888],[108.226804,12.544379],[108.225997,12.544159],[108.225388,12.542806],[108.223736,12.546832],[108.223145,12.550348],[108.223105,12.551943],[108.223709,12.552561],[108.224768,12.557344],[108.224596,12.559344],[108.225935,12.560402],[108.2263,12.561706],[108.225181,12.565418],[108.22675,12.565855],[108.225801,12.568395],[108.227339,12.569506],[108.228137,12.5708],[108.227415,12.571892],[108.227418,12.574603],[108.225546,12.573526],[108.223282,12.574091],[108.222604,12.574614],[108.222589,12.575713],[108.221686,12.575887],[108.221161,12.577193],[108.220082,12.576361],[108.219764,12.577658],[108.218858,12.578453],[108.217466,12.578529],[108.216487,12.579742],[108.215667,12.57952],[108.212565,12.580486],[108.212362,12.581631],[108.211144,12.58301],[108.209883,12.583761],[108.209849,12.585352],[108.208803,12.5863],[108.208035,12.585998],[108.207157,12.586999],[108.205499,12.587911],[108.201874,12.588433],[108.201849,12.589171],[108.200009,12.591772],[108.199961,12.593073],[108.198578,12.594387],[108.197613,12.594782],[108.198278,12.596996],[108.195958,12.597261],[108.195331,12.59603],[108.19455,12.595546],[108.193979,12.593588],[108.192447,12.59307],[108.191794,12.590117],[108.191281,12.588926],[108.190162,12.588392],[108.18933,12.586848],[108.187694,12.585612],[108.186654,12.58585],[108.185399,12.585367],[108.183293,12.586885],[108.182686,12.584463],[108.181374,12.58337],[108.179841,12.582672],[108.171726,12.577611],[108.170322,12.576272],[108.168113,12.575381],[108.164142,12.57418],[108.162442,12.575036],[108.157511,12.575461],[108.156079,12.575887],[108.150892,12.578445],[108.146493,12.580939],[108.141231,12.576568],[108.136446,12.575847],[108.133079,12.575794],[108.128815,12.569821],[108.128297,12.567716],[108.123767,12.567748],[108.123509,12.57223],[108.109033,12.572038],[108.104433,12.571853],[108.101748,12.57136],[108.098854,12.571128],[108.089915,12.569827],[108.085937,12.569314],[108.085115,12.569419],[108.082804,12.568578],[108.080801,12.568287]]]},"properties":{"@id":"relation/17965063","admin_level":"6","boundary":"administrative","name":"Xã Dray Bhăng","type":"boundary"},"id":"relation/17965063"},
{"type":"Feature","geometry":{"type":"Polygon","coordinates":[[[108.282237,12.636886],[108.279306,12.632295],[108.280587,12.630989],[108.281931,12.629142],[108.28506,12.625471],[108.285416,12.626337],[108.286716,12.626454],[108.292061,12.62458],[108.29315,12.624636],[108.295042,12.624098],[108.297818,12.624513],[108.299936,12.625113],[108.301484,12.625264],[108.302568,12.625828],[108.308699,12.627086],[108.310765,12.626933],[108.312333,12.626425],[108.314242,12.626326],[108.315723,12.625574],[108.316953,12.625697],[108.317449,12.62517],[108.318834,12.625363],[108.319241,12.624488],[108.322747,12.624588],[108.323071,12.62386],[108.324785,12.624381],[108.325268,12.622795],[108.325944,12.623221],[108.328934,12.623391],[108.329264,12.624187],[108.330514,12.624465],[108.330377,12.625383],[108.331965,12.62564],[108.332971,12.626365],[108.334626,12.625472],[108.335932,12.625127],[108.336675,12.625546],[108.339964,12.624658],[108.341157,12.624673],[108.342572,12.624166],[108.344289,12.624116],[108.345966,12.624786],[108.34733,12.626198],[108.347844,12.624718],[108.347865,12.623059],[108.349123,12.62177],[108.34859,12.620107],[108.346664,12.618264],[108.347216,12.616959],[108.348836,12.614628],[108.35059,12.613186],[108.352031,12.612765],[108.353913,12.611045],[108.355656,12.610335],[108.355912,12.609349],[108.355216,12.605008],[108.354821,12.600039],[108.354025,12.59574],[108.357676,12.597089],[108.359079,12.597213],[108.361805,12.596825],[108.362871,12.596199],[108.364645,12.596203],[108.366389,12.595151],[108.367736,12.59497],[108.370063,12.595504],[108.372075,12.595146],[108.372583,12.594231],[108.373966,12.593754],[108.375178,12.590052],[108.375882,12.58932],[108.375705,12.588444],[108.375942,12.585988],[108.375715,12.584244],[108.373222,12.582718],[108.372673,12.580629],[108.371466,12.57972],[108.370825,12.578599],[108.370691,12.575277],[108.370855,12.57407],[108.372585,12.568256],[108.373596,12.567116],[108.376383,12.566165],[108.37707,12.56313],[108.377961,12.561688],[108.3782,12.560127],[108.379097,12.558355],[108.381992,12.560752],[108.382547,12.560867],[108.385021,12.559574],[108.388276,12.558784],[108.389745,12.558119],[108.390443,12.555988],[108.390564,12.554305],[108.391414,12.552522],[108.393425,12.553466],[108.393126,12.550883],[108.393916,12.5492],[108.394686,12.548881],[108.396069,12.55025],[108.398853,12.554714],[108.400325,12.555874],[108.402128,12.556132],[108.403318,12.555521],[108.40504,12.553871],[108.406725,12.555225],[108.407172,12.556289],[108.40695,12.558373],[108.405093,12.560156],[108.405529,12.561234],[108.408207,12.559437],[108.408657,12.560125],[108.408632,12.561714],[108.410202,12.563701],[108.409747,12.564392],[108.410455,12.565945],[108.409492,12.566296],[108.408875,12.569465],[108.410044,12.569151],[108.411229,12.569784],[108.411337,12.570656],[108.410783,12.572036],[108.411604,12.573738],[108.412254,12.576675],[108.413869,12.577403],[108.411101,12.578198],[108.410437,12.578889],[108.410995,12.584336],[108.409103,12.585294],[108.408556,12.586828],[108.407765,12.587365],[108.405265,12.5878],[108.402373,12.587573],[108.401201,12.58945],[108.401494,12.590365],[108.40357,12.591705],[108.403551,12.592672],[108.401402,12.593862],[108.401609,12.594796],[108.401311,12.597685],[108.401992,12.601533],[108.401682,12.602411],[108.400096,12.603741],[108.400235,12.604384],[108.401913,12.606869],[108.403543,12.607831],[108.40521,12.606292],[108.405387,12.605363],[108.407663,12.606094],[108.407722,12.609181],[108.408953,12.610063],[108.410259,12.609566],[108.409821,12.608441],[108.411141,12.607672],[108.412577,12.60783],[108.413989,12.60878],[108.41607,12.608049],[108.417064,12.608532],[108.418039,12.607555],[108.419507,12.607017],[108.420581,12.610268],[108.417925,12.611228],[108.419319,12.611894],[108.419902,12.612739],[108.420288,12.615243],[108.420878,12.616246],[108.422513,12.617517],[108.422699,12.618672],[108.424614,12.620557],[108.426554,12.621826],[108.422108,12.625953],[108.420864,12.627394],[108.41888,12.628644],[108.419722,12.630014],[108.419782,12.631404],[108.419303,12.632686],[108.421466,12.634996],[108.422011,12.636408],[108.426112,12.638198],[108.42602,12.640051],[108.425157,12.643822],[108.425281,12.644867],[108.423906,12.645135],[108.423492,12.646161],[108.422122,12.647691],[108.422463,12.648969],[108.421725,12.650236],[108.422892,12.651296],[108.420682,12.651482],[108.417699,12.652367],[108.416878,12.651646],[108.415226,12.652283],[108.411793,12.652623],[108.410962,12.653194],[108.408768,12.65312],[108.408679,12.653788],[108.406899,12.653723],[108.406127,12.652432],[108.405884,12.650555],[108.404146,12.651007],[108.403355,12.649588],[108.404049,12.648232],[108.402606,12.647698],[108.40155,12.649046],[108.400702,12.647939],[108.39948,12.648245],[108.398407,12.64796],[108.397205,12.648384],[108.398331,12.649465],[108.398462,12.651549],[108.39888,12.653224],[108.396147,12.655335],[108.395133,12.655323],[108.394305,12.654523],[108.392267,12.654536],[108.389053,12.653592],[108.383704,12.652244],[108.381436,12.655947],[108.379585,12.657784],[108.378641,12.65937],[108.378099,12.659108],[108.376919,12.662481],[108.375815,12.662931],[108.373547,12.666674],[108.373303,12.668247],[108.371421,12.668247],[108.371308,12.667524],[108.368647,12.667284],[108.367142,12.665953],[108.3646,12.664486],[108.363964,12.663548],[108.362862,12.663204],[108.36068,12.664063],[108.359554,12.666616],[108.354029,12.665279],[108.352573,12.666509],[108.353348,12.669791],[108.35308,12.672283],[108.352661,12.673507],[108.351454,12.674768],[108.350677,12.676195],[108.34977,12.676126],[108.348542,12.677997],[108.347408,12.681132],[108.346398,12.683376],[108.342057,12.682183],[108.340044,12.68193],[108.339422,12.683547],[108.338818,12.683388],[108.337941,12.686041],[108.336227,12.685628],[108.33516,12.68496],[108.335944,12.682901],[108.334996,12.681169],[108.335064,12.680571],[108.337643,12.678397],[108.338746,12.675645],[108.338574,12.670453],[108.338279,12.668809],[108.339331,12.665242],[108.341977,12.663451],[108.34204,12.662124],[108.344174,12.661476],[108.343928,12.66037],[108.342022,12.658965],[108.341264,12.658959],[108.339792,12.660134],[108.33896,12.659369],[108.335924,12.659359],[108.335028,12.658769],[108.334194,12.657418],[108.334681,12.655779],[108.334403,12.654904],[108.333007,12.654158],[108.32824,12.653037],[108.325605,12.651702],[108.319151,12.651351],[108.316154,12.651511],[108.314152,12.651343],[108.312557,12.651592],[108.311747,12.650055],[108.310482,12.646769],[108.308797,12.647343],[108.307117,12.649524],[108.306247,12.649129],[108.307001,12.647045],[108.30752,12.644793],[108.306645,12.643479],[108.304668,12.642851],[108.303279,12.64063],[108.301978,12.640247],[108.301122,12.64104],[108.300481,12.643725],[108.297602,12.643257],[108.296678,12.642636],[108.296721,12.641354],[108.295383,12.640367],[108.29414,12.640785],[108.293744,12.641506],[108.292187,12.639986],[108.290831,12.639794],[108.289739,12.641048],[108.289265,12.642372],[108.288402,12.643384],[108.286736,12.644041],[108.286073,12.643364],[108.287264,12.641549],[108.289141,12.639558],[108.288236,12.6387],[108.283042,12.637482],[108.282237,12.636886]]]},"properties":{"@id":"relation/18022777","admin_level":"6","boundary":"administrative","name":"Xã Tân Tiến","type":"boundary"},"id":"relation/18022777"},
{"type":"Feature","geometry":{"type":"Polygon","coordinates":[[[108.269666,12.646816],[108.270105,12.646853],[108.273174,12.643489],[108.274859,12.643154],[108.275387,12.642342],[108.27753,12.64122],[108.278546,12.638669],[108.282237,12.636886],[108.283042,12.637482],[108.288236,12.6387],[108.289141,12.639558],[108.287264,12.641549],[108.286073,12.643364],[108.286736,12.644041],[108.288402,12.643384],[108.289265,12.642372],[108.289739,12.641048],[108.290831,12.639794],[108.292187,12.639986],[108.293744,12.641506],[108.29414,12.640785],[108.295383,12.640367],[108.296721,12.641354],[108.296678,12.642636],[108.297602,12.643257],[108.300481,12.643725],[108.301122,12.64104],[108.301978,12.640247],[108.303279,12.64063],[108.304668,12.642851],[108.306645,12.643479],[108.30752,12.644793],[108.307001,12.647045],[108.306247,12.649129],[108.307117,12.649524],[108.308797,12.647343],[108.310482,12.646769],[108.311747,12.650055],[108.312557,12.651592],[108.314152,12.651343],[108.316154,12.651511],[108.319151,12.651351],[108.325605,12.651702],[108.32824,12.653037],[108.333007,12.654158],[108.334403,12.654904],[108.334681,12.655779],[108.334194,12.657418],[108.335028,12.658769],[108.335924,12.659359],[108.33896,12.659369],[108.339792,12.660134],[108.341264,12.658959],[108.342022,12.658965],[108.343928,12.66037],[108.344174,12.661476],[108.34204,12.662124],[108.341977,12.663451],[108.339331,12.665242],[108.338279,12.668809],[108.338574,12.670453],[108.338746,12.675645],[108.337643,12.678397],[108.335064,12.680571],[108.334996,12.681169],[108.335944,12.682901],[108.33516,12.68496],[108.336227,12.685628],[108.337941,12.686041],[108.338818,12.683388],[108.339422,12.683547],[108.340044,12.68193],[108.342057,12.682183],[108.346398,12.683376],[108.347408,12.681132],[108.348542,12.677997],[108.34977,12.676126],[108.350677,12.676195],[108.351454,12.674768],[108.352661,12.673507],[108.35308,12.672283],[108.353348,12.669791],[108.352573,12.666509],[108.354029,12.665279],[108.359554,12.666616],[108.359968,12.668121],[108.36059,12.668294],[108.360826,12.669827],[108.36133,12.67022],[108.359978,12.674286],[108.359361,12.676751],[108.36008,12.678494],[108.359287,12.680335],[108.357504,12.68019],[108.355461,12.679591],[108.353809,12.679478],[108.353009,12.681518],[108.351948,12.682676],[108.349977,12.686872],[108.34885,12.689774],[108.349184,12.691855],[108.348944,12.69347],[108.349586,12.695963],[108.351412,12.696748],[108.35184,12.694904],[108.352793,12.694742],[108.353834,12.695855],[108.354582,12.697382],[108.355848,12.698146],[108.355086,12.70217],[108.360751,12.702929],[108.36169,12.703442],[108.360702,12.704303],[108.360515,12.705419],[108.359305,12.706841],[108.358507,12.706776],[108.357302,12.707607],[108.354679,12.710601],[108.351992,12.710306],[108.35082,12.71071],[108.350381,12.711559],[108.348225,12.711128],[108.347307,12.712022],[108.346487,12.711819],[108.345666,12.713377],[108.344558,12.713204],[108.343906,12.713824],[108.341652,12.713838],[108.341626,12.714676],[108.339604,12.717639],[108.34009,12.718348],[108.339806,12.720553],[108.339113,12.72098],[108.338893,12.722488],[108.341007,12.722924],[108.340374,12.724525],[108.340841,12.725383],[108.340664,12.728403],[108.340076,12.731123],[108.338848,12.732269],[108.338703,12.733965],[108.338038,12.734881],[108.337437,12.738103],[108.337716,12.7395],[108.337685,12.742835],[108.336286,12.744071],[108.334492,12.744911],[108.335497,12.745688],[108.335704,12.746695],[108.334959,12.751338],[108.330533,12.750223],[108.330115,12.750884],[108.32997,12.753586],[108.328304,12.753549],[108.327556,12.755194],[108.326303,12.755707],[108.325936,12.75723],[108.325392,12.757571],[108.325856,12.758965],[108.325545,12.759852],[108.324371,12.760137],[108.323835,12.761623],[108.322998,12.761735],[108.322509,12.762884],[108.320687,12.763806],[108.319443,12.765216],[108.316465,12.765479],[108.31442,12.764786],[108.312755,12.765196],[108.310988,12.765148],[108.308946,12.764203],[108.308259,12.76215],[108.306742,12.75954],[108.305526,12.755582],[108.304865,12.754019],[108.302947,12.753652],[108.300004,12.756223],[108.298515,12.756723],[108.297578,12.758007],[108.295707,12.759286],[108.293587,12.759584],[108.290711,12.759683],[108.287629,12.759212],[108.286203,12.75863],[108.284406,12.75837],[108.28323,12.759138],[108.281847,12.759181],[108.280756,12.757746],[108.279542,12.756931],[108.278428,12.756756],[108.276503,12.755218],[108.274566,12.754512],[108.260527,12.754907],[108.258877,12.75699],[108.257183,12.75752],[108.258827,12.756714],[108.259992,12.754587],[108.262369,12.753529],[108.263063,12.752],[108.262771,12.750714],[108.261327,12.750455],[108.259358,12.751694],[108.258649,12.751318],[108.258169,12.749522],[108.257476,12.748456],[108.25814,12.747767],[108.260125,12.749641],[108.261316,12.749798],[108.264574,12.748823],[108.263657,12.747868],[108.260919,12.747119],[108.260152,12.746255],[108.259417,12.744173],[108.262099,12.742077],[108.263722,12.741308],[108.264233,12.738989],[108.264116,12.733991],[108.26383,12.731945],[108.263306,12.730961],[108.263525,12.723063],[108.263437,12.715077],[108.254613,12.713578],[108.254774,12.709038],[108.256019,12.70907],[108.25669,12.706321],[108.257282,12.694702],[108.256303,12.693276],[108.256488,12.691947],[108.25553,12.689172],[108.254428,12.687302],[108.254567,12.685193],[108.253698,12.685044],[108.254077,12.682317],[108.253586,12.680582],[108.252293,12.679389],[108.252813,12.678076],[108.253626,12.677691],[108.252291,12.676528],[108.252868,12.675884],[108.252497,12.674234],[108.251285,12.674297],[108.250775,12.673664],[108.251086,12.671233],[108.252532,12.669508],[108.254761,12.669076],[108.256925,12.667216],[108.258041,12.665238],[108.258896,12.665205],[108.259924,12.666142],[108.263682,12.666938],[108.26344,12.664536],[108.263052,12.663224],[108.262676,12.660006],[108.261418,12.656462],[108.262271,12.655259],[108.263196,12.655078],[108.264723,12.653795],[108.26638,12.653277],[108.267279,12.650825],[108.267923,12.649843],[108.268755,12.647421],[108.269666,12.646816]]]},"properties":{"@id":"relation/18022779","admin_level":"6","boundary":"administrative","name":"Xã Krông Pắc","type":"boundary"},"id":"relation/18022779"},
{"type":"Feature","geometry":{"type":"Polygon","coordinates":[[[108.13168,12.686614],[108.130698,12.685424],[108.130231,12.684167],[108.130598,12.682795],[108.131969,12.681504],[108.133714,12.680737],[108.134967,12.679433],[108.135164,12.678207],[108.13487,12.676583],[108.135765,12.673623],[108.136475,12.669587],[108.136797,12.668665],[108.13711,12.665311],[108.137943,12.66193],[108.146329,12.662812],[108.148009,12.662678],[108.147382,12.660242],[108.146162,12.65826],[108.145969,12.655666],[108.149696,12.655654],[108.153957,12.655908],[108.154948,12.652055],[108.156863,12.650859],[108.1608,12.653243],[108.169163,12.658798],[108.173044,12.66093],[108.174329,12.660657],[108.1746,12.65996],[108.176045,12.6593],[108.177035,12.657454],[108.17848,12.657294],[108.179814,12.658055],[108.180968,12.659804],[108.182728,12.661668],[108.184351,12.662185],[108.185871,12.661963],[108.186489,12.663063],[108.193535,12.66275],[108.200457,12.662777],[108.202133,12.662495],[108.20321,12.66269],[108.203442,12.66106],[108.204391,12.662021],[108.206902,12.661202],[108.207625,12.662641],[108.208897,12.662994],[108.209539,12.661956],[108.212312,12.662641],[108.212451,12.661034],[108.213661,12.660966],[108.214246,12.660354],[108.215799,12.657232],[108.215332,12.655051],[108.21596,12.654269],[108.2163,12.651644],[108.215654,12.651273],[108.216021,12.648996],[108.216591,12.648598],[108.218367,12.644027],[108.218776,12.642375],[108.220383,12.64238],[108.220983,12.641181],[108.220238,12.640778],[108.220591,12.637479],[108.218787,12.635658],[108.219015,12.633137],[108.219774,12.63218],[108.221743,12.631288],[108.223191,12.632382],[108.228699,12.632214],[108.229988,12.631785],[108.236216,12.634824],[108.23698,12.636245],[108.239502,12.636556],[108.241757,12.637938],[108.243702,12.638786],[108.246853,12.638836],[108.247889,12.638609],[108.249701,12.63923],[108.251624,12.640293],[108.252508,12.641259],[108.255608,12.642461],[108.255968,12.644323],[108.256861,12.645456],[108.260455,12.647582],[108.263958,12.647012],[108.265994,12.645447],[108.267681,12.645178],[108.269666,12.646816],[108.268755,12.647421],[108.267923,12.649843],[108.267279,12.650825],[108.26638,12.653277],[108.264723,12.653795],[108.263196,12.655078],[108.262271,12.655259],[108.261418,12.656462],[108.262676,12.660006],[108.263052,12.663224],[108.26344,12.664536],[108.263682,12.666938],[108.259924,12.666142],[108.258896,12.665205],[108.258041,12.665238],[108.256925,12.667216],[108.254761,12.669076],[108.252532,12.669508],[108.251086,12.671233],[108.250775,12.673664],[108.251285,12.674297],[108.252497,12.674234],[108.252868,12.675884],[108.252291,12.676528],[108.253626,12.677691],[108.252813,12.678076],[108.252293,12.679389],[108.253586,12.680582],[108.254077,12.682317],[108.253698,12.685044],[108.254567,12.685193],[108.254428,12.687302],[108.25553,12.689172],[108.256488,12.691947],[108.256303,12.693276],[108.257282,12.694702],[108.25669,12.706321],[108.256019,12.70907],[108.254774,12.709038],[108.254613,12.713578],[108.263437,12.715077],[108.263525,12.723063],[108.263306,12.730961],[108.26383,12.731945],[108.264116,12.733991],[108.264233,12.738989],[108.263722,12.741308],[108.262099,12.742077],[108.259417,12.744173],[108.260152,12.746255],[108.260919,12.747119],[108.263657,12.747868],[108.264574,12.748823],[108.261316,12.749798],[108.260125,12.749641],[108.25814,12.747767],[108.257476,12.748456],[108.258169,12.749522],[108.258649,12.751318],[108.259358,12.751694],[108.261327,12.750455],[108.262771,12.750714],[108.263063,12.752],[108.262369,12.753529],[108.259992,12.754587],[108.258827,12.756714],[108.257183,12.75752],[108.253505,12.757489],[108.252161,12.758395],[108.251773,12.759286],[108.248575,12.75909],[108.248645,12.758498],[108.237138,12.758493],[108.236929,12.75887],[108.234711,12.758886],[108.231307,12.758195],[108.227651,12.758874],[108.224784,12.75842],[108.222982,12.7567],[108.220374,12.754985],[108.219543,12.751744],[108.219913,12.749578],[108.22148,12.746766],[108.221605,12.745652],[108.217301,12.745575],[108.21694,12.746381],[108.213783,12.749513],[108.2113,12.749699],[108.208492,12.750388],[108.20566,12.750164],[108.204554,12.74845],[108.204462,12.747378],[108.202908,12.745361],[108.203051,12.742846],[108.202588,12.741683],[108.203178,12.740201],[108.202928,12.738061],[108.204381,12.73661],[108.203052,12.735772],[108.203171,12.733938],[108.199453,12.731079],[108.197333,12.731946],[108.196458,12.732592],[108.196464,12.734404],[108.195511,12.736372],[108.194186,12.736228],[108.183635,12.733035],[108.184728,12.726207],[108.185142,12.721634],[108.180066,12.720799],[108.180099,12.720559],[108.175951,12.720011],[108.173586,12.718458],[108.171517,12.717986],[108.171583,12.717265],[108.16861,12.716842],[108.168678,12.71631],[108.165881,12.715619],[108.165443,12.715106],[108.162053,12.713657],[108.16224,12.711833],[108.152405,12.710088],[108.14902,12.709591],[108.149253,12.705578],[108.150362,12.701324],[108.156491,12.703434],[108.158369,12.703646],[108.158104,12.701801],[108.15734,12.701974],[108.155415,12.701033],[108.155556,12.700229],[108.154542,12.697895],[108.152144,12.696224],[108.149342,12.695584],[108.145809,12.695911],[108.144959,12.695282],[108.143359,12.69518],[108.142371,12.695773],[108.141088,12.695795],[108.139563,12.695341],[108.138578,12.694027],[108.136475,12.693914],[108.13551,12.692759],[108.13389,12.691929],[108.132109,12.688031],[108.13168,12.686614]]]},"properties":{"@id":"relation/18022783","admin_level":"6","boundary":"administrative","name":"Xã Ea Knuếc","type":"boundary"},"id":"relation/18022783"},
{"type":"Feature","geometry":{"type":"Polygon","coordinates":[[[108.33515,12.803659],[108.334403,12.802276],[108.334267,12.800842],[108.335102,12.798503],[108.335984,12.79754],[108.33898,12.796826],[108.340284,12.795814],[108.341046,12.794599],[108.341399,12.792151],[108.342488,12.790375],[108.343869,12.789834],[108.345186,12.789989],[108.34695,12.791395],[108.348421,12.791959],[108.35148,12.791421],[108.352979,12.791508],[108.355199,12.792055],[108.35752,12.791735],[108.358966,12.79084],[108.359999,12.789507],[108.360487,12.787906],[108.360536,12.785091],[108.360974,12.781764],[108.361585,12.779393],[108.361621,12.778155],[108.362186,12.777382],[108.364914,12.776596],[108.367951,12.775051],[108.370138,12.774805],[108.371282,12.773552],[108.372203,12.776117],[108.372762,12.776432],[108.374287,12.774713],[108.375396,12.772155],[108.376248,12.770741],[108.376922,12.76889],[108.378718,12.769147],[108.379462,12.768668],[108.379177,12.766327],[108.378624,12.7649],[108.378993,12.763703],[108.378185,12.763388],[108.375278,12.763215],[108.374,12.76251],[108.374414,12.760919],[108.374373,12.759628],[108.373836,12.758719],[108.372633,12.758679],[108.373331,12.757222],[108.374175,12.757533],[108.374113,12.755472],[108.375168,12.755016],[108.376472,12.755084],[108.376189,12.754042],[108.377115,12.752801],[108.377469,12.751297],[108.377042,12.750521],[108.375342,12.749195],[108.376059,12.748338],[108.376103,12.746948],[108.377679,12.743865],[108.378787,12.744038],[108.37693,12.739738],[108.37563,12.739824],[108.375951,12.738517],[108.377016,12.737262],[108.378072,12.737263],[108.378945,12.735671],[108.380845,12.735536],[108.380164,12.734329],[108.381106,12.732555],[108.383078,12.731255],[108.382555,12.730446],[108.382518,12.728891],[108.381597,12.727917],[108.38313,12.726988],[108.384891,12.726423],[108.384715,12.725005],[108.38381,12.724795],[108.382444,12.725253],[108.382605,12.723581],[108.383791,12.722722],[108.384848,12.722673],[108.384495,12.721515],[108.385047,12.720413],[108.386559,12.721851],[108.388691,12.721135],[108.389121,12.718831],[108.387394,12.7183],[108.386319,12.717593],[108.386221,12.716149],[108.387076,12.715514],[108.38692,12.714496],[108.38842,12.71404],[108.389888,12.71223],[108.390801,12.710552],[108.390597,12.709119],[108.392171,12.707677],[108.39354,12.708376],[108.394758,12.706633],[108.395158,12.703627],[108.395817,12.702765],[108.3976,12.703182],[108.398893,12.702684],[108.399182,12.699959],[108.400404,12.699764],[108.400501,12.701121],[108.401905,12.701049],[108.403337,12.700003],[108.403281,12.697914],[108.403975,12.696971],[108.403673,12.695804],[108.405686,12.69518],[108.405421,12.694131],[108.404306,12.693494],[108.40504,12.692448],[108.405773,12.69286],[108.408116,12.692666],[108.409471,12.693577],[108.410574,12.692314],[108.412554,12.692937],[108.412389,12.691871],[108.414183,12.691366],[108.414409,12.689519],[108.416168,12.687376],[108.417789,12.68612],[108.419445,12.685635],[108.419003,12.684093],[108.421523,12.682642],[108.422608,12.682647],[108.423407,12.684536],[108.422345,12.685314],[108.42324,12.686603],[108.424451,12.687684],[108.424669,12.69071],[108.427339,12.690892],[108.431582,12.692601],[108.433347,12.691997],[108.434635,12.692091],[108.435572,12.692928],[108.436866,12.693221],[108.438231,12.693015],[108.444297,12.694747],[108.44591,12.695624],[108.446587,12.696419],[108.447783,12.696769],[108.449398,12.696529],[108.4501,12.697225],[108.450986,12.696976],[108.456422,12.697735],[108.456589,12.696309],[108.458753,12.696009],[108.4587,12.692797],[108.459716,12.693271],[108.459836,12.69636],[108.459499,12.698423],[108.458469,12.698591],[108.458421,12.699666],[108.456908,12.700789],[108.4565,12.705504],[108.457632,12.705613],[108.458724,12.708326],[108.458544,12.710166],[108.458834,12.711239],[108.459689,12.711595],[108.460089,12.71272],[108.459849,12.714271],[108.460899,12.71458],[108.460583,12.715717],[108.461615,12.717356],[108.461226,12.718397],[108.461796,12.719656],[108.459218,12.719128],[108.45823,12.719496],[108.457171,12.719052],[108.455929,12.720699],[108.452158,12.722968],[108.450001,12.723144],[108.449431,12.722648],[108.44539,12.722215],[108.443088,12.720854],[108.435151,12.720411],[108.435026,12.721917],[108.434179,12.723076],[108.433403,12.727194],[108.434044,12.728239],[108.436025,12.728734],[108.439364,12.730415],[108.443115,12.732111],[108.444157,12.735139],[108.444131,12.736009],[108.445117,12.736573],[108.445947,12.737847],[108.445586,12.738373],[108.446618,12.740699],[108.448201,12.7378],[108.451734,12.740876],[108.452032,12.74557],[108.452455,12.746334],[108.454746,12.746282],[108.455543,12.747385],[108.456363,12.746391],[108.457289,12.746943],[108.45694,12.748089],[108.456063,12.747977],[108.453941,12.74842],[108.452587,12.748051],[108.450517,12.748232],[108.450161,12.749109],[108.448955,12.749324],[108.448145,12.750593],[108.447418,12.752837],[108.446528,12.753826],[108.445532,12.75413],[108.444014,12.755972],[108.44388,12.757358],[108.442813,12.758445],[108.443518,12.75971],[108.442606,12.761256],[108.439996,12.762998],[108.43743,12.763528],[108.436679,12.767296],[108.435964,12.768343],[108.43475,12.76812],[108.433487,12.769014],[108.431565,12.771175],[108.430176,12.775824],[108.430814,12.777191],[108.429695,12.780589],[108.430362,12.781521],[108.428793,12.782713],[108.426802,12.786237],[108.425239,12.788307],[108.423101,12.790003],[108.425542,12.790557],[108.426151,12.791118],[108.425574,12.794429],[108.424169,12.795146],[108.423289,12.796412],[108.423994,12.797293],[108.422786,12.79907],[108.421377,12.80062],[108.421296,12.803836],[108.420441,12.8044],[108.41959,12.806434],[108.419746,12.807402],[108.417057,12.808605],[108.41553,12.810321],[108.414061,12.811315],[108.412577,12.812989],[108.412555,12.813929],[108.410736,12.814051],[108.40969,12.814546],[108.408482,12.814456],[108.405522,12.815468],[108.402468,12.817136],[108.401312,12.817965],[108.399004,12.820354],[108.39788,12.819904],[108.391639,12.821196],[108.386318,12.822075],[108.381742,12.826709],[108.378966,12.829052],[108.372292,12.836877],[108.370929,12.838019],[108.352564,12.834028],[108.350831,12.833305],[108.349491,12.831782],[108.347195,12.828629],[108.347574,12.826405],[108.348757,12.824033],[108.350184,12.821763],[108.352747,12.819595],[108.348392,12.816006],[108.343914,12.81399],[108.3441,12.812241],[108.34356,12.811817],[108.344346,12.80957],[108.343748,12.808138],[108.343749,12.806985],[108.341444,12.806249],[108.341568,12.805619],[108.340023,12.804923],[108.338065,12.804666],[108.337307,12.803987],[108.33515,12.803659]]]},"properties":{"@id":"relation/18033772","admin_level":"6","boundary":"administrative","name":"Xã Ea Kly","type":"boundary"},"id":"relation/18033772"},
{"type":"Feature","geometry":{"type":"Polygon","coordinates":[[[108.487458,12.599852],[108.487673,12.600602],[108.486698,12.603474],[108.487154,12.604585],[108.486917,12.605501],[108.484578,12.607443],[108.484723,12.608564],[108.486375,12.610993],[108.486224,12.612484],[108.484754,12.614666],[108.48369,12.615691],[108.480554,12.617934],[108.483886,12.62341],[108.484397,12.625991],[108.484579,12.628878],[108.484921,12.629829],[108.484962,12.631801],[108.484685,12.633376],[108.484947,12.6353],[108.484459,12.637051],[108.483864,12.637732],[108.485436,12.639701],[108.486761,12.640433],[108.487552,12.641335],[108.489271,12.645834],[108.492895,12.64883],[108.493388,12.649925],[108.493104,12.650821],[108.493802,12.652427],[108.494791,12.653254],[108.49743,12.654866],[108.497444,12.655982],[108.495076,12.656397],[108.493397,12.657522],[108.490408,12.666625],[108.489512,12.669016],[108.48884,12.669317],[108.488085,12.670601],[108.488079,12.67223],[108.486551,12.671148],[108.486792,12.673167],[108.486096,12.673494],[108.485059,12.675996],[108.485819,12.67782],[108.48498,12.679293],[108.483979,12.680045],[108.484326,12.680917],[108.482987,12.683365],[108.483014,12.685975],[108.480972,12.686301],[108.480991,12.687543],[108.482802,12.687857],[108.482471,12.689511],[108.482631,12.69101],[108.479189,12.691435],[108.479088,12.692371],[108.477253,12.692904],[108.476035,12.693841],[108.475607,12.693009],[108.475757,12.691511],[108.474419,12.692228],[108.473377,12.691461],[108.473574,12.690207],[108.475689,12.689459],[108.475364,12.688582],[108.472855,12.687922],[108.471025,12.687969],[108.467342,12.689298],[108.465187,12.690499],[108.464034,12.689889],[108.463906,12.687993],[108.462146,12.6866],[108.46091,12.686669],[108.458678,12.68577],[108.458204,12.688063],[108.459786,12.691374],[108.459716,12.693271],[108.4587,12.692797],[108.458753,12.696009],[108.456589,12.696309],[108.456422,12.697735],[108.450986,12.696976],[108.4501,12.697225],[108.449398,12.696529],[108.447783,12.696769],[108.446587,12.696419],[108.44591,12.695624],[108.444297,12.694747],[108.438231,12.693015],[108.436866,12.693221],[108.435572,12.692928],[108.434635,12.692091],[108.433347,12.691997],[108.431582,12.692601],[108.427339,12.690892],[108.424669,12.69071],[108.424451,12.687684],[108.42324,12.686603],[108.422345,12.685314],[108.423407,12.684536],[108.422608,12.682647],[108.421523,12.682642],[108.419647,12.680664],[108.418663,12.68046],[108.418064,12.678008],[108.419474,12.678097],[108.419644,12.676833],[108.418747,12.676038],[108.418257,12.674389],[108.419748,12.674475],[108.420266,12.67236],[108.419621,12.671097],[108.417823,12.670497],[108.41632,12.671343],[108.415909,12.670115],[108.416189,12.668735],[108.415006,12.668885],[108.413633,12.667438],[108.413208,12.665384],[108.413825,12.665069],[108.41272,12.663003],[108.413783,12.662526],[108.411957,12.66033],[108.410764,12.659847],[108.411753,12.658311],[108.411353,12.657779],[108.40799,12.656999],[108.406378,12.65629],[108.405853,12.655106],[108.406899,12.653723],[108.408679,12.653788],[108.408768,12.65312],[108.410962,12.653194],[108.411793,12.652623],[108.415226,12.652283],[108.416878,12.651646],[108.417699,12.652367],[108.420682,12.651482],[108.422892,12.651296],[108.421725,12.650236],[108.422463,12.648969],[108.422122,12.647691],[108.423492,12.646161],[108.423906,12.645135],[108.425281,12.644867],[108.425157,12.643822],[108.42602,12.640051],[108.426112,12.638198],[108.422011,12.636408],[108.421466,12.634996],[108.419303,12.632686],[108.419782,12.631404],[108.419722,12.630014],[108.41888,12.628644],[108.420864,12.627394],[108.422108,12.625953],[108.426554,12.621826],[108.424614,12.620557],[108.422699,12.618672],[108.422513,12.617517],[108.420878,12.616246],[108.420288,12.615243],[108.419902,12.612739],[108.419319,12.611894],[108.417925,12.611228],[108.420581,12.610268],[108.419507,12.607017],[108.418039,12.607555],[108.417064,12.608532],[108.41607,12.608049],[108.413989,12.60878],[108.412577,12.60783],[108.411141,12.607672],[108.409821,12.608441],[108.410259,12.609566],[108.408953,12.610063],[108.407722,12.609181],[108.407663,12.606094],[108.405387,12.605363],[108.40521,12.606292],[108.403543,12.607831],[108.401913,12.606869],[108.400235,12.604384],[108.400096,12.603741],[108.401682,12.602411],[108.401992,12.601533],[108.401311,12.597685],[108.401609,12.594796],[108.401402,12.593862],[108.403551,12.592672],[108.40357,12.591705],[108.401494,12.590365],[108.401201,12.58945],[108.402373,12.587573],[108.405265,12.5878],[108.407765,12.587365],[108.408556,12.586828],[108.409103,12.585294],[108.410995,12.584336],[108.410437,12.578889],[108.411101,12.578198],[108.413869,12.577403],[108.412254,12.576675],[108.411604,12.573738],[108.410783,12.572036],[108.411337,12.570656],[108.411229,12.569784],[108.410044,12.569151],[108.408875,12.569465],[108.409492,12.566296],[108.410455,12.565945],[108.409747,12.564392],[108.410202,12.563701],[108.408632,12.561714],[108.408657,12.560125],[108.408207,12.559437],[108.408928,12.558075],[108.408656,12.55722],[108.408999,12.554299],[108.410121,12.553221],[108.41111,12.553388],[108.412424,12.555259],[108.413791,12.555551],[108.414748,12.554565],[108.414501,12.553759],[108.412342,12.552782],[108.412163,12.55144],[108.413398,12.550832],[108.413744,12.54962],[108.414731,12.549512],[108.414723,12.548551],[108.409323,12.54822],[108.40836,12.547124],[108.408858,12.545936],[108.414612,12.541162],[108.415757,12.54089],[108.416952,12.541402],[108.417515,12.540125],[108.416304,12.539875],[108.416433,12.53761],[108.41674,12.537184],[108.420091,12.536486],[108.421041,12.53699],[108.421624,12.538269],[108.421793,12.539894],[108.42327,12.540063],[108.423421,12.53926],[108.424886,12.538799],[108.426602,12.539814],[108.429462,12.540637],[108.431171,12.541853],[108.430103,12.545077],[108.43228,12.54476],[108.432468,12.546334],[108.433361,12.546981],[108.436803,12.546818],[108.436166,12.545543],[108.436264,12.54472],[108.437864,12.54324],[108.438567,12.543126],[108.439217,12.544144],[108.440826,12.544705],[108.443136,12.543985],[108.445223,12.544222],[108.44585,12.547068],[108.447925,12.546587],[108.448717,12.547391],[108.44787,12.548747],[108.448205,12.549484],[108.447039,12.551976],[108.447316,12.55271],[108.445997,12.55625],[108.448802,12.558695],[108.45103,12.561772],[108.451993,12.562716],[108.452411,12.565951],[108.452413,12.568271],[108.451369,12.570215],[108.450583,12.572397],[108.451876,12.574328],[108.453003,12.57534],[108.460481,12.583542],[108.461887,12.585254],[108.463426,12.585575],[108.464861,12.587408],[108.465315,12.588443],[108.468571,12.591529],[108.47052,12.59544],[108.473604,12.59294],[108.474289,12.593427],[108.474243,12.595052],[108.474934,12.596028],[108.475206,12.597805],[108.475801,12.59879],[108.476676,12.5984],[108.478822,12.598214],[108.481885,12.599706],[108.482279,12.601035],[108.483928,12.60135],[108.485227,12.601169],[108.485675,12.600157],[108.486902,12.600506],[108.487458,12.599852]]]},"properties":{"@id":"relation/18033775","admin_level":"6","boundary":"administrative","name":"Xã Vụ Bổn","type":"boundary"},"id":"relation/18033775"},
{"type":"Feature","geometry":{"type":"Polygon","coordinates":[[[108.421523,12.682642],[108.419003,12.684093],[108.419445,12.685635],[108.417789,12.68612],[108.416168,12.687376],[108.414409,12.689519],[108.414183,12.691366],[108.412389,12.691871],[108.412554,12.692937],[108.410574,12.692314],[108.409471,12.693577],[108.408116,12.692666],[108.405773,12.69286],[108.40504,12.692448],[108.404306,12.693494],[108.405421,12.694131],[108.405686,12.69518],[108.403673,12.695804],[108.403975,12.696971],[108.403281,12.697914],[108.403337,12.700003],[108.401905,12.701049],[108.400501,12.701121],[108.400404,12.699764],[108.399182,12.699959],[108.398893,12.702684],[108.3976,12.703182],[108.395817,12.702765],[108.395158,12.703627],[108.394758,12.706633],[108.39354,12.708376],[108.392171,12.707677],[108.390597,12.709119],[108.390801,12.710552],[108.389888,12.71223],[108.38842,12.71404],[108.38692,12.714496],[108.387076,12.715514],[108.386221,12.716149],[108.386319,12.717593],[108.387394,12.7183],[108.389121,12.718831],[108.388691,12.721135],[108.386559,12.721851],[108.385047,12.720413],[108.384495,12.721515],[108.384848,12.722673],[108.383791,12.722722],[108.382605,12.723581],[108.382444,12.725253],[108.38381,12.724795],[108.384715,12.725005],[108.384891,12.726423],[108.38313,12.726988],[108.381597,12.727917],[108.382518,12.728891],[108.382555,12.730446],[108.383078,12.731255],[108.381106,12.732555],[108.380164,12.734329],[108.380845,12.735536],[108.378945,12.735671],[108.378072,12.737263],[108.377016,12.737262],[108.375951,12.738517],[108.37563,12.739824],[108.37693,12.739738],[108.378787,12.744038],[108.377679,12.743865],[108.376103,12.746948],[108.376059,12.748338],[108.375342,12.749195],[108.377042,12.750521],[108.377469,12.751297],[108.377115,12.752801],[108.376189,12.754042],[108.376472,12.755084],[108.375168,12.755016],[108.374113,12.755472],[108.374175,12.757533],[108.373331,12.757222],[108.372633,12.758679],[108.373836,12.758719],[108.374373,12.759628],[108.374414,12.760919],[108.374,12.76251],[108.375278,12.763215],[108.378185,12.763388],[108.378993,12.763703],[108.378624,12.7649],[108.379177,12.766327],[108.379462,12.768668],[108.378718,12.769147],[108.376922,12.76889],[108.376248,12.770741],[108.375396,12.772155],[108.374287,12.774713],[108.372762,12.776432],[108.372203,12.776117],[108.371282,12.773552],[108.370138,12.774805],[108.367951,12.775051],[108.364914,12.776596],[108.362186,12.777382],[108.361621,12.778155],[108.361585,12.779393],[108.360974,12.781764],[108.360536,12.785091],[108.360487,12.787906],[108.359999,12.789507],[108.358966,12.79084],[108.35752,12.791735],[108.355199,12.792055],[108.352979,12.791508],[108.35148,12.791421],[108.348421,12.791959],[108.34695,12.791395],[108.345186,12.789989],[108.343869,12.789834],[108.342488,12.790375],[108.341399,12.792151],[108.341046,12.794599],[108.340284,12.795814],[108.33898,12.796826],[108.335984,12.79754],[108.335102,12.798503],[108.334267,12.800842],[108.334403,12.802276],[108.33515,12.803659],[108.333664,12.803003],[108.315314,12.793791],[108.313885,12.791681],[108.311254,12.786837],[108.310574,12.785313],[108.309939,12.781762],[108.309056,12.778295],[108.308854,12.772905],[108.30914,12.766085],[108.308946,12.764203],[108.310988,12.765148],[108.312755,12.765196],[108.31442,12.764786],[108.316465,12.765479],[108.319443,12.765216],[108.320687,12.763806],[108.322509,12.762884],[108.322998,12.761735],[108.323835,12.761623],[108.324371,12.760137],[108.325545,12.759852],[108.325856,12.758965],[108.325392,12.757571],[108.325936,12.75723],[108.326303,12.755707],[108.327556,12.755194],[108.328304,12.753549],[108.32997,12.753586],[108.330115,12.750884],[108.330533,12.750223],[108.334959,12.751338],[108.335704,12.746695],[108.335497,12.745688],[108.334492,12.744911],[108.336286,12.744071],[108.337685,12.742835],[108.337716,12.7395],[108.337437,12.738103],[108.338038,12.734881],[108.338703,12.733965],[108.338848,12.732269],[108.340076,12.731123],[108.340664,12.728403],[108.340841,12.725383],[108.340374,12.724525],[108.341007,12.722924],[108.338893,12.722488],[108.339113,12.72098],[108.339806,12.720553],[108.34009,12.718348],[108.339604,12.717639],[108.341626,12.714676],[108.341652,12.713838],[108.343906,12.713824],[108.344558,12.713204],[108.345666,12.713377],[108.346487,12.711819],[108.347307,12.712022],[108.348225,12.711128],[108.350381,12.711559],[108.35082,12.71071],[108.351992,12.710306],[108.354679,12.710601],[108.357302,12.707607],[108.358507,12.706776],[108.359305,12.706841],[108.360515,12.705419],[108.360702,12.704303],[108.36169,12.703442],[108.360751,12.702929],[108.355086,12.70217],[108.355848,12.698146],[108.354582,12.697382],[108.353834,12.695855],[108.352793,12.694742],[108.35184,12.694904],[108.351412,12.696748],[108.349586,12.695963],[108.348944,12.69347],[108.349184,12.691855],[108.34885,12.689774],[108.349977,12.686872],[108.351948,12.682676],[108.353009,12.681518],[108.353809,12.679478],[108.355461,12.679591],[108.357504,12.68019],[108.359287,12.680335],[108.36008,12.678494],[108.359361,12.676751],[108.359978,12.674286],[108.36133,12.67022],[108.360826,12.669827],[108.36059,12.668294],[108.359968,12.668121],[108.359554,12.666616],[108.36068,12.664063],[108.362862,12.663204],[108.363964,12.663548],[108.3646,12.664486],[108.367142,12.665953],[108.368647,12.667284],[108.371308,12.667524],[108.371421,12.668247],[108.373303,12.668247],[108.373547,12.666674],[108.375815,12.662931],[108.376919,12.662481],[108.378099,12.659108],[108.378641,12.65937],[108.379585,12.657784],[108.381436,12.655947],[108.383704,12.652244],[108.389053,12.653592],[108.392267,12.654536],[108.394305,12.654523],[108.395133,12.655323],[108.396147,12.655335],[108.39888,12.653224],[108.398462,12.651549],[108.398331,12.649465],[108.397205,12.648384],[108.398407,12.64796],[108.39948,12.648245],[108.400702,12.647939],[108.40155,12.649046],[108.402606,12.647698],[108.404049,12.648232],[108.403355,12.649588],[108.404146,12.651007],[108.405884,12.650555],[108.406127,12.652432],[108.406899,12.653723],[108.405853,12.655106],[108.406378,12.65629],[108.40799,12.656999],[108.411353,12.657779],[108.411753,12.658311],[108.410764,12.659847],[108.411957,12.66033],[108.413783,12.662526],[108.41272,12.663003],[108.413825,12.665069],[108.413208,12.665384],[108.413633,12.667438],[108.415006,12.668885],[108.416189,12.668735],[108.415909,12.670115],[108.41632,12.671343],[108.417823,12.670497],[108.419621,12.671097],[108.420266,12.67236],[108.419748,12.674475],[108.418257,12.674389],[108.418747,12.676038],[108.419644,12.676833],[108.419474,12.678097],[108.418064,12.678008],[108.418663,12.68046],[108.419647,12.680664],[108.421523,12.682642]]]},"properties":{"@id":"relation/18033776","admin_level":"6","boundary":"administrative","name":"Xã Ea Phê","type":"boundary"},"id":"relation/18033776"},
{"type":"Feature","geometry":{"type":"Polygon","coordinates":[[[108.529329,12.709753],[108.528643,12.711166],[108.528575,12.713183],[108.529,12.714923],[108.531114,12.720508],[108.535242,12.732552],[108.537667,12.735377],[108.538233,12.736293],[108.541853,12.744824],[108.542712,12.748201],[108.545462,12.756674],[108.546707,12.759409],[108.547067,12.761887],[108.544537,12.762264],[108.543302,12.76411],[108.543117,12.767109],[108.54371,12.7696],[108.54349,12.771766],[108.543969,12.773018],[108.544412,12.775546],[108.543327,12.777028],[108.540984,12.778157],[108.540269,12.779244],[108.538654,12.78027],[108.537025,12.780933],[108.535093,12.781231],[108.532975,12.781985],[108.529249,12.784704],[108.524524,12.787545],[108.52419,12.789572],[108.522903,12.791772],[108.520467,12.794103],[108.519965,12.795748],[108.520306,12.797623],[108.521072,12.798735],[108.524281,12.802213],[108.52528,12.803921],[108.525811,12.805526],[108.526463,12.810949],[108.525881,12.812569],[108.525192,12.813239],[108.526073,12.815935],[108.527343,12.816739],[108.527582,12.817926],[108.526714,12.819618],[108.525229,12.819553],[108.523951,12.820839],[108.521633,12.82133],[108.520282,12.822236],[108.518795,12.821656],[108.516416,12.81965],[108.515326,12.81998],[108.514976,12.821753],[108.514121,12.823164],[108.513922,12.825519],[108.512988,12.826148],[108.511259,12.826227],[108.510536,12.827112],[108.510313,12.829862],[108.509149,12.830712],[108.508539,12.829446],[108.507452,12.828422],[108.506187,12.827841],[108.506344,12.826233],[108.506894,12.825579],[108.505978,12.824363],[108.503083,12.826503],[108.499641,12.826332],[108.499094,12.827258],[108.498035,12.827003],[108.497073,12.825328],[108.495888,12.824614],[108.495458,12.825953],[108.494122,12.827396],[108.494761,12.828218],[108.497737,12.829037],[108.497807,12.830297],[108.49422,12.830098],[108.494078,12.83144],[108.495051,12.833816],[108.494562,12.834676],[108.49257,12.834522],[108.492791,12.836979],[108.4906,12.8375],[108.490797,12.840208],[108.489818,12.84132],[108.489781,12.842826],[108.489319,12.84452],[108.486794,12.845074],[108.486099,12.845992],[108.48656,12.847217],[108.485361,12.848073],[108.484958,12.848993],[108.485636,12.850541],[108.483037,12.853305],[108.481329,12.853095],[108.480627,12.853471],[108.481598,12.854623],[108.479583,12.855363],[108.479037,12.85602],[108.479768,12.859568],[108.479272,12.86026],[108.479678,12.861425],[108.481888,12.862009],[108.484267,12.865934],[108.48544,12.866587],[108.485225,12.867487],[108.48638,12.871324],[108.486633,12.872859],[108.487653,12.87615],[108.488188,12.876945],[108.488746,12.880507],[108.48609,12.880931],[108.485851,12.882315],[108.484878,12.881691],[108.483826,12.883392],[108.481708,12.883914],[108.481708,12.885282],[108.480152,12.886356],[108.478815,12.886567],[108.477999,12.886078],[108.476533,12.887173],[108.474513,12.886165],[108.471547,12.887453],[108.470623,12.888613],[108.470784,12.890176],[108.468167,12.890515],[108.466417,12.892856],[108.463577,12.893867],[108.462843,12.893045],[108.460957,12.891981],[108.460237,12.893141],[108.457953,12.894549],[108.45687,12.894811],[108.455348,12.894483],[108.453968,12.894885],[108.452417,12.895776],[108.450934,12.894887],[108.449995,12.895716],[108.448743,12.896002],[108.447784,12.896732],[108.447033,12.895482],[108.446863,12.893939],[108.445463,12.891074],[108.444124,12.888887],[108.44332,12.886393],[108.44251,12.886348],[108.442491,12.883347],[108.441123,12.882577],[108.440241,12.881493],[108.440487,12.878967],[108.438881,12.87857],[108.438731,12.877244],[108.437516,12.875735],[108.43545,12.871897],[108.434171,12.870197],[108.433768,12.870589],[108.428699,12.868432],[108.426545,12.868715],[108.423834,12.868772],[108.422125,12.869151],[108.419985,12.868375],[108.418128,12.868226],[108.416799,12.868764],[108.415005,12.86748],[108.413435,12.865166],[108.411777,12.864604],[108.410189,12.864727],[108.408931,12.864277],[108.408717,12.862332],[108.405762,12.860486],[108.402976,12.858223],[108.399016,12.859411],[108.395373,12.860062],[108.393721,12.859507],[108.392097,12.859581],[108.391091,12.858971],[108.38919,12.859441],[108.388276,12.858043],[108.386248,12.858873],[108.384467,12.856919],[108.383295,12.854814],[108.381664,12.854492],[108.381674,12.853273],[108.380894,12.851848],[108.379663,12.851576],[108.378962,12.850594],[108.379117,12.849093],[108.377201,12.8488],[108.376192,12.847955],[108.376536,12.845656],[108.374749,12.845033],[108.374116,12.843695],[108.372109,12.84341],[108.371382,12.842966],[108.372099,12.841171],[108.371923,12.839393],[108.370929,12.838019],[108.372292,12.836877],[108.378966,12.829052],[108.381742,12.826709],[108.386318,12.822075],[108.391639,12.821196],[108.39788,12.819904],[108.399004,12.820354],[108.401312,12.817965],[108.402468,12.817136],[108.405522,12.815468],[108.408482,12.814456],[108.40969,12.814546],[108.410736,12.814051],[108.412555,12.813929],[108.412577,12.812989],[108.414061,12.811315],[108.41553,12.810321],[108.417057,12.808605],[108.419746,12.807402],[108.41959,12.806434],[108.420441,12.8044],[108.421296,12.803836],[108.421377,12.80062],[108.422786,12.79907],[108.423994,12.797293],[108.423289,12.796412],[108.424169,12.795146],[108.425574,12.794429],[108.426151,12.791118],[108.425542,12.790557],[108.423101,12.790003],[108.425239,12.788307],[108.426802,12.786237],[108.428793,12.782713],[108.430362,12.781521],[108.429695,12.780589],[108.430814,12.777191],[108.430176,12.775824],[108.431565,12.771175],[108.433487,12.769014],[108.43475,12.76812],[108.435964,12.768343],[108.436679,12.767296],[108.43743,12.763528],[108.439996,12.762998],[108.442606,12.761256],[108.443518,12.75971],[108.442813,12.758445],[108.44388,12.757358],[108.444014,12.755972],[108.445532,12.75413],[108.446528,12.753826],[108.447418,12.752837],[108.448145,12.750593],[108.448955,12.749324],[108.450161,12.749109],[108.450517,12.748232],[108.452587,12.748051],[108.453941,12.74842],[108.456063,12.747977],[108.45694,12.748089],[108.457289,12.746943],[108.456363,12.746391],[108.455543,12.747385],[108.454746,12.746282],[108.452455,12.746334],[108.452032,12.74557],[108.451734,12.740876],[108.448201,12.7378],[108.446618,12.740699],[108.445586,12.738373],[108.445947,12.737847],[108.445117,12.736573],[108.444131,12.736009],[108.444157,12.735139],[108.443115,12.732111],[108.439364,12.730415],[108.436025,12.728734],[108.434044,12.728239],[108.433403,12.727194],[108.434179,12.723076],[108.435026,12.721917],[108.435151,12.720411],[108.443088,12.720854],[108.44539,12.722215],[108.449431,12.722648],[108.450001,12.723144],[108.452158,12.722968],[108.455929,12.720699],[108.457171,12.719052],[108.45823,12.719496],[108.459218,12.719128],[108.461796,12.719656],[108.462061,12.718636],[108.463675,12.718129],[108.466421,12.719337],[108.466476,12.720205],[108.46927,12.721731],[108.471062,12.721108],[108.471542,12.719828],[108.473712,12.719345],[108.474347,12.718079],[108.476555,12.717462],[108.475877,12.715317],[108.476456,12.713735],[108.478205,12.712788],[108.478827,12.712013],[108.478886,12.710344],[108.480419,12.711067],[108.481626,12.709588],[108.483286,12.710062],[108.483319,12.711016],[108.484087,12.712348],[108.485034,12.712895],[108.486158,12.712628],[108.4884,12.71076],[108.489346,12.712638],[108.489115,12.716949],[108.489581,12.719168],[108.488799,12.72015],[108.488781,12.721736],[108.490883,12.723313],[108.492144,12.725318],[108.492968,12.72458],[108.493755,12.724863],[108.495374,12.723636],[108.496677,12.723476],[108.497175,12.721916],[108.499086,12.720466],[108.502291,12.719996],[108.503138,12.718104],[108.504726,12.717936],[108.506953,12.718858],[108.508742,12.718045],[108.510796,12.717497],[108.512553,12.717788],[108.514519,12.718756],[108.516416,12.719222],[108.518388,12.719316],[108.5202,12.718989],[108.522263,12.717147],[108.524961,12.714154],[108.526234,12.710488],[108.526802,12.709991],[108.529329,12.709753]]]},"properties":{"@id":"relation/18115030","admin_level":"6","boundary":"administrative","name":"Xã Ea Kar","type":"boundary"},"id":"relation/18115030"},
{"type":"Feature","geometry":{"type":"Polygon","coordinates":[[[108.596276,12.777839],[108.59494,12.778115],[108.594375,12.779536],[108.593434,12.779805],[108.592595,12.78072],[108.591655,12.780533],[108.590613,12.782546],[108.590862,12.783426],[108.588801,12.784886],[108.588854,12.785782],[108.588231,12.78832],[108.585258,12.789969],[108.584702,12.792436],[108.583679,12.793945],[108.583892,12.794898],[108.582786,12.796054],[108.581908,12.798136],[108.582062,12.798649],[108.585179,12.799912],[108.587187,12.801908],[108.589076,12.804188],[108.587958,12.80443],[108.587412,12.805851],[108.589308,12.806985],[108.589879,12.809097],[108.59128,12.812091],[108.592117,12.81318],[108.594199,12.814043],[108.595802,12.814135],[108.596171,12.817569],[108.595653,12.818954],[108.595968,12.820003],[108.597014,12.82115],[108.596742,12.822481],[108.597659,12.823497],[108.597512,12.824703],[108.596569,12.824833],[108.593253,12.826997],[108.591795,12.828268],[108.593228,12.829885],[108.592915,12.831657],[108.591056,12.832844],[108.589741,12.834775],[108.590919,12.83724],[108.590761,12.838611],[108.591488,12.839072],[108.592172,12.840417],[108.592258,12.841652],[108.593161,12.843804],[108.593354,12.845013],[108.594737,12.847233],[108.593961,12.849939],[108.594655,12.851438],[108.595474,12.854688],[108.59495,12.85519],[108.594647,12.856953],[108.595924,12.858559],[108.595746,12.860128],[108.596289,12.860912],[108.597963,12.861173],[108.5982,12.863091],[108.599303,12.864271],[108.60029,12.864225],[108.600867,12.865093],[108.602394,12.865999],[108.602984,12.866829],[108.606809,12.865711],[108.609992,12.865434],[108.609968,12.867911],[108.610487,12.869258],[108.610859,12.871631],[108.610484,12.876718],[108.612007,12.879802],[108.612922,12.882655],[108.61275,12.885493],[108.612916,12.887988],[108.612905,12.892208],[108.613334,12.893071],[108.614571,12.893898],[108.616727,12.894362],[108.617835,12.89503],[108.620738,12.897568],[108.624005,12.899053],[108.627257,12.899865],[108.631276,12.901304],[108.636276,12.902501],[108.638847,12.903304],[108.643404,12.904291],[108.644805,12.904298],[108.647745,12.905155],[108.654904,12.905679],[108.658932,12.906667],[108.663493,12.907218],[108.6681,12.908067],[108.672185,12.908641],[108.674692,12.909335],[108.676613,12.9095],[108.67974,12.909248],[108.684356,12.910128],[108.689165,12.910658],[108.697325,12.911084],[108.699665,12.911693],[108.707168,12.915333],[108.709277,12.915772],[108.710953,12.915466],[108.712977,12.91545],[108.714724,12.91584],[108.722382,12.91876],[108.723404,12.919873],[108.724093,12.922682],[108.724115,12.925526],[108.72372,12.927541],[108.722885,12.929235],[108.719941,12.933735],[108.716916,12.936719],[108.714255,12.938649],[108.713139,12.939726],[108.71109,12.942722],[108.710333,12.943191],[108.708708,12.943073],[108.707006,12.942123],[108.705413,12.9421],[108.704143,12.942845],[108.702723,12.945141],[108.701236,12.946712],[108.700366,12.948277],[108.700476,12.949112],[108.702379,12.950083],[108.703545,12.951162],[108.704466,12.953538],[108.704883,12.956918],[108.705314,12.958936],[108.705731,12.963336],[108.705559,12.964559],[108.704646,12.966094],[108.702083,12.967781],[108.699248,12.96899],[108.695099,12.971082],[108.693305,12.971676],[108.692138,12.972839],[108.691987,12.973822],[108.692283,12.977107],[108.692074,12.978772],[108.690856,12.980675],[108.688152,12.98159],[108.681908,12.981569],[108.678925,12.982886],[108.677906,12.983817],[108.67741,12.98599],[108.676597,12.987134],[108.674208,12.989627],[108.672865,12.992333],[108.672556,12.993848],[108.67288,12.99446],[108.675451,12.996166],[108.674523,12.99709],[108.673901,12.999004],[108.670154,13.002349],[108.6681,13.003115],[108.663272,13.003052],[108.661341,13.002143],[108.65818,12.999561],[108.657253,12.999258],[108.655912,13.000052],[108.653208,13.001077],[108.651182,13.002219],[108.649747,13.003572],[108.648541,13.00512],[108.645317,13.008405],[108.645269,13.009868],[108.644802,13.010945],[108.643294,13.010492],[108.641213,13.010807],[108.638756,13.010725],[108.634948,13.010349],[108.634508,13.01014],[108.630828,13.010056],[108.628099,13.009391],[108.627412,13.007785],[108.624992,13.008332],[108.622949,13.008513],[108.620818,13.009659],[108.618672,13.009711],[108.618135,13.010286],[108.616985,13.009011],[108.614445,13.007527],[108.612696,13.011363],[108.611854,13.012478],[108.609628,13.013867],[108.608093,13.015847],[108.606655,13.018683],[108.605651,13.019508],[108.604439,13.019715],[108.603555,13.019297],[108.602316,13.017933],[108.600567,13.018092],[108.598824,13.02168],[108.593797,13.026739],[108.591753,13.029781],[108.59028,13.029027],[108.588944,13.029098],[108.587585,13.028641],[108.585603,13.029061],[108.581067,13.028349],[108.578728,13.028511],[108.577554,13.028077],[108.575856,13.026766],[108.575478,13.025422],[108.574445,13.024069],[108.57286,13.023578],[108.570414,13.021696],[108.569516,13.020029],[108.568171,13.019741],[108.542926,13.029656],[108.540008,13.03138],[108.536253,13.032666],[108.531876,13.032823],[108.530073,13.033994],[108.528587,13.03412],[108.525458,13.033621],[108.523153,13.032961],[108.520338,13.032859],[108.517733,13.033928],[108.514769,13.033899],[108.513159,13.034457],[108.511158,13.033654],[108.508106,13.033753],[108.505706,13.031559],[108.504029,13.030988],[108.500515,13.031319],[108.497716,13.031873],[108.496551,13.032567],[108.495569,13.032577],[108.494942,13.03172],[108.495862,13.030442],[108.494352,13.028522],[108.492324,13.027168],[108.49337,13.026029],[108.492892,13.025422],[108.492522,13.023442],[108.493541,13.023001],[108.49392,13.021421],[108.493287,13.021108],[108.491584,13.02155],[108.488804,13.020781],[108.479776,13.020787],[108.478226,13.021283],[108.477459,13.021048],[108.475764,13.018837],[108.477035,13.017839],[108.478854,13.01752],[108.478725,13.016736],[108.479605,13.01522],[108.479503,13.013459],[108.480152,13.012926],[108.480136,13.011373],[108.481266,13.007282],[108.481233,13.000284],[108.481429,12.991877],[108.481649,12.986796],[108.482244,12.985798],[108.482004,12.984166],[108.482035,12.980963],[108.481547,12.979975],[108.482451,12.978154],[108.488215,12.975997],[108.495017,12.973561],[108.497688,12.972735],[108.498659,12.972183],[108.497849,12.971205],[108.496921,12.967676],[108.496869,12.966555],[108.496032,12.965053],[108.497036,12.962768],[108.497002,12.959335],[108.497393,12.957677],[108.497127,12.954766],[108.498913,12.951922],[108.498156,12.95016],[108.498511,12.949153],[108.498422,12.947521],[108.499183,12.946922],[108.499496,12.945336],[108.501101,12.943172],[108.501569,12.939944],[108.50147,12.938989],[108.500435,12.937211],[108.50044,12.934754],[108.501985,12.933609],[108.503847,12.932797],[108.506547,12.930457],[108.507553,12.929024],[108.508654,12.928364],[108.510393,12.926635],[108.513417,12.924062],[108.515943,12.924355],[108.519951,12.922436],[108.519666,12.92013],[108.518411,12.917157],[108.5159,12.914698],[108.513551,12.913348],[108.511445,12.91272],[108.509885,12.912638],[108.50725,12.911061],[108.504788,12.910977],[108.50388,12.910424],[108.502314,12.910371],[108.501508,12.911607],[108.499195,12.912107],[108.498234,12.911826],[108.497954,12.910985],[108.49827,12.909175],[108.497281,12.908002],[108.495208,12.908645],[108.493489,12.908251],[108.491479,12.906791],[108.490079,12.906235],[108.48911,12.906731],[108.488229,12.90862],[108.487104,12.910053],[108.485704,12.908556],[108.484124,12.90921],[108.482805,12.908982],[108.482217,12.909863],[108.480091,12.91187],[108.478244,12.912326],[108.47731,12.914634],[108.476726,12.91479],[108.474491,12.913815],[108.47311,12.914184],[108.472245,12.915512],[108.471537,12.919092],[108.470391,12.919401],[108.469558,12.918842],[108.468498,12.916904],[108.467908,12.913751],[108.466249,12.912366],[108.465267,12.914782],[108.465423,12.915783],[108.464611,12.916765],[108.46323,12.915075],[108.462354,12.91622],[108.462593,12.917951],[108.461825,12.919331],[108.459256,12.921781],[108.459558,12.923717],[108.461578,12.922138],[108.462662,12.922115],[108.462938,12.923181],[108.462785,12.925905],[108.461871,12.928076],[108.460655,12.928657],[108.458942,12.92859],[108.457395,12.927122],[108.456616,12.925141],[108.455875,12.924338],[108.45216,12.92574],[108.44907,12.924397],[108.447719,12.922886],[108.446265,12.922483],[108.445608,12.920685],[108.447775,12.918237],[108.445691,12.916729],[108.44477,12.915588],[108.445323,12.913511],[108.446581,12.910429],[108.448065,12.9086],[108.447917,12.906608],[108.448818,12.904796],[108.448515,12.903319],[108.447794,12.903019],[108.448295,12.901157],[108.449188,12.900061],[108.447804,12.897539],[108.447784,12.896732],[108.448743,12.896002],[108.449995,12.895716],[108.450934,12.894887],[108.452417,12.895776],[108.453968,12.894885],[108.455348,12.894483],[108.45687,12.894811],[108.457953,12.894549],[108.460237,12.893141],[108.460957,12.891981],[108.462843,12.893045],[108.463577,12.893867],[108.466417,12.892856],[108.468167,12.890515],[108.470784,12.890176],[108.470623,12.888613],[108.471547,12.887453],[108.474513,12.886165],[108.476533,12.887173],[108.477999,12.886078],[108.478815,12.886567],[108.480152,12.886356],[108.481708,12.885282],[108.481708,12.883914],[108.483826,12.883392],[108.484878,12.881691],[108.485851,12.882315],[108.48609,12.880931],[108.488746,12.880507],[108.488188,12.876945],[108.487653,12.87615],[108.486633,12.872859],[108.48638,12.871324],[108.485225,12.867487],[108.48544,12.866587],[108.484267,12.865934],[108.481888,12.862009],[108.479678,12.861425],[108.479272,12.86026],[108.479768,12.859568],[108.479037,12.85602],[108.479583,12.855363],[108.481598,12.854623],[108.480627,12.853471],[108.481329,12.853095],[108.483037,12.853305],[108.485636,12.850541],[108.484958,12.848993],[108.485361,12.848073],[108.48656,12.847217],[108.486099,12.845992],[108.486794,12.845074],[108.489319,12.84452],[108.489781,12.842826],[108.489818,12.84132],[108.490797,12.840208],[108.4906,12.8375],[108.492791,12.836979],[108.49257,12.834522],[108.494562,12.834676],[108.495051,12.833816],[108.494078,12.83144],[108.49422,12.830098],[108.497807,12.830297],[108.497737,12.829037],[108.494761,12.828218],[108.494122,12.827396],[108.495458,12.825953],[108.495888,12.824614],[108.497073,12.825328],[108.498035,12.827003],[108.499094,12.827258],[108.499641,12.826332],[108.503083,12.826503],[108.505978,12.824363],[108.506894,12.825579],[108.506344,12.826233],[108.506187,12.827841],[108.507452,12.828422],[108.508539,12.829446],[108.509149,12.830712],[108.510313,12.829862],[108.510536,12.827112],[108.511259,12.826227],[108.512988,12.826148],[108.513922,12.825519],[108.514121,12.823164],[108.514976,12.821753],[108.515326,12.81998],[108.516416,12.81965],[108.518795,12.821656],[108.520282,12.822236],[108.521633,12.82133],[108.523951,12.820839],[108.525229,12.819553],[108.526714,12.819618],[108.527582,12.817926],[108.527343,12.816739],[108.526073,12.815935],[108.525192,12.813239],[108.525881,12.812569],[108.526463,12.810949],[108.525811,12.805526],[108.52528,12.803921],[108.524281,12.802213],[108.521072,12.798735],[108.520306,12.797623],[108.519965,12.795748],[108.520467,12.794103],[108.522903,12.791772],[108.52419,12.789572],[108.524524,12.787545],[108.529249,12.784704],[108.532975,12.781985],[108.535093,12.781231],[108.537025,12.780933],[108.538654,12.78027],[108.540269,12.779244],[108.540984,12.778157],[108.543327,12.777028],[108.544412,12.775546],[108.543969,12.773018],[108.54349,12.771766],[108.54371,12.7696],[108.543117,12.767109],[108.543302,12.76411],[108.544537,12.762264],[108.547067,12.761887],[108.547293,12.764172],[108.552772,12.761781],[108.554539,12.762373],[108.557411,12.762204],[108.557975,12.761338],[108.560165,12.761159],[108.56028,12.760392],[108.561901,12.760711],[108.562871,12.761371],[108.563992,12.760816],[108.565334,12.761101],[108.567278,12.762522],[108.569754,12.763001],[108.570506,12.762396],[108.571419,12.763181],[108.572208,12.762608],[108.573677,12.763297],[108.574743,12.764265],[108.577151,12.765465],[108.579099,12.765237],[108.579801,12.766689],[108.581856,12.766634],[108.581958,12.768],[108.583986,12.767675],[108.583808,12.768802],[108.589868,12.772491],[108.593242,12.773333],[108.594462,12.774555],[108.596276,12.777839]]]},"properties":{"@id":"relation/18115032","admin_level":"6","boundary":"administrative","name":"Xã Ea Knốp","type":"boundary"},"id":"relation/18115032"},
{"type":"Feature","geometry":{"type":"Polygon","coordinates":[[[108.547067,12.761887],[108.546707,12.759409],[108.545462,12.756674],[108.542712,12.748201],[108.541853,12.744824],[108.538233,12.736293],[108.537667,12.735377],[108.535242,12.732552],[108.531114,12.720508],[108.529,12.714923],[108.528575,12.713183],[108.528643,12.711166],[108.529329,12.709753],[108.533174,12.703651],[108.534649,12.702013],[108.535413,12.702924],[108.536727,12.703656],[108.536877,12.705222],[108.540455,12.70588],[108.539836,12.707176],[108.540936,12.708042],[108.540315,12.710092],[108.541322,12.711335],[108.544007,12.711625],[108.547454,12.710747],[108.548242,12.709241],[108.549485,12.708799],[108.549837,12.706877],[108.551906,12.707291],[108.552732,12.706525],[108.551678,12.705265],[108.552635,12.704507],[108.552729,12.703189],[108.553996,12.704106],[108.554508,12.705109],[108.555574,12.704663],[108.5572,12.70677],[108.55847,12.706289],[108.559547,12.706596],[108.562448,12.706101],[108.563261,12.705067],[108.564599,12.705084],[108.564438,12.703754],[108.565565,12.702935],[108.566678,12.703737],[108.568533,12.703672],[108.569747,12.702688],[108.570615,12.703279],[108.572642,12.702656],[108.573782,12.701074],[108.572264,12.700129],[108.574019,12.698976],[108.57279,12.696949],[108.574605,12.695223],[108.573412,12.692897],[108.571857,12.692049],[108.571446,12.691143],[108.572997,12.689861],[108.572447,12.68887],[108.570369,12.687964],[108.570698,12.687056],[108.570131,12.686106],[108.570545,12.684913],[108.572924,12.682637],[108.574186,12.681888],[108.574472,12.683914],[108.576067,12.685996],[108.57769,12.685188],[108.578419,12.686174],[108.580442,12.686986],[108.582095,12.687674],[108.583369,12.68938],[108.584074,12.689178],[108.58541,12.692007],[108.585665,12.693015],[108.586591,12.693327],[108.588481,12.695566],[108.59001,12.696603],[108.590227,12.697785],[108.591568,12.699296],[108.593125,12.700554],[108.59398,12.702331],[108.596963,12.704386],[108.598078,12.706404],[108.598963,12.707301],[108.599429,12.710346],[108.602293,12.708416],[108.60533,12.708238],[108.606329,12.708824],[108.60775,12.71059],[108.61196,12.711423],[108.613656,12.710501],[108.614613,12.70954],[108.615544,12.709728],[108.618119,12.70947],[108.619008,12.710168],[108.620885,12.710041],[108.622277,12.710297],[108.624133,12.709899],[108.62497,12.709124],[108.627403,12.707721],[108.629079,12.70789],[108.630388,12.706377],[108.632471,12.705615],[108.634084,12.704698],[108.641481,12.70666],[108.640725,12.714384],[108.642176,12.715149],[108.6436,12.715378],[108.645612,12.71396],[108.648847,12.713773],[108.650622,12.71327],[108.652472,12.713548],[108.65438,12.713236],[108.65523,12.716576],[108.65726,12.718963],[108.657855,12.720462],[108.658192,12.722531],[108.659281,12.722981],[108.660601,12.724981],[108.662091,12.726126],[108.663996,12.726487],[108.665637,12.727701],[108.669431,12.727379],[108.671479,12.726571],[108.672896,12.72667],[108.675063,12.725676],[108.67646,12.725618],[108.677671,12.727663],[108.680577,12.729135],[108.682396,12.729677],[108.683417,12.730501],[108.684243,12.732111],[108.684418,12.733614],[108.685643,12.734924],[108.687825,12.736471],[108.687165,12.739031],[108.687213,12.74051],[108.68584,12.743828],[108.685384,12.746569],[108.684767,12.748265],[108.684917,12.749498],[108.684563,12.751283],[108.68503,12.75221],[108.684832,12.754227],[108.68511,12.757102],[108.684804,12.759351],[108.683678,12.760394],[108.683099,12.761779],[108.681907,12.762693],[108.680096,12.763347],[108.678796,12.764363],[108.677949,12.764452],[108.676742,12.765985],[108.676455,12.766905],[108.674628,12.768214],[108.669752,12.768204],[108.668169,12.768401],[108.665847,12.768],[108.662767,12.770108],[108.65986,12.771112],[108.658465,12.77118],[108.656995,12.772305],[108.655252,12.770992],[108.654138,12.770784],[108.651625,12.769468],[108.649979,12.769041],[108.649134,12.767984],[108.648035,12.768315],[108.646761,12.768045],[108.643638,12.768396],[108.642712,12.768839],[108.641535,12.768685],[108.640101,12.769516],[108.638424,12.769892],[108.637442,12.770482],[108.631713,12.76873],[108.629676,12.768623],[108.627956,12.769113],[108.626447,12.768332],[108.624665,12.768146],[108.623864,12.768592],[108.620394,12.769072],[108.618735,12.767424],[108.617389,12.768171],[108.61464,12.768259],[108.613608,12.769054],[108.61166,12.768594],[108.610274,12.770012],[108.608863,12.770341],[108.607116,12.769389],[108.605352,12.771141],[108.603656,12.771599],[108.602678,12.773193],[108.602262,12.774752],[108.601243,12.774584],[108.599671,12.775491],[108.598942,12.776454],[108.597025,12.776844],[108.596276,12.777839],[108.594462,12.774555],[108.593242,12.773333],[108.589868,12.772491],[108.583808,12.768802],[108.583986,12.767675],[108.581958,12.768],[108.581856,12.766634],[108.579801,12.766689],[108.579099,12.765237],[108.577151,12.765465],[108.574743,12.764265],[108.573677,12.763297],[108.572208,12.762608],[108.571419,12.763181],[108.570506,12.762396],[108.569754,12.763001],[108.567278,12.762522],[108.565334,12.761101],[108.563992,12.760816],[108.562871,12.761371],[108.561901,12.760711],[108.56028,12.760392],[108.560165,12.761159],[108.557975,12.761338],[108.557411,12.762204],[108.554539,12.762373],[108.552772,12.761781],[108.547293,12.764172],[108.547067,12.761887]]]},"properties":{"@id":"relation/18115035","admin_level":"6","boundary":"administrative","name":"Xã Ea Păl","type":"boundary"},"id":"relation/18115035"},
{"type":"Feature","geometry":{"type":"Polygon","coordinates":[[[108.65438,12.713236],[108.652472,12.713548],[108.650622,12.71327],[108.648847,12.713773],[108.645612,12.71396],[108.6436,12.715378],[108.642176,12.715149],[108.640725,12.714384],[108.641481,12.70666],[108.634084,12.704698],[108.632471,12.705615],[108.630388,12.706377],[108.629079,12.70789],[108.627403,12.707721],[108.62497,12.709124],[108.624133,12.709899],[108.622277,12.710297],[108.620885,12.710041],[108.619008,12.710168],[108.618119,12.70947],[108.615544,12.709728],[108.614613,12.70954],[108.613656,12.710501],[108.61196,12.711423],[108.60775,12.71059],[108.606329,12.708824],[108.60533,12.708238],[108.602293,12.708416],[108.599429,12.710346],[108.598963,12.707301],[108.598078,12.706404],[108.596963,12.704386],[108.59398,12.702331],[108.593125,12.700554],[108.591568,12.699296],[108.590227,12.697785],[108.59001,12.696603],[108.588481,12.695566],[108.586591,12.693327],[108.585665,12.693015],[108.58541,12.692007],[108.584074,12.689178],[108.583369,12.68938],[108.582095,12.687674],[108.580442,12.686986],[108.579606,12.685769],[108.579831,12.684534],[108.577876,12.684382],[108.577739,12.682103],[108.575513,12.681182],[108.575699,12.679701],[108.574641,12.679931],[108.573871,12.677971],[108.571406,12.67683],[108.57183,12.67638],[108.571202,12.674878],[108.567115,12.673819],[108.566015,12.673381],[108.565621,12.671646],[108.562426,12.669042],[108.562984,12.667799],[108.562906,12.664575],[108.563228,12.663403],[108.564574,12.662994],[108.564363,12.66206],[108.566205,12.661061],[108.565883,12.660615],[108.566104,12.658613],[108.56742,12.655512],[108.568213,12.654286],[108.570092,12.652398],[108.570918,12.649739],[108.57156,12.648657],[108.571683,12.646478],[108.57212,12.644861],[108.571424,12.643102],[108.5725,12.641657],[108.576492,12.640255],[108.580057,12.637954],[108.580054,12.635137],[108.580418,12.633727],[108.584286,12.626849],[108.585149,12.621968],[108.584655,12.620228],[108.584639,12.618473],[108.588077,12.615832],[108.58832,12.614306],[108.590391,12.614144],[108.590267,12.612403],[108.590664,12.609433],[108.590018,12.607965],[108.586812,12.605125],[108.585591,12.604349],[108.583547,12.602046],[108.581175,12.6007],[108.580963,12.600119],[108.581544,12.598427],[108.579603,12.594174],[108.579732,12.593251],[108.579109,12.590926],[108.579085,12.589494],[108.579944,12.587605],[108.579993,12.586235],[108.580574,12.584219],[108.579952,12.583596],[108.580772,12.580801],[108.583374,12.580167],[108.58352,12.578878],[108.58535,12.578735],[108.587321,12.579042],[108.589495,12.577413],[108.591126,12.576977],[108.592611,12.575791],[108.593403,12.576505],[108.595813,12.575298],[108.596412,12.576088],[108.597595,12.576606],[108.599289,12.576269],[108.600403,12.57512],[108.602209,12.574122],[108.602126,12.573511],[108.603499,12.572984],[108.60411,12.574232],[108.606092,12.574882],[108.607818,12.574548],[108.60877,12.575262],[108.61014,12.574992],[108.611253,12.575358],[108.611469,12.576849],[108.612322,12.577452],[108.612457,12.578409],[108.613356,12.578633],[108.613541,12.580449],[108.614572,12.583668],[108.615511,12.584681],[108.617861,12.584768],[108.619256,12.585997],[108.62107,12.585476],[108.623567,12.586148],[108.625634,12.58524],[108.626713,12.585466],[108.627786,12.584287],[108.628756,12.586416],[108.630377,12.588203],[108.631361,12.588685],[108.632545,12.588342],[108.634218,12.588803],[108.636648,12.588419],[108.637662,12.58769],[108.638984,12.587717],[108.639853,12.588293],[108.640082,12.589566],[108.64095,12.590171],[108.641634,12.591477],[108.644374,12.590497],[108.645599,12.590421],[108.646177,12.589338],[108.647951,12.590363],[108.650045,12.590114],[108.651092,12.591018],[108.651765,12.590557],[108.655242,12.591812],[108.655874,12.593059],[108.657083,12.593738],[108.65796,12.59552],[108.658893,12.596105],[108.659071,12.597054],[108.660134,12.59867],[108.659224,12.599054],[108.658672,12.600535],[108.661924,12.598608],[108.662835,12.59852],[108.663731,12.59733],[108.664236,12.598283],[108.66705,12.598317],[108.666255,12.599398],[108.666836,12.600399],[108.666924,12.602841],[108.668236,12.603153],[108.667896,12.60443],[108.670126,12.605462],[108.671804,12.60481],[108.672468,12.605609],[108.67223,12.607189],[108.673197,12.607255],[108.673748,12.60843],[108.675163,12.608019],[108.675776,12.610875],[108.675408,12.612614],[108.675968,12.613475],[108.674979,12.614162],[108.67451,12.616996],[108.675267,12.618914],[108.674645,12.619579],[108.674907,12.620507],[108.673881,12.62243],[108.673693,12.623549],[108.67501,12.6251],[108.677141,12.623541],[108.677751,12.624133],[108.677458,12.626043],[108.67794,12.627779],[108.678054,12.631079],[108.67762,12.63208],[108.67874,12.632553],[108.67923,12.634471],[108.682647,12.633589],[108.684504,12.634237],[108.685772,12.634193],[108.686639,12.633566],[108.687401,12.634622],[108.688296,12.634773],[108.689301,12.634105],[108.69234,12.63358],[108.693552,12.633988],[108.694895,12.633038],[108.6951,12.63485],[108.693907,12.637111],[108.692197,12.638998],[108.692599,12.640244],[108.691963,12.643308],[108.691273,12.64521],[108.691204,12.647708],[108.691646,12.648405],[108.692144,12.650675],[108.692587,12.654631],[108.691896,12.65612],[108.691537,12.658454],[108.693012,12.659904],[108.694214,12.65993],[108.694967,12.661684],[108.694098,12.662693],[108.691472,12.66317],[108.690524,12.663834],[108.689273,12.663829],[108.687428,12.664881],[108.686207,12.666129],[108.685428,12.668035],[108.683555,12.667954],[108.682153,12.669413],[108.681199,12.670974],[108.680888,12.672486],[108.67921,12.67393],[108.679225,12.67772],[108.679537,12.679202],[108.681449,12.681624],[108.678855,12.684021],[108.678324,12.685567],[108.675796,12.687812],[108.676511,12.689141],[108.675926,12.690688],[108.676038,12.691912],[108.67557,12.694356],[108.675519,12.69779],[108.675085,12.699162],[108.675285,12.700436],[108.674806,12.702818],[108.67505,12.705236],[108.67427,12.70584],[108.672788,12.705943],[108.671302,12.706555],[108.668092,12.708825],[108.66744,12.709915],[108.666133,12.71018],[108.664521,12.711133],[108.662084,12.711143],[108.660235,12.71184],[108.659734,12.712478],[108.657216,12.713047],[108.65438,12.713236]]]},"properties":{"@id":"relation/18115036","admin_level":"6","boundary":"administrative","name":"Xã Cư Yang","type":"boundary"},"id":"relation/18115036"},
{"type":"Feature","geometry":{"type":"Polygon","coordinates":[[[108.459716,12.693271],[108.459786,12.691374],[108.458204,12.688063],[108.458678,12.68577],[108.46091,12.686669],[108.462146,12.6866],[108.463906,12.687993],[108.464034,12.689889],[108.465187,12.690499],[108.467342,12.689298],[108.471025,12.687969],[108.472855,12.687922],[108.475364,12.688582],[108.475689,12.689459],[108.473574,12.690207],[108.473377,12.691461],[108.474419,12.692228],[108.475757,12.691511],[108.475607,12.693009],[108.476035,12.693841],[108.477253,12.692904],[108.479088,12.692371],[108.479189,12.691435],[108.482631,12.69101],[108.482471,12.689511],[108.482802,12.687857],[108.480991,12.687543],[108.480972,12.686301],[108.483014,12.685975],[108.482987,12.683365],[108.484326,12.680917],[108.483979,12.680045],[108.48498,12.679293],[108.485819,12.67782],[108.485059,12.675996],[108.486096,12.673494],[108.486792,12.673167],[108.486551,12.671148],[108.488079,12.67223],[108.488085,12.670601],[108.48884,12.669317],[108.489512,12.669016],[108.490408,12.666625],[108.493397,12.657522],[108.495076,12.656397],[108.497444,12.655982],[108.49743,12.654866],[108.494791,12.653254],[108.493802,12.652427],[108.493104,12.650821],[108.493388,12.649925],[108.492895,12.64883],[108.489271,12.645834],[108.487552,12.641335],[108.486761,12.640433],[108.485436,12.639701],[108.483864,12.637732],[108.484459,12.637051],[108.484947,12.6353],[108.484685,12.633376],[108.484962,12.631801],[108.484921,12.629829],[108.484579,12.628878],[108.484397,12.625991],[108.483886,12.62341],[108.480554,12.617934],[108.48369,12.615691],[108.484754,12.614666],[108.486224,12.612484],[108.486375,12.610993],[108.484723,12.608564],[108.484578,12.607443],[108.486917,12.605501],[108.487154,12.604585],[108.486698,12.603474],[108.487673,12.600602],[108.487458,12.599852],[108.488686,12.59942],[108.492076,12.601014],[108.493651,12.600263],[108.49654,12.599649],[108.496829,12.6011],[108.497777,12.602883],[108.49775,12.604132],[108.498613,12.604815],[108.499789,12.604811],[108.501036,12.603957],[108.502459,12.604217],[108.504639,12.605388],[108.5067,12.605135],[108.507156,12.604292],[108.509222,12.605318],[108.510733,12.605477],[108.511477,12.604288],[108.513326,12.602925],[108.514361,12.600329],[108.515074,12.595821],[108.515541,12.59458],[108.517364,12.594142],[108.519057,12.593266],[108.520637,12.591745],[108.522329,12.592163],[108.525972,12.591161],[108.527418,12.589136],[108.530121,12.588921],[108.531736,12.589322],[108.536246,12.588504],[108.537716,12.588599],[108.540509,12.587266],[108.543015,12.587309],[108.544911,12.588394],[108.545575,12.589425],[108.547315,12.58973],[108.548175,12.590738],[108.549055,12.590971],[108.549814,12.592146],[108.551091,12.59164],[108.552067,12.590478],[108.552764,12.588698],[108.55402,12.588644],[108.554533,12.587466],[108.555463,12.587491],[108.555768,12.586597],[108.558406,12.587219],[108.558965,12.586687],[108.559217,12.5852],[108.561061,12.585337],[108.563278,12.583973],[108.563176,12.583125],[108.564398,12.582969],[108.564993,12.582247],[108.570163,12.581058],[108.571096,12.579792],[108.57315,12.580053],[108.574498,12.581023],[108.579289,12.581358],[108.580772,12.580801],[108.579952,12.583596],[108.580574,12.584219],[108.579993,12.586235],[108.579944,12.587605],[108.579085,12.589494],[108.579109,12.590926],[108.579732,12.593251],[108.579603,12.594174],[108.581544,12.598427],[108.580963,12.600119],[108.581175,12.6007],[108.583547,12.602046],[108.585591,12.604349],[108.586812,12.605125],[108.590018,12.607965],[108.590664,12.609433],[108.590267,12.612403],[108.590391,12.614144],[108.58832,12.614306],[108.588077,12.615832],[108.584639,12.618473],[108.584655,12.620228],[108.585149,12.621968],[108.584286,12.626849],[108.580418,12.633727],[108.580054,12.635137],[108.580057,12.637954],[108.576492,12.640255],[108.5725,12.641657],[108.571424,12.643102],[108.57212,12.644861],[108.571683,12.646478],[108.57156,12.648657],[108.570918,12.649739],[108.570092,12.652398],[108.568213,12.654286],[108.56742,12.655512],[108.566104,12.658613],[108.565883,12.660615],[108.566205,12.661061],[108.564363,12.66206],[108.564574,12.662994],[108.563228,12.663403],[108.562906,12.664575],[108.562984,12.667799],[108.562426,12.669042],[108.565621,12.671646],[108.566015,12.673381],[108.567115,12.673819],[108.571202,12.674878],[108.57183,12.67638],[108.571406,12.67683],[108.573871,12.677971],[108.574641,12.679931],[108.575699,12.679701],[108.575513,12.681182],[108.577739,12.682103],[108.577876,12.684382],[108.579831,12.684534],[108.579606,12.685769],[108.580442,12.686986],[108.578419,12.686174],[108.57769,12.685188],[108.576067,12.685996],[108.574472,12.683914],[108.574186,12.681888],[108.572924,12.682637],[108.570545,12.684913],[108.570131,12.686106],[108.570698,12.687056],[108.570369,12.687964],[108.572447,12.68887],[108.572997,12.689861],[108.571446,12.691143],[108.571857,12.692049],[108.573412,12.692897],[108.574605,12.695223],[108.57279,12.696949],[108.574019,12.698976],[108.572264,12.700129],[108.573782,12.701074],[108.572642,12.702656],[108.570615,12.703279],[108.569747,12.702688],[108.568533,12.703672],[108.566678,12.703737],[108.565565,12.702935],[108.564438,12.703754],[108.564599,12.705084],[108.563261,12.705067],[108.562448,12.706101],[108.559547,12.706596],[108.55847,12.706289],[108.5572,12.70677],[108.555574,12.704663],[108.554508,12.705109],[108.553996,12.704106],[108.552729,12.703189],[108.552635,12.704507],[108.551678,12.705265],[108.552732,12.706525],[108.551906,12.707291],[108.549837,12.706877],[108.549485,12.708799],[108.548242,12.709241],[108.547454,12.710747],[108.544007,12.711625],[108.541322,12.711335],[108.540315,12.710092],[108.540936,12.708042],[108.539836,12.707176],[108.540455,12.70588],[108.536877,12.705222],[108.536727,12.703656],[108.535413,12.702924],[108.534649,12.702013],[108.533174,12.703651],[108.529329,12.709753],[108.526802,12.709991],[108.526234,12.710488],[108.524961,12.714154],[108.522263,12.717147],[108.5202,12.718989],[108.518388,12.719316],[108.516416,12.719222],[108.514519,12.718756],[108.512553,12.717788],[108.510796,12.717497],[108.508742,12.718045],[108.506953,12.718858],[108.504726,12.717936],[108.503138,12.718104],[108.502291,12.719996],[108.499086,12.720466],[108.497175,12.721916],[108.496677,12.723476],[108.495374,12.723636],[108.493755,12.724863],[108.492968,12.72458],[108.492144,12.725318],[108.490883,12.723313],[108.488781,12.721736],[108.488799,12.72015],[108.489581,12.719168],[108.489115,12.716949],[108.489346,12.712638],[108.4884,12.71076],[108.486158,12.712628],[108.485034,12.712895],[108.484087,12.712348],[108.483319,12.711016],[108.483286,12.710062],[108.481626,12.709588],[108.480419,12.711067],[108.478886,12.710344],[108.478827,12.712013],[108.478205,12.712788],[108.476456,12.713735],[108.475877,12.715317],[108.476555,12.717462],[108.474347,12.718079],[108.473712,12.719345],[108.471542,12.719828],[108.471062,12.721108],[108.46927,12.721731],[108.466476,12.720205],[108.466421,12.719337],[108.463675,12.718129],[108.462061,12.718636],[108.461796,12.719656],[108.461226,12.718397],[108.461615,12.717356],[108.460583,12.715717],[108.460899,12.71458],[108.459849,12.714271],[108.460089,12.71272],[108.459689,12.711595],[108.458834,12.711239],[108.458544,12.710166],[108.458724,12.708326],[108.457632,12.705613],[108.4565,12.705504],[108.456908,12.700789],[108.458421,12.699666],[108.458469,12.698591],[108.459499,12.698423],[108.459836,12.69636],[108.459716,12.693271]]]},"properties":{"@id":"relation/18115040","admin_level":"6","boundary":"administrative","name":"Xã Ea Ô","type":"boundary"},"id":"relation/18115040"},
{"type":"Feature","geometry":{"type":"Polygon","coordinates":[[[108.301408,12.930624],[108.299594,12.930153],[108.298975,12.929522],[108.295788,12.929314],[108.288126,12.92905],[108.285517,12.929041],[108.284519,12.928462],[108.283535,12.929714],[108.282274,12.9288],[108.283505,12.927988],[108.283219,12.926595],[108.284694,12.9266],[108.286475,12.92561],[108.287159,12.924193],[108.287118,12.92311],[108.286057,12.922195],[108.285326,12.920887],[108.286294,12.918949],[108.284929,12.918168],[108.282376,12.917583],[108.280957,12.916278],[108.281534,12.914546],[108.28174,12.912777],[108.283539,12.913303],[108.283359,12.911208],[108.284538,12.910969],[108.28613,12.909973],[108.286905,12.908461],[108.286626,12.906657],[108.287278,12.906328],[108.28724,12.905079],[108.285807,12.903965],[108.284833,12.902446],[108.284995,12.898976],[108.28339,12.898942],[108.28314,12.898018],[108.280378,12.896228],[108.280313,12.897179],[108.278963,12.89836],[108.278708,12.89718],[108.277379,12.895488],[108.277818,12.893823],[108.279199,12.894327],[108.279214,12.893126],[108.277811,12.892807],[108.279882,12.891084],[108.281231,12.890948],[108.282404,12.891616],[108.28304,12.890121],[108.282362,12.889285],[108.282727,12.888321],[108.282184,12.88753],[108.283682,12.885846],[108.282645,12.884111],[108.280791,12.88381],[108.279501,12.883979],[108.279304,12.8829],[108.281169,12.882931],[108.282095,12.88204],[108.281776,12.881208],[108.28198,12.879009],[108.283062,12.878562],[108.282648,12.877049],[108.280052,12.876347],[108.278557,12.877379],[108.277775,12.875815],[108.278531,12.871758],[108.278064,12.871033],[108.275945,12.870673],[108.272299,12.870442],[108.269554,12.869261],[108.268284,12.866684],[108.267099,12.865148],[108.267611,12.86479],[108.268051,12.863158],[108.269779,12.861279],[108.269428,12.859136],[108.269912,12.857042],[108.267251,12.856424],[108.265876,12.856799],[108.264278,12.856456],[108.263295,12.855067],[108.265676,12.854485],[108.267388,12.853642],[108.268649,12.852565],[108.271986,12.852272],[108.273634,12.851728],[108.27758,12.851737],[108.278491,12.85216],[108.280003,12.851269],[108.28095,12.85018],[108.283476,12.84944],[108.283629,12.847552],[108.282382,12.847112],[108.281014,12.845354],[108.279512,12.846308],[108.277728,12.845075],[108.276815,12.846094],[108.275145,12.846961],[108.274103,12.846352],[108.272086,12.847577],[108.270098,12.848275],[108.268812,12.848066],[108.268762,12.846618],[108.27289,12.840747],[108.272257,12.839471],[108.274114,12.838953],[108.275005,12.838189],[108.275324,12.835978],[108.276954,12.835516],[108.278003,12.830374],[108.279653,12.825958],[108.281296,12.826857],[108.284048,12.827215],[108.284028,12.826687],[108.285802,12.82645],[108.288494,12.825665],[108.288691,12.825147],[108.291037,12.824273],[108.29123,12.823028],[108.295135,12.820377],[108.297574,12.821207],[108.30207,12.822127],[108.30349,12.822893],[108.30454,12.822466],[108.305513,12.822958],[108.306084,12.823938],[108.306903,12.823745],[108.309659,12.821622],[108.310517,12.820499],[108.310171,12.817812],[108.311248,12.817082],[108.311195,12.815431],[108.31174,12.814565],[108.311447,12.813193],[108.312364,12.80962],[108.31246,12.808399],[108.313672,12.807359],[108.313737,12.806022],[108.315399,12.803942],[108.314434,12.801737],[108.315698,12.800463],[108.314976,12.799625],[108.315444,12.797611],[108.314603,12.796902],[108.315478,12.79525],[108.315314,12.793791],[108.333664,12.803003],[108.33515,12.803659],[108.337307,12.803987],[108.338065,12.804666],[108.340023,12.804923],[108.341568,12.805619],[108.341444,12.806249],[108.343749,12.806985],[108.343748,12.808138],[108.344346,12.80957],[108.34356,12.811817],[108.3441,12.812241],[108.343914,12.81399],[108.348392,12.816006],[108.352747,12.819595],[108.350184,12.821763],[108.348757,12.824033],[108.347574,12.826405],[108.347195,12.828629],[108.349491,12.831782],[108.350831,12.833305],[108.352564,12.834028],[108.370929,12.838019],[108.371923,12.839393],[108.372099,12.841171],[108.371382,12.842966],[108.372109,12.84341],[108.371721,12.844608],[108.370946,12.845339],[108.370816,12.846539],[108.372467,12.846922],[108.371648,12.849965],[108.371648,12.85127],[108.372118,12.852363],[108.371645,12.853151],[108.372728,12.85607],[108.371789,12.857591],[108.372375,12.858353],[108.371827,12.859718],[108.371293,12.862195],[108.370133,12.863747],[108.369806,12.864961],[108.369578,12.869915],[108.36803,12.870616],[108.368663,12.874622],[108.36942,12.876865],[108.369525,12.879613],[108.368016,12.882557],[108.36739,12.88657],[108.366094,12.889262],[108.36385,12.895239],[108.36421,12.898279],[108.36324,12.899931],[108.36295,12.901546],[108.362333,12.902509],[108.361053,12.903509],[108.360317,12.904855],[108.357833,12.906464],[108.352312,12.908419],[108.351179,12.909366],[108.350389,12.910887],[108.350578,12.912907],[108.336578,12.915727],[108.335441,12.919376],[108.335752,12.921043],[108.334307,12.926032],[108.333489,12.926143],[108.326968,12.925558],[108.326858,12.926125],[108.323767,12.925739],[108.320497,12.925617],[108.31501,12.925884],[108.312844,12.924739],[108.3076,12.922396],[108.308161,12.920948],[108.306181,12.920167],[108.304896,12.918287],[108.303669,12.917291],[108.303185,12.917781],[108.302379,12.920169],[108.301784,12.920396],[108.301833,12.922567],[108.30246,12.924128],[108.303328,12.924582],[108.301408,12.930624]]]},"properties":{"@id":"relation/18227894","admin_level":"6","boundary":"administrative","name":"Xã Ea Drông","type":"boundary"},"id":"relation/18227894"},
{"type":"Feature","geometry":{"type":"Polygon","coordinates":[[[108.282274,12.9288],[108.28206,12.930778],[108.28136,12.93154],[108.281491,12.933314],[108.280172,12.93237],[108.280094,12.933811],[108.278691,12.934582],[108.278703,12.935175],[108.280218,12.935623],[108.279356,12.936775],[108.279145,12.9383],[108.278009,12.937408],[108.27622,12.937293],[108.275977,12.938274],[108.273345,12.938849],[108.273287,12.939844],[108.272543,12.941028],[108.271235,12.942165],[108.272058,12.943212],[108.272349,12.944709],[108.271687,12.945806],[108.273129,12.948474],[108.269381,12.94836],[108.265093,12.947058],[108.262689,12.946512],[108.260568,12.945709],[108.258869,12.944669],[108.255067,12.941196],[108.252425,12.944175],[108.251062,12.945227],[108.248439,12.948181],[108.247014,12.948415],[108.244955,12.9468],[108.242728,12.945699],[108.24323,12.944143],[108.243895,12.943456],[108.241784,12.942398],[108.240676,12.942262],[108.239201,12.941143],[108.235945,12.939107],[108.232525,12.938322],[108.23212,12.936417],[108.230677,12.934616],[108.229264,12.931111],[108.226665,12.929214],[108.225846,12.928106],[108.227169,12.927821],[108.227893,12.926595],[108.228416,12.923965],[108.228392,12.922241],[108.23061,12.921958],[108.231517,12.921291],[108.231495,12.92019],[108.232839,12.918643],[108.231412,12.918271],[108.231042,12.915545],[108.230626,12.914932],[108.231606,12.913574],[108.232906,12.912434],[108.232864,12.911449],[108.232112,12.91062],[108.229862,12.91007],[108.229526,12.908392],[108.22818,12.908088],[108.227713,12.905361],[108.226372,12.905077],[108.226013,12.901929],[108.221538,12.901684],[108.219476,12.902263],[108.218943,12.901791],[108.21512,12.901665],[108.214055,12.901081],[108.212028,12.902284],[108.211835,12.901598],[108.212585,12.901035],[108.213436,12.893732],[108.213252,12.88909],[108.213841,12.883987],[108.21262,12.882695],[108.212695,12.880824],[108.215103,12.878203],[108.215878,12.876466],[108.216157,12.874283],[108.217042,12.872971],[108.219935,12.87111],[108.221423,12.869542],[108.222068,12.867426],[108.221091,12.867784],[108.216227,12.866306],[108.216574,12.865141],[108.215935,12.862334],[108.214675,12.86149],[108.215068,12.860554],[108.217564,12.860955],[108.217147,12.859591],[108.218384,12.857019],[108.22137,12.849184],[108.222384,12.847887],[108.228853,12.848047],[108.230774,12.847983],[108.232109,12.847323],[108.233617,12.843862],[108.23394,12.843747],[108.240185,12.846265],[108.241556,12.845407],[108.242907,12.845514],[108.244701,12.846201],[108.246625,12.846027],[108.248068,12.846994],[108.249257,12.846404],[108.250381,12.847035],[108.251499,12.84711],[108.251687,12.847947],[108.254721,12.847606],[108.255398,12.847966],[108.257263,12.847615],[108.260112,12.847625],[108.262392,12.846917],[108.264345,12.847453],[108.265953,12.847024],[108.266685,12.847515],[108.267972,12.847487],[108.268812,12.848066],[108.270098,12.848275],[108.272086,12.847577],[108.274103,12.846352],[108.275145,12.846961],[108.276815,12.846094],[108.277728,12.845075],[108.279512,12.846308],[108.281014,12.845354],[108.282382,12.847112],[108.283629,12.847552],[108.283476,12.84944],[108.28095,12.85018],[108.280003,12.851269],[108.278491,12.85216],[108.27758,12.851737],[108.273634,12.851728],[108.271986,12.852272],[108.268649,12.852565],[108.267388,12.853642],[108.265676,12.854485],[108.263295,12.855067],[108.264278,12.856456],[108.265876,12.856799],[108.267251,12.856424],[108.269912,12.857042],[108.269428,12.859136],[108.269779,12.861279],[108.268051,12.863158],[108.267611,12.86479],[108.267099,12.865148],[108.268284,12.866684],[108.269554,12.869261],[108.272299,12.870442],[108.275945,12.870673],[108.278064,12.871033],[108.278531,12.871758],[108.277775,12.875815],[108.278557,12.877379],[108.280052,12.876347],[108.282648,12.877049],[108.283062,12.878562],[108.28198,12.879009],[108.281776,12.881208],[108.282095,12.88204],[108.281169,12.882931],[108.279304,12.8829],[108.279501,12.883979],[108.280791,12.88381],[108.282645,12.884111],[108.283682,12.885846],[108.282184,12.88753],[108.282727,12.888321],[108.282362,12.889285],[108.28304,12.890121],[108.282404,12.891616],[108.281231,12.890948],[108.279882,12.891084],[108.277811,12.892807],[108.279214,12.893126],[108.279199,12.894327],[108.277818,12.893823],[108.277379,12.895488],[108.278708,12.89718],[108.278963,12.89836],[108.280313,12.897179],[108.280378,12.896228],[108.28314,12.898018],[108.28339,12.898942],[108.284995,12.898976],[108.284833,12.902446],[108.285807,12.903965],[108.28724,12.905079],[108.287278,12.906328],[108.286626,12.906657],[108.286905,12.908461],[108.28613,12.909973],[108.284538,12.910969],[108.283359,12.911208],[108.283539,12.913303],[108.28174,12.912777],[108.281534,12.914546],[108.280957,12.916278],[108.282376,12.917583],[108.284929,12.918168],[108.286294,12.918949],[108.285326,12.920887],[108.286057,12.922195],[108.287118,12.92311],[108.287159,12.924193],[108.286475,12.92561],[108.284694,12.9266],[108.283219,12.926595],[108.283505,12.927988],[108.282274,12.9288]]]},"properties":{"@id":"relation/18227899","admin_level":"6","boundary":"administrative","name":"Phường Buôn Hồ","type":"boundary"},"id":"relation/18227899"},
{"type":"Feature","geometry":{"type":"Polygon","coordinates":[[[108.227651,12.758874],[108.231307,12.758195],[108.234711,12.758886],[108.236929,12.75887],[108.237138,12.758493],[108.248645,12.758498],[108.248575,12.75909],[108.251773,12.759286],[108.252161,12.758395],[108.253505,12.757489],[108.257183,12.75752],[108.258877,12.75699],[108.260527,12.754907],[108.274566,12.754512],[108.276503,12.755218],[108.278428,12.756756],[108.279542,12.756931],[108.280756,12.757746],[108.281847,12.759181],[108.28323,12.759138],[108.284406,12.75837],[108.286203,12.75863],[108.287629,12.759212],[108.290711,12.759683],[108.293587,12.759584],[108.295707,12.759286],[108.297578,12.758007],[108.298515,12.756723],[108.300004,12.756223],[108.302947,12.753652],[108.304865,12.754019],[108.305526,12.755582],[108.306742,12.75954],[108.308259,12.76215],[108.308946,12.764203],[108.30914,12.766085],[108.308854,12.772905],[108.309056,12.778295],[108.309939,12.781762],[108.310574,12.785313],[108.311254,12.786837],[108.313885,12.791681],[108.315314,12.793791],[108.315478,12.79525],[108.314603,12.796902],[108.315444,12.797611],[108.314976,12.799625],[108.315698,12.800463],[108.314434,12.801737],[108.315399,12.803942],[108.313737,12.806022],[108.313672,12.807359],[108.31246,12.808399],[108.312364,12.80962],[108.311447,12.813193],[108.31174,12.814565],[108.311195,12.815431],[108.311248,12.817082],[108.310171,12.817812],[108.310517,12.820499],[108.309659,12.821622],[108.306903,12.823745],[108.306084,12.823938],[108.305513,12.822958],[108.30454,12.822466],[108.30349,12.822893],[108.30207,12.822127],[108.297574,12.821207],[108.295135,12.820377],[108.29123,12.823028],[108.291037,12.824273],[108.288691,12.825147],[108.288494,12.825665],[108.285802,12.82645],[108.284028,12.826687],[108.284048,12.827215],[108.281296,12.826857],[108.279653,12.825958],[108.278003,12.830374],[108.276954,12.835516],[108.275324,12.835978],[108.275005,12.838189],[108.274114,12.838953],[108.272257,12.839471],[108.27289,12.840747],[108.268762,12.846618],[108.268812,12.848066],[108.267972,12.847487],[108.266685,12.847515],[108.265953,12.847024],[108.264345,12.847453],[108.262392,12.846917],[108.260112,12.847625],[108.257263,12.847615],[108.255398,12.847966],[108.254721,12.847606],[108.251687,12.847947],[108.251499,12.84711],[108.250381,12.847035],[108.249257,12.846404],[108.248068,12.846994],[108.246625,12.846027],[108.244701,12.846201],[108.242907,12.845514],[108.241556,12.845407],[108.240185,12.846265],[108.23394,12.843747],[108.233617,12.843862],[108.232109,12.847323],[108.230774,12.847983],[108.228853,12.848047],[108.222384,12.847887],[108.22137,12.849184],[108.218384,12.857019],[108.217147,12.859591],[108.217564,12.860955],[108.215068,12.860554],[108.214675,12.86149],[108.215935,12.862334],[108.216574,12.865141],[108.216227,12.866306],[108.214319,12.865841],[108.212737,12.864977],[108.211395,12.864821],[108.210491,12.863641],[108.208632,12.863487],[108.208216,12.8626],[108.204822,12.858154],[108.20404,12.857858],[108.203699,12.856764],[108.202541,12.854997],[108.201546,12.852918],[108.201379,12.851508],[108.200514,12.85059],[108.196868,12.848896],[108.194628,12.848093],[108.19405,12.847054],[108.192059,12.844814],[108.191127,12.843058],[108.191374,12.840171],[108.192059,12.838269],[108.191544,12.835784],[108.188484,12.832245],[108.187898,12.830362],[108.190286,12.830001],[108.192182,12.828413],[108.193395,12.828074],[108.195218,12.826497],[108.197844,12.825691],[108.199957,12.825719],[108.201945,12.825364],[108.204181,12.82543],[108.206279,12.823052],[108.206537,12.821949],[108.207471,12.820354],[108.208561,12.81733],[108.207513,12.815026],[108.206252,12.810296],[108.205648,12.809212],[108.204336,12.805668],[108.202367,12.803904],[108.201465,12.801151],[108.199113,12.797372],[108.196805,12.795125],[108.199732,12.790762],[108.200297,12.790226],[108.201879,12.789929],[108.204228,12.79071],[108.205596,12.791434],[108.208735,12.790399],[108.211045,12.790182],[108.213315,12.789365],[108.214732,12.78857],[108.216393,12.786103],[108.217716,12.7836],[108.219795,12.781833],[108.222864,12.774008],[108.223969,12.766867],[108.22447,12.766898],[108.225182,12.76369],[108.227651,12.758874]]]},"properties":{"@id":"relation/18227902","admin_level":"6","boundary":"administrative","name":"Phường Cư Bao","type":"boundary"},"id":"relation/18227902"},
{"type":"Feature","geometry":{"type":"Polygon","coordinates":[[[107.945609,12.936966],[107.947208,12.936704],[107.949163,12.937335],[107.950233,12.936851],[107.951236,12.937416],[107.955147,12.935491],[107.956227,12.936115],[107.958999,12.936757],[107.961464,12.93667],[107.963296,12.935361],[107.964088,12.936449],[107.96547,12.936995],[107.980004,12.931855],[107.982996,12.931983],[107.984483,12.930908],[107.986148,12.930648],[107.984748,12.9278],[107.983448,12.927393],[107.98328,12.925612],[107.982338,12.925121],[107.984705,12.923128],[107.987393,12.922797],[107.988432,12.921724],[107.991824,12.92212],[107.992958,12.923079],[107.993688,12.923053],[107.99503,12.924276],[107.996479,12.924512],[107.997585,12.925387],[107.999268,12.925756],[107.999076,12.927976],[108.000833,12.928961],[108.001847,12.930391],[108.002806,12.929227],[108.003807,12.929269],[108.004361,12.927761],[108.003526,12.926715],[108.003417,12.925221],[108.00535,12.922413],[108.007055,12.922829],[108.007348,12.923876],[108.008345,12.924219],[108.010263,12.924156],[108.011556,12.925101],[108.012493,12.926706],[108.014324,12.926188],[108.015019,12.926985],[108.015921,12.92591],[108.013647,12.922545],[108.011489,12.922404],[108.010881,12.921389],[108.011699,12.920371],[108.013375,12.919474],[108.01468,12.919787],[108.015057,12.918881],[108.014913,12.917179],[108.015733,12.916495],[108.017728,12.916807],[108.018407,12.916452],[108.020422,12.917022],[108.022179,12.918884],[108.02324,12.918236],[108.024662,12.918196],[108.027899,12.918572],[108.029383,12.919813],[108.030726,12.919155],[108.029942,12.916851],[108.031492,12.916414],[108.032773,12.916617],[108.033542,12.916224],[108.035116,12.916917],[108.035842,12.91643],[108.038456,12.917569],[108.03917,12.918734],[108.038125,12.919519],[108.038609,12.920423],[108.040278,12.919396],[108.041995,12.919838],[108.043877,12.921379],[108.042973,12.922158],[108.044339,12.92264],[108.044541,12.923933],[108.045431,12.923948],[108.046272,12.924763],[108.047651,12.925047],[108.048899,12.924601],[108.049526,12.92564],[108.051294,12.925785],[108.053531,12.927313],[108.053796,12.929604],[108.0548,12.930606],[108.054812,12.931793],[108.056016,12.933486],[108.055903,12.934425],[108.056892,12.935531],[108.05748,12.93696],[108.05881,12.93736],[108.059431,12.938583],[108.060807,12.939179],[108.061014,12.940309],[108.061935,12.941831],[108.061293,12.942597],[108.062076,12.943522],[108.063208,12.946196],[108.062301,12.946701],[108.061724,12.947805],[108.062068,12.948473],[108.064211,12.949845],[108.064275,12.950786],[108.066453,12.950979],[108.067118,12.950479],[108.067773,12.948597],[108.067596,12.945939],[108.068314,12.944678],[108.069491,12.944325],[108.071392,12.945961],[108.072254,12.945721],[108.073438,12.946698],[108.074199,12.947876],[108.074981,12.947938],[108.075465,12.948952],[108.076274,12.948945],[108.077855,12.950248],[108.079528,12.949615],[108.080725,12.950054],[108.081822,12.951096],[108.084998,12.951063],[108.08602,12.950144],[108.087176,12.950493],[108.087654,12.95123],[108.088923,12.951198],[108.090849,12.951668],[108.091472,12.953276],[108.093655,12.953503],[108.094447,12.955332],[108.096344,12.958631],[108.097841,12.960283],[108.098705,12.96269],[108.101456,12.966623],[108.102127,12.966754],[108.103583,12.968751],[108.10424,12.971789],[108.105329,12.973467],[108.10723,12.973235],[108.10799,12.973981],[108.110416,12.974183],[108.112922,12.973135],[108.114264,12.973483],[108.115213,12.97275],[108.116659,12.972515],[108.118273,12.973658],[108.120452,12.974298],[108.121568,12.975358],[108.123946,12.976471],[108.125157,12.977379],[108.124078,12.97905],[108.123627,12.977717],[108.120056,12.977384],[108.116631,12.9786],[108.11518,12.980416],[108.112889,12.981058],[108.111616,12.981928],[108.109186,12.982394],[108.108113,12.983093],[108.105636,12.985451],[108.104802,12.985611],[108.104633,12.988377],[108.105312,12.998379],[108.106049,13.00376],[108.105329,13.004146],[108.102579,13.003969],[108.101048,13.004478],[108.10004,13.005905],[108.099595,13.009607],[108.099702,13.010508],[108.101021,13.012431],[108.101435,13.013614],[108.101579,13.015885],[108.102029,13.017921],[108.102848,13.020249],[108.103407,13.025276],[108.104676,13.029585],[108.103971,13.030304],[108.104243,13.031147],[108.103543,13.03198],[108.101966,13.034972],[108.101614,13.036717],[108.100749,13.036855],[108.099882,13.038144],[108.100746,13.038698],[108.100842,13.040998],[108.10164,13.04094],[108.102334,13.041825],[108.101878,13.04377],[108.103144,13.045819],[108.105154,13.045429],[108.106124,13.044657],[108.106814,13.045803],[108.10915,13.045179],[108.110174,13.045482],[108.110203,13.047698],[108.109841,13.049285],[108.107847,13.050946],[108.108322,13.05272],[108.107441,13.053114],[108.108228,13.054335],[108.107514,13.056929],[108.106914,13.057478],[108.10554,13.057013],[108.104426,13.056138],[108.104242,13.057603],[108.103094,13.057904],[108.101838,13.056917],[108.100664,13.056701],[108.098039,13.058095],[108.097562,13.058853],[108.096223,13.059062],[108.095231,13.058098],[108.09402,13.058041],[108.092788,13.059089],[108.092049,13.060557],[108.091993,13.062751],[108.091033,13.064526],[108.088304,13.067418],[108.086794,13.066726],[108.086246,13.06462],[108.08527,13.064465],[108.084672,13.065409],[108.084623,13.066996],[108.083502,13.069388],[108.082435,13.069782],[108.080086,13.068839],[108.079099,13.067515],[108.079304,13.066377],[108.080252,13.064513],[108.079868,13.063063],[108.0788,13.062332],[108.07752,13.063035],[108.074049,13.063822],[108.073047,13.063803],[108.071571,13.06299],[108.071083,13.061929],[108.074705,13.06022],[108.07648,13.058387],[108.07719,13.056492],[108.076594,13.055906],[108.069639,13.057784],[108.067569,13.059029],[108.065891,13.05922],[108.065293,13.057109],[108.065735,13.056069],[108.068145,13.054933],[108.069371,13.054031],[108.070137,13.051743],[108.068543,13.050435],[108.067187,13.050461],[108.065889,13.050968],[108.064439,13.052039],[108.062577,13.052684],[108.059039,13.050777],[108.057942,13.05092],[108.056764,13.052242],[108.055583,13.051825],[108.054905,13.050487],[108.053337,13.048391],[108.052071,13.047827],[108.049429,13.048194],[108.04657,13.048094],[108.045407,13.049392],[108.046033,13.051156],[108.047657,13.052562],[108.051563,13.053407],[108.051007,13.055244],[108.049543,13.055675],[108.048903,13.056402],[108.047324,13.056236],[108.043819,13.054378],[108.043068,13.05522],[108.043094,13.056283],[108.044169,13.057725],[108.045263,13.058481],[108.0454,13.059398],[108.044844,13.060672],[108.042964,13.061444],[108.041346,13.063811],[108.040366,13.064532],[108.037998,13.065614],[108.037448,13.067576],[108.039412,13.069556],[108.040789,13.072893],[108.040256,13.073831],[108.038232,13.074476],[108.036823,13.074387],[108.034997,13.074345],[108.033803,13.075911],[108.032506,13.076307],[108.030859,13.074505],[108.027129,13.072164],[108.025752,13.07072],[108.021461,13.071008],[108.017849,13.070144],[108.016034,13.069483],[108.015,13.068533],[108.01347,13.066308],[108.011652,13.064344],[108.011288,13.062839],[108.011254,13.06081],[108.010675,13.057673],[108.009688,13.056384],[108.007652,13.054791],[108.006125,13.052954],[108.003884,13.053339],[108.003637,13.053981],[108.004278,13.055611],[108.002765,13.057282],[108.000822,13.057011],[108.000022,13.055747],[107.999704,13.053748],[107.998773,13.051637],[107.999374,13.048681],[107.999854,13.048366],[108.001094,13.044518],[108.000103,13.042933],[107.999197,13.042635],[107.998289,13.040147],[107.998192,13.037724],[107.998828,13.035276],[108.000547,13.034125],[108.000982,13.03056],[107.999351,13.030007],[107.997871,13.029878],[107.99702,13.027811],[107.996132,13.027663],[107.995672,13.028579],[107.994229,13.028815],[107.993014,13.027499],[107.993148,13.026595],[107.994124,13.024977],[107.992394,13.024585],[107.990533,13.025287],[107.988611,13.023928],[107.986217,13.02353],[107.983486,13.022483],[107.983025,13.021756],[107.982935,13.020171],[107.981747,13.020099],[107.980186,13.021871],[107.978469,13.022848],[107.976901,13.023128],[107.976351,13.024036],[107.976261,13.025988],[107.974413,13.026901],[107.973037,13.026447],[107.972184,13.025522],[107.971935,13.024489],[107.969962,13.023591],[107.968385,13.02204],[107.967035,13.02191],[107.965581,13.020442],[107.957207,13.0151],[107.958383,13.013313],[107.959589,13.010166],[107.960764,13.009194],[107.962905,13.009945],[107.963526,13.010655],[107.963542,13.009774],[107.962494,13.008654],[107.963155,13.007236],[107.964459,13.007051],[107.96528,13.00506],[107.965969,13.004191],[107.965048,13.002941],[107.965453,13.002275],[107.965018,13.000753],[107.96532,12.999712],[107.964422,12.998756],[107.965212,12.996671],[107.966005,12.996304],[107.967569,12.994095],[107.967814,12.992008],[107.967184,12.990959],[107.967684,12.989928],[107.965692,12.989317],[107.965109,12.98616],[107.966158,12.985698],[107.966746,12.984061],[107.966871,12.982663],[107.967933,12.982475],[107.967901,12.979477],[107.969139,12.979076],[107.970349,12.97772],[107.971928,12.978337],[107.97223,12.977833],[107.971679,12.975362],[107.968726,12.97476],[107.968141,12.974014],[107.968349,12.972561],[107.96914,12.972377],[107.969643,12.971369],[107.968262,12.970821],[107.967839,12.96932],[107.966715,12.967298],[107.96628,12.965285],[107.967483,12.963721],[107.968046,12.961908],[107.967069,12.961282],[107.966461,12.960227],[107.96481,12.960496],[107.96264,12.959547],[107.959819,12.956473],[107.958049,12.955515],[107.957719,12.954337],[107.955483,12.950579],[107.954118,12.949672],[107.953227,12.949848],[107.952154,12.949136],[107.950517,12.946305],[107.950361,12.945144],[107.949594,12.944065],[107.949053,12.941859],[107.947211,12.939021],[107.945609,12.936966]]]},"properties":{"@id":"relation/18337738","admin_level":"6","boundary":"administrative","name":"Xã Ea Kiết","type":"boundary"},"id":"relation/18337738"},
{"type":"Feature","geometry":{"type":"Polygon","coordinates":[[[108.023711,12.825344],[108.022335,12.824473],[108.021741,12.826424],[108.019643,12.826826],[108.018729,12.826632],[108.01841,12.828129],[108.016777,12.827233],[108.014649,12.826866],[108.013291,12.82703],[108.011622,12.824949],[108.010835,12.825912],[108.009879,12.825951],[108.008992,12.825134],[108.008406,12.826227],[108.007024,12.826212],[108.006294,12.8279],[108.006458,12.830506],[108.005862,12.831955],[108.006487,12.833325],[108.008052,12.832676],[108.009244,12.832782],[108.009673,12.833986],[108.009322,12.834853],[108.010409,12.836139],[108.010228,12.837024],[108.012015,12.83806],[108.013577,12.840466],[108.013774,12.841959],[108.013798,12.845363],[108.012092,12.846825],[108.012218,12.847979],[108.012935,12.849244],[108.01268,12.849821],[108.010724,12.851474],[108.011066,12.852927],[108.010013,12.853704],[108.009667,12.854564],[108.010243,12.855339],[108.012343,12.855381],[108.013733,12.855851],[108.014278,12.857902],[108.015428,12.858014],[108.015256,12.859655],[108.016052,12.860278],[108.016233,12.861414],[108.015723,12.862549],[108.014164,12.864238],[108.013769,12.865656],[108.01218,12.868269],[108.012549,12.872142],[108.012971,12.873777],[108.012252,12.874451],[108.01288,12.876258],[108.011629,12.877288],[108.011694,12.880019],[108.013027,12.880681],[108.014415,12.882203],[108.014016,12.883621],[108.014997,12.883563],[108.016326,12.884339],[108.015451,12.88573],[108.015508,12.887635],[108.014962,12.888933],[108.015439,12.890384],[108.014103,12.892794],[108.015413,12.893449],[108.015687,12.896551],[108.017994,12.89824],[108.020032,12.898577],[108.021526,12.897977],[108.023656,12.898925],[108.025351,12.900582],[108.026258,12.901868],[108.02477,12.907633],[108.025166,12.907824],[108.024793,12.910321],[108.024327,12.911017],[108.023569,12.915486],[108.024024,12.916562],[108.02324,12.918236],[108.022179,12.918884],[108.020422,12.917022],[108.018407,12.916452],[108.017728,12.916807],[108.015733,12.916495],[108.014913,12.917179],[108.015057,12.918881],[108.01468,12.919787],[108.013375,12.919474],[108.011699,12.920371],[108.010881,12.921389],[108.011489,12.922404],[108.013647,12.922545],[108.015921,12.92591],[108.015019,12.926985],[108.014324,12.926188],[108.012493,12.926706],[108.011556,12.925101],[108.010263,12.924156],[108.008345,12.924219],[108.007348,12.923876],[108.007055,12.922829],[108.00535,12.922413],[108.003417,12.925221],[108.003526,12.926715],[108.004361,12.927761],[108.003807,12.929269],[108.002806,12.929227],[108.001847,12.930391],[108.000833,12.928961],[107.999076,12.927976],[107.999268,12.925756],[107.997585,12.925387],[107.996479,12.924512],[107.99503,12.924276],[107.993688,12.923053],[107.992958,12.923079],[107.991824,12.92212],[107.988432,12.921724],[107.987393,12.922797],[107.984705,12.923128],[107.982338,12.925121],[107.98328,12.925612],[107.983448,12.927393],[107.984748,12.9278],[107.986148,12.930648],[107.984483,12.930908],[107.982996,12.931983],[107.980004,12.931855],[107.96547,12.936995],[107.964088,12.936449],[107.963296,12.935361],[107.961464,12.93667],[107.958999,12.936757],[107.956227,12.936115],[107.955147,12.935491],[107.951236,12.937416],[107.950233,12.936851],[107.949163,12.937335],[107.947208,12.936704],[107.945609,12.936966],[107.944494,12.934828],[107.942468,12.932388],[107.940189,12.930249],[107.939003,12.929724],[107.936727,12.9293],[107.935878,12.927063],[107.93473,12.926227],[107.934224,12.924952],[107.932498,12.923278],[107.931523,12.920291],[107.929556,12.91866],[107.929343,12.917284],[107.927241,12.913176],[107.925296,12.910468],[107.924066,12.909343],[107.926265,12.903701],[107.926066,12.899079],[107.926211,12.895521],[107.925761,12.888589],[107.925784,12.883004],[107.92555,12.877862],[107.927252,12.87628],[107.9288,12.876482],[107.932001,12.875586],[107.933241,12.875521],[107.933848,12.873304],[107.934344,12.872919],[107.934042,12.867581],[107.933317,12.864101],[107.933004,12.861399],[107.931168,12.856333],[107.930333,12.853123],[107.92913,12.85074],[107.928917,12.849331],[107.928196,12.848362],[107.927805,12.846505],[107.9254,12.841858],[107.923695,12.840475],[107.92266,12.838938],[107.921909,12.836186],[107.923669,12.831479],[107.921712,12.830075],[107.920079,12.829652],[107.919313,12.828791],[107.91788,12.825754],[107.916877,12.824172],[107.917905,12.82248],[107.919278,12.82345],[107.919788,12.823268],[107.920769,12.821452],[107.922647,12.82109],[107.92459,12.82279],[107.925215,12.822721],[107.926244,12.821385],[107.926925,12.819551],[107.92891,12.819502],[107.930093,12.820705],[107.932071,12.820617],[107.934552,12.820018],[107.936799,12.819738],[107.93739,12.81812],[107.93793,12.817779],[107.937018,12.815794],[107.937756,12.813988],[107.937951,12.812419],[107.937085,12.80983],[107.938508,12.806906],[107.93963,12.80696],[107.940998,12.806319],[107.942779,12.807094],[107.943628,12.805933],[107.943233,12.804407],[107.944531,12.804363],[107.945482,12.803126],[107.944519,12.802592],[107.944896,12.801508],[107.94687,12.801987],[107.949659,12.801535],[107.950964,12.800976],[107.952414,12.801259],[107.952528,12.800532],[107.951499,12.799488],[107.951516,12.798808],[107.952874,12.798688],[107.954919,12.799012],[107.955113,12.799821],[107.953846,12.802239],[107.955378,12.803513],[107.957866,12.803162],[107.959739,12.801447],[107.961768,12.800528],[107.962781,12.800864],[107.964344,12.802012],[107.967034,12.802541],[107.968253,12.802019],[107.969524,12.803202],[107.970301,12.803283],[107.971141,12.805197],[107.972114,12.804847],[107.973459,12.805659],[107.973566,12.806518],[107.972903,12.808161],[107.974161,12.810318],[107.975855,12.809886],[107.977345,12.808987],[107.979078,12.810203],[107.980371,12.813188],[107.980534,12.814129],[107.983312,12.814199],[107.984671,12.81394],[107.98672,12.815048],[107.985516,12.809119],[107.997429,12.806454],[107.999876,12.806398],[108.003046,12.80701],[108.004704,12.806366],[108.004877,12.80551],[108.004898,12.786025],[108.005077,12.78495],[108.007021,12.785029],[108.00994,12.784368],[108.011093,12.785152],[108.013443,12.785299],[108.014194,12.786681],[108.015232,12.786701],[108.017149,12.787815],[108.018343,12.789752],[108.019747,12.790672],[108.020647,12.792646],[108.018091,12.793384],[108.017908,12.796924],[108.018043,12.798355],[108.019063,12.803787],[108.019844,12.805069],[108.020054,12.80845],[108.022444,12.815856],[108.021145,12.816598],[108.017583,12.81744],[108.018033,12.818722],[108.017754,12.819381],[108.016259,12.819336],[108.015075,12.820225],[108.014944,12.822153],[108.016769,12.821678],[108.017978,12.820691],[108.018695,12.821505],[108.020807,12.821635],[108.021821,12.822928],[108.022227,12.82181],[108.023725,12.823617],[108.023711,12.825344]]]},"properties":{"@id":"relation/18337739","admin_level":"6","boundary":"administrative","name":"Xã Ea M'Droh","type":"boundary"},"id":"relation/18337739"},
{"type":"Feature","geometry":{"type":"Polygon","coordinates":[[[108.023711,12.825344],[108.024945,12.825242],[108.026296,12.824179],[108.027103,12.825083],[108.02838,12.825592],[108.029196,12.82534],[108.029821,12.826798],[108.029737,12.827881],[108.032464,12.827747],[108.033551,12.827425],[108.035501,12.827849],[108.036963,12.827664],[108.038151,12.826526],[108.038958,12.824625],[108.039712,12.82486],[108.041854,12.824298],[108.043096,12.824864],[108.04449,12.824969],[108.045371,12.824473],[108.046894,12.825061],[108.047455,12.826125],[108.049024,12.826547],[108.049826,12.826366],[108.051564,12.825052],[108.054233,12.825276],[108.057268,12.824205],[108.057827,12.823682],[108.060862,12.822853],[108.064965,12.822867],[108.069285,12.822326],[108.070675,12.822391],[108.07052,12.823832],[108.075613,12.82345],[108.075793,12.826908],[108.075621,12.832633],[108.076941,12.833125],[108.077397,12.833974],[108.078417,12.833735],[108.079629,12.834086],[108.080221,12.835327],[108.081917,12.836021],[108.084253,12.837699],[108.085719,12.837958],[108.088353,12.839443],[108.089952,12.840616],[108.089786,12.841486],[108.091482,12.843129],[108.09247,12.843238],[108.095448,12.841181],[108.104105,12.834785],[108.108108,12.841825],[108.110361,12.838852],[108.110768,12.837688],[108.111669,12.83696],[108.112066,12.83588],[108.113264,12.836193],[108.113934,12.837954],[108.114689,12.837093],[108.115621,12.836992],[108.115915,12.834953],[108.117546,12.835137],[108.118254,12.836136],[108.117804,12.83968],[108.118449,12.840182],[108.120405,12.839415],[108.121839,12.839453],[108.122788,12.838252],[108.126571,12.839541],[108.129414,12.839573],[108.130153,12.841389],[108.132316,12.843234],[108.134006,12.843688],[108.138283,12.844253],[108.142226,12.845413],[108.141677,12.848417],[108.141176,12.856191],[108.14103,12.860143],[108.141161,12.861911],[108.140469,12.862415],[108.136869,12.86201],[108.137532,12.863205],[108.136926,12.865647],[108.135351,12.86457],[108.134076,12.862937],[108.131543,12.861926],[108.130748,12.861299],[108.129452,12.861618],[108.129893,12.864646],[108.129545,12.865821],[108.127433,12.866395],[108.127795,12.872919],[108.128616,12.877032],[108.131341,12.87664],[108.131386,12.878571],[108.131872,12.882826],[108.131817,12.886118],[108.132622,12.889889],[108.131535,12.894153],[108.131046,12.894268],[108.130668,12.896656],[108.129581,12.896221],[108.127538,12.896279],[108.126318,12.896982],[108.124562,12.896976],[108.122621,12.896223],[108.119292,12.896065],[108.116485,12.894548],[108.117079,12.904813],[108.115207,12.905453],[108.112814,12.905265],[108.111542,12.906195],[108.110796,12.907347],[108.107116,12.907092],[108.105764,12.906491],[108.103834,12.906857],[108.101191,12.906077],[108.100716,12.906576],[108.097329,12.903955],[108.096721,12.903797],[108.09451,12.904509],[108.094023,12.903942],[108.092648,12.903932],[108.091029,12.902965],[108.089285,12.903161],[108.087951,12.904072],[108.087595,12.905158],[108.084022,12.904012],[108.081224,12.903314],[108.081061,12.90688],[108.081187,12.910086],[108.080846,12.911997],[108.082424,12.912402],[108.08383,12.913275],[108.079697,12.920784],[108.079687,12.921788],[108.077528,12.923516],[108.077099,12.922767],[108.074945,12.923874],[108.074897,12.925792],[108.073302,12.925966],[108.072321,12.926803],[108.069655,12.926864],[108.067199,12.925235],[108.06715,12.923332],[108.065567,12.922575],[108.063364,12.91983],[108.060905,12.919105],[108.057714,12.920756],[108.054294,12.920464],[108.053517,12.918064],[108.052896,12.917458],[108.051134,12.91794],[108.049252,12.91934],[108.047891,12.918585],[108.046224,12.918201],[108.044889,12.91836],[108.043663,12.919124],[108.043104,12.918452],[108.041995,12.919838],[108.040278,12.919396],[108.038609,12.920423],[108.038125,12.919519],[108.03917,12.918734],[108.038456,12.917569],[108.035842,12.91643],[108.035116,12.916917],[108.033542,12.916224],[108.032773,12.916617],[108.031492,12.916414],[108.029942,12.916851],[108.030726,12.919155],[108.029383,12.919813],[108.027899,12.918572],[108.024662,12.918196],[108.02324,12.918236],[108.024024,12.916562],[108.023569,12.915486],[108.024327,12.911017],[108.024793,12.910321],[108.025166,12.907824],[108.02477,12.907633],[108.026258,12.901868],[108.025351,12.900582],[108.023656,12.898925],[108.021526,12.897977],[108.020032,12.898577],[108.017994,12.89824],[108.015687,12.896551],[108.015413,12.893449],[108.014103,12.892794],[108.015439,12.890384],[108.014962,12.888933],[108.015508,12.887635],[108.015451,12.88573],[108.016326,12.884339],[108.014997,12.883563],[108.014016,12.883621],[108.014415,12.882203],[108.013027,12.880681],[108.011694,12.880019],[108.011629,12.877288],[108.01288,12.876258],[108.012252,12.874451],[108.012971,12.873777],[108.012549,12.872142],[108.01218,12.868269],[108.013769,12.865656],[108.014164,12.864238],[108.015723,12.862549],[108.016233,12.861414],[108.016052,12.860278],[108.015256,12.859655],[108.015428,12.858014],[108.014278,12.857902],[108.013733,12.855851],[108.012343,12.855381],[108.010243,12.855339],[108.009667,12.854564],[108.010013,12.853704],[108.011066,12.852927],[108.010724,12.851474],[108.01268,12.849821],[108.012935,12.849244],[108.012218,12.847979],[108.012092,12.846825],[108.013798,12.845363],[108.013774,12.841959],[108.013577,12.840466],[108.012015,12.83806],[108.010228,12.837024],[108.010409,12.836139],[108.009322,12.834853],[108.009673,12.833986],[108.009244,12.832782],[108.008052,12.832676],[108.006487,12.833325],[108.005862,12.831955],[108.006458,12.830506],[108.006294,12.8279],[108.007024,12.826212],[108.008406,12.826227],[108.008992,12.825134],[108.009879,12.825951],[108.010835,12.825912],[108.011622,12.824949],[108.013291,12.82703],[108.014649,12.826866],[108.016777,12.827233],[108.01841,12.828129],[108.018729,12.826632],[108.019643,12.826826],[108.021741,12.826424],[108.022335,12.824473],[108.023711,12.825344]]]},"properties":{"@id":"relation/18337744","admin_level":"6","boundary":"administrative","name":"Xã Cư M'gar","type":"boundary"},"id":"relation/18337744"},
{"type":"Feature","geometry":{"type":"Polygon","coordinates":[[[108.011093,12.785152],[108.01028,12.781045],[108.010632,12.780629],[108.010399,12.778566],[108.009743,12.777734],[108.0081,12.77781],[108.007271,12.778662],[108.006008,12.776721],[108.006939,12.77502],[108.006164,12.774433],[108.006634,12.77329],[108.00644,12.771037],[108.006027,12.770833],[108.006217,12.768887],[108.006727,12.768019],[108.005378,12.766501],[108.006351,12.764267],[108.007309,12.763422],[108.006778,12.762839],[108.006985,12.760999],[108.007609,12.760741],[108.007835,12.757999],[108.009098,12.755441],[108.011823,12.753319],[108.014679,12.75317],[108.01509,12.750894],[108.01738,12.748469],[108.019816,12.747849],[108.020857,12.748506],[108.022061,12.747436],[108.023282,12.747415],[108.025559,12.746264],[108.025682,12.745566],[108.02738,12.7446],[108.029044,12.744229],[108.029935,12.74351],[108.034008,12.744488],[108.038531,12.744455],[108.041793,12.743555],[108.043267,12.744284],[108.045165,12.744706],[108.046372,12.745307],[108.047741,12.744862],[108.049282,12.743917],[108.051503,12.743976],[108.052251,12.743425],[108.053999,12.743868],[108.056793,12.742837],[108.057933,12.742898],[108.059019,12.741982],[108.059901,12.742195],[108.061242,12.741389],[108.062014,12.74332],[108.061606,12.743917],[108.060888,12.74655],[108.065993,12.746293],[108.066135,12.746052],[108.069875,12.74596],[108.069828,12.742139],[108.07927,12.741928],[108.079764,12.743144],[108.080972,12.741516],[108.083139,12.739937],[108.0837,12.741504],[108.083848,12.743665],[108.082608,12.74534],[108.080728,12.745795],[108.083208,12.748565],[108.085089,12.749829],[108.085744,12.751028],[108.083951,12.753203],[108.083198,12.754637],[108.084303,12.755085],[108.083692,12.75594],[108.083764,12.757269],[108.085406,12.75651],[108.087782,12.754119],[108.088484,12.754077],[108.088962,12.755474],[108.088464,12.763809],[108.08905,12.766024],[108.089483,12.769561],[108.093313,12.76954],[108.094456,12.768467],[108.095505,12.76634],[108.096796,12.764927],[108.098742,12.764267],[108.102027,12.763913],[108.105293,12.763233],[108.105528,12.76226],[108.107002,12.762177],[108.110962,12.76079],[108.113477,12.761574],[108.115008,12.761067],[108.116375,12.761596],[108.116333,12.764096],[108.122125,12.765577],[108.124909,12.766477],[108.124813,12.766849],[108.128058,12.768261],[108.127334,12.769982],[108.129877,12.773456],[108.130199,12.773231],[108.132017,12.775606],[108.14332,12.780456],[108.141005,12.782277],[108.137773,12.787767],[108.133769,12.794194],[108.132551,12.794447],[108.1318,12.795718],[108.130563,12.796581],[108.129075,12.799414],[108.127557,12.799853],[108.12792,12.800779],[108.126829,12.801439],[108.122699,12.80057],[108.121046,12.798828],[108.11906,12.797704],[108.116822,12.79564],[108.116254,12.796467],[108.115594,12.801325],[108.115554,12.803782],[108.118424,12.810946],[108.121736,12.816998],[108.12289,12.817308],[108.123392,12.81667],[108.125073,12.816203],[108.126883,12.816291],[108.127567,12.816877],[108.131162,12.817532],[108.132476,12.8174],[108.132837,12.818],[108.135312,12.818019],[108.136315,12.817337],[108.138428,12.825218],[108.145423,12.827849],[108.145348,12.82958],[108.144396,12.832111],[108.144383,12.833254],[108.142935,12.83409],[108.138849,12.835361],[108.136859,12.835668],[108.1348,12.836512],[108.131596,12.838775],[108.129414,12.839573],[108.126571,12.839541],[108.122788,12.838252],[108.121839,12.839453],[108.120405,12.839415],[108.118449,12.840182],[108.117804,12.83968],[108.118254,12.836136],[108.117546,12.835137],[108.115915,12.834953],[108.115621,12.836992],[108.114689,12.837093],[108.113934,12.837954],[108.113264,12.836193],[108.112066,12.83588],[108.111669,12.83696],[108.110768,12.837688],[108.110361,12.838852],[108.108108,12.841825],[108.104105,12.834785],[108.095448,12.841181],[108.09247,12.843238],[108.091482,12.843129],[108.089786,12.841486],[108.089952,12.840616],[108.088353,12.839443],[108.085719,12.837958],[108.084253,12.837699],[108.081917,12.836021],[108.080221,12.835327],[108.079629,12.834086],[108.078417,12.833735],[108.077397,12.833974],[108.076941,12.833125],[108.075621,12.832633],[108.075793,12.826908],[108.075613,12.82345],[108.07052,12.823832],[108.070675,12.822391],[108.069285,12.822326],[108.064965,12.822867],[108.060862,12.822853],[108.057827,12.823682],[108.057268,12.824205],[108.054233,12.825276],[108.051564,12.825052],[108.049826,12.826366],[108.049024,12.826547],[108.047455,12.826125],[108.046894,12.825061],[108.045371,12.824473],[108.04449,12.824969],[108.043096,12.824864],[108.041854,12.824298],[108.039712,12.82486],[108.038958,12.824625],[108.038151,12.826526],[108.036963,12.827664],[108.035501,12.827849],[108.033551,12.827425],[108.032464,12.827747],[108.029737,12.827881],[108.029821,12.826798],[108.029196,12.82534],[108.02838,12.825592],[108.027103,12.825083],[108.026296,12.824179],[108.024945,12.825242],[108.023711,12.825344],[108.023725,12.823617],[108.022227,12.82181],[108.021821,12.822928],[108.020807,12.821635],[108.018695,12.821505],[108.017978,12.820691],[108.016769,12.821678],[108.014944,12.822153],[108.015075,12.820225],[108.016259,12.819336],[108.017754,12.819381],[108.018033,12.818722],[108.017583,12.81744],[108.021145,12.816598],[108.022444,12.815856],[108.020054,12.80845],[108.019844,12.805069],[108.019063,12.803787],[108.018043,12.798355],[108.017908,12.796924],[108.018091,12.793384],[108.020647,12.792646],[108.019747,12.790672],[108.018343,12.789752],[108.017149,12.787815],[108.015232,12.786701],[108.014194,12.786681],[108.013443,12.785299],[108.011093,12.785152]]]},"properties":{"@id":"relation/18337747","admin_level":"6","boundary":"administrative","name":"Xã Quảng Phú","type":"boundary"},"id":"relation/18337747"},
{"type":"Feature","geometry":{"type":"Polygon","coordinates":[[[108.187898,12.830362],[108.188484,12.832245],[108.191544,12.835784],[108.192059,12.838269],[108.191374,12.840171],[108.191127,12.843058],[108.192059,12.844814],[108.19405,12.847054],[108.194628,12.848093],[108.196868,12.848896],[108.200514,12.85059],[108.201379,12.851508],[108.201546,12.852918],[108.202541,12.854997],[108.203699,12.856764],[108.20404,12.857858],[108.204822,12.858154],[108.208216,12.8626],[108.208632,12.863487],[108.210491,12.863641],[108.211395,12.864821],[108.212737,12.864977],[108.214319,12.865841],[108.216227,12.866306],[108.221091,12.867784],[108.222068,12.867426],[108.221423,12.869542],[108.219935,12.87111],[108.217042,12.872971],[108.216157,12.874283],[108.215878,12.876466],[108.215103,12.878203],[108.212695,12.880824],[108.21262,12.882695],[108.213841,12.883987],[108.213252,12.88909],[108.213436,12.893732],[108.212585,12.901035],[108.211835,12.901598],[108.208894,12.902009],[108.207764,12.90179],[108.205672,12.900059],[108.20367,12.901241],[108.20132,12.901472],[108.199948,12.902148],[108.199463,12.903287],[108.199701,12.904252],[108.198902,12.90646],[108.199492,12.906977],[108.198856,12.90879],[108.19784,12.908648],[108.197436,12.909803],[108.198112,12.910601],[108.199695,12.910956],[108.199782,12.912013],[108.199176,12.913851],[108.19938,12.915839],[108.200887,12.918432],[108.202404,12.921584],[108.202993,12.92404],[108.202659,12.925916],[108.202088,12.931314],[108.202396,12.934136],[108.201739,12.940398],[108.201346,12.941954],[108.200692,12.942934],[108.19826,12.945236],[108.194305,12.94775],[108.192016,12.949707],[108.190331,12.950653],[108.187308,12.950825],[108.18704,12.952135],[108.185645,12.951793],[108.185404,12.952754],[108.183123,12.952435],[108.181772,12.952681],[108.179841,12.952297],[108.178987,12.954602],[108.179026,12.955285],[108.177705,12.955701],[108.17573,12.957125],[108.175563,12.957947],[108.172808,12.959619],[108.172639,12.961587],[108.171355,12.961122],[108.169988,12.964913],[108.170719,12.967361],[108.174017,12.96965],[108.172304,12.971305],[108.169881,12.972092],[108.162461,12.973336],[108.160079,12.974342],[108.157325,12.976843],[108.154824,12.978689],[108.153455,12.979041],[108.15133,12.978809],[108.149318,12.978067],[108.148328,12.978142],[108.147069,12.977592],[108.145861,12.977715],[108.143067,12.976698],[108.142331,12.976693],[108.141389,12.974989],[108.141105,12.973839],[108.137636,12.971383],[108.137627,12.970705],[108.135808,12.968345],[108.135029,12.968135],[108.133811,12.965805],[108.1315,12.963764],[108.129341,12.963277],[108.128007,12.965578],[108.129657,12.966364],[108.128155,12.967627],[108.129276,12.970291],[108.128922,12.970918],[108.12739,12.971561],[108.128397,12.97317],[108.125864,12.973793],[108.125636,12.977445],[108.125157,12.977379],[108.123946,12.976471],[108.121568,12.975358],[108.120452,12.974298],[108.118273,12.973658],[108.116659,12.972515],[108.115213,12.97275],[108.114264,12.973483],[108.112922,12.973135],[108.110416,12.974183],[108.10799,12.973981],[108.10723,12.973235],[108.105329,12.973467],[108.10424,12.971789],[108.103583,12.968751],[108.102127,12.966754],[108.101456,12.966623],[108.098705,12.96269],[108.097841,12.960283],[108.096344,12.958631],[108.094447,12.955332],[108.093655,12.953503],[108.091472,12.953276],[108.090849,12.951668],[108.088923,12.951198],[108.087654,12.95123],[108.087176,12.950493],[108.08602,12.950144],[108.084998,12.951063],[108.081822,12.951096],[108.080725,12.950054],[108.079528,12.949615],[108.077855,12.950248],[108.076274,12.948945],[108.075465,12.948952],[108.074981,12.947938],[108.074199,12.947876],[108.073438,12.946698],[108.072254,12.945721],[108.071392,12.945961],[108.069491,12.944325],[108.068314,12.944678],[108.067596,12.945939],[108.067773,12.948597],[108.067118,12.950479],[108.066453,12.950979],[108.064275,12.950786],[108.064211,12.949845],[108.062068,12.948473],[108.061724,12.947805],[108.062301,12.946701],[108.063208,12.946196],[108.062076,12.943522],[108.061293,12.942597],[108.061935,12.941831],[108.061014,12.940309],[108.060807,12.939179],[108.059431,12.938583],[108.05881,12.93736],[108.05748,12.93696],[108.056892,12.935531],[108.055903,12.934425],[108.056016,12.933486],[108.054812,12.931793],[108.0548,12.930606],[108.053796,12.929604],[108.053531,12.927313],[108.051294,12.925785],[108.049526,12.92564],[108.048899,12.924601],[108.047651,12.925047],[108.046272,12.924763],[108.045431,12.923948],[108.044541,12.923933],[108.044339,12.92264],[108.042973,12.922158],[108.043877,12.921379],[108.041995,12.919838],[108.043104,12.918452],[108.043663,12.919124],[108.044889,12.91836],[108.046224,12.918201],[108.047891,12.918585],[108.049252,12.91934],[108.051134,12.91794],[108.052896,12.917458],[108.053517,12.918064],[108.054294,12.920464],[108.057714,12.920756],[108.060905,12.919105],[108.063364,12.91983],[108.065567,12.922575],[108.06715,12.923332],[108.067199,12.925235],[108.069655,12.926864],[108.072321,12.926803],[108.073302,12.925966],[108.074897,12.925792],[108.074945,12.923874],[108.077099,12.922767],[108.077528,12.923516],[108.079687,12.921788],[108.079697,12.920784],[108.08383,12.913275],[108.082424,12.912402],[108.080846,12.911997],[108.081187,12.910086],[108.081061,12.90688],[108.081224,12.903314],[108.084022,12.904012],[108.087595,12.905158],[108.087951,12.904072],[108.089285,12.903161],[108.091029,12.902965],[108.092648,12.903932],[108.094023,12.903942],[108.09451,12.904509],[108.096721,12.903797],[108.097329,12.903955],[108.100716,12.906576],[108.101191,12.906077],[108.103834,12.906857],[108.105764,12.906491],[108.107116,12.907092],[108.110796,12.907347],[108.111542,12.906195],[108.112814,12.905265],[108.115207,12.905453],[108.117079,12.904813],[108.116485,12.894548],[108.119292,12.896065],[108.122621,12.896223],[108.124562,12.896976],[108.126318,12.896982],[108.127538,12.896279],[108.129581,12.896221],[108.130668,12.896656],[108.131046,12.894268],[108.131535,12.894153],[108.132622,12.889889],[108.131817,12.886118],[108.131872,12.882826],[108.131386,12.878571],[108.131341,12.87664],[108.128616,12.877032],[108.127795,12.872919],[108.127433,12.866395],[108.129545,12.865821],[108.129893,12.864646],[108.129452,12.861618],[108.130748,12.861299],[108.131543,12.861926],[108.134076,12.862937],[108.135351,12.86457],[108.136926,12.865647],[108.137532,12.863205],[108.136869,12.86201],[108.140469,12.862415],[108.141161,12.861911],[108.14103,12.860143],[108.141176,12.856191],[108.141677,12.848417],[108.142226,12.845413],[108.138283,12.844253],[108.134006,12.843688],[108.132316,12.843234],[108.130153,12.841389],[108.129414,12.839573],[108.131596,12.838775],[108.1348,12.836512],[108.136859,12.835668],[108.138849,12.835361],[108.142935,12.83409],[108.144383,12.833254],[108.146995,12.83325],[108.147772,12.834558],[108.14922,12.834356],[108.15031,12.833751],[108.152568,12.834369],[108.153183,12.834816],[108.153961,12.833442],[108.155138,12.833005],[108.157394,12.833138],[108.158127,12.833462],[108.159881,12.832079],[108.161656,12.831882],[108.16238,12.833054],[108.16427,12.833237],[108.166095,12.834317],[108.168879,12.833472],[108.170067,12.83373],[108.170299,12.832912],[108.171864,12.831791],[108.173164,12.831461],[108.173406,12.830673],[108.174629,12.830853],[108.174683,12.829915],[108.175501,12.828508],[108.177544,12.82834],[108.179296,12.827407],[108.182418,12.827689],[108.184134,12.828311],[108.184977,12.828145],[108.186886,12.829986],[108.187898,12.830362]]]},"properties":{"@id":"relation/18337751","admin_level":"6","boundary":"administrative","name":"Xã Ea Tul","type":"boundary"},"id":"relation/18337751"},
{"type":"Feature","geometry":{"type":"Polygon","coordinates":[[[108.165881,12.715619],[108.168678,12.71631],[108.16861,12.716842],[108.171583,12.717265],[108.171517,12.717986],[108.173586,12.718458],[108.175951,12.720011],[108.180099,12.720559],[108.180066,12.720799],[108.185142,12.721634],[108.184728,12.726207],[108.183635,12.733035],[108.194186,12.736228],[108.195511,12.736372],[108.196464,12.734404],[108.196458,12.732592],[108.197333,12.731946],[108.199453,12.731079],[108.203171,12.733938],[108.203052,12.735772],[108.204381,12.73661],[108.202928,12.738061],[108.203178,12.740201],[108.202588,12.741683],[108.203051,12.742846],[108.202908,12.745361],[108.204462,12.747378],[108.204554,12.74845],[108.20566,12.750164],[108.208492,12.750388],[108.2113,12.749699],[108.213783,12.749513],[108.21694,12.746381],[108.217301,12.745575],[108.221605,12.745652],[108.22148,12.746766],[108.219913,12.749578],[108.219543,12.751744],[108.220374,12.754985],[108.222982,12.7567],[108.224784,12.75842],[108.227651,12.758874],[108.225182,12.76369],[108.22447,12.766898],[108.223969,12.766867],[108.222864,12.774008],[108.219795,12.781833],[108.217716,12.7836],[108.216393,12.786103],[108.214732,12.78857],[108.213315,12.789365],[108.211045,12.790182],[108.208735,12.790399],[108.205596,12.791434],[108.204228,12.79071],[108.201879,12.789929],[108.200297,12.790226],[108.199732,12.790762],[108.196805,12.795125],[108.199113,12.797372],[108.201465,12.801151],[108.202367,12.803904],[108.204336,12.805668],[108.205648,12.809212],[108.206252,12.810296],[108.207513,12.815026],[108.208561,12.81733],[108.207471,12.820354],[108.206537,12.821949],[108.206279,12.823052],[108.204181,12.82543],[108.201945,12.825364],[108.199957,12.825719],[108.197844,12.825691],[108.195218,12.826497],[108.193395,12.828074],[108.192182,12.828413],[108.190286,12.830001],[108.187898,12.830362],[108.186886,12.829986],[108.184977,12.828145],[108.184134,12.828311],[108.182418,12.827689],[108.179296,12.827407],[108.177544,12.82834],[108.175501,12.828508],[108.174683,12.829915],[108.174629,12.830853],[108.173406,12.830673],[108.173164,12.831461],[108.171864,12.831791],[108.170299,12.832912],[108.170067,12.83373],[108.168879,12.833472],[108.166095,12.834317],[108.16427,12.833237],[108.16238,12.833054],[108.161656,12.831882],[108.159881,12.832079],[108.158127,12.833462],[108.157394,12.833138],[108.155138,12.833005],[108.153961,12.833442],[108.153183,12.834816],[108.152568,12.834369],[108.15031,12.833751],[108.14922,12.834356],[108.147772,12.834558],[108.146995,12.83325],[108.144383,12.833254],[108.144396,12.832111],[108.145348,12.82958],[108.145423,12.827849],[108.138428,12.825218],[108.136315,12.817337],[108.135312,12.818019],[108.132837,12.818],[108.132476,12.8174],[108.131162,12.817532],[108.127567,12.816877],[108.126883,12.816291],[108.125073,12.816203],[108.123392,12.81667],[108.12289,12.817308],[108.121736,12.816998],[108.118424,12.810946],[108.115554,12.803782],[108.115594,12.801325],[108.116254,12.796467],[108.116822,12.79564],[108.11906,12.797704],[108.121046,12.798828],[108.122699,12.80057],[108.126829,12.801439],[108.12792,12.800779],[108.127557,12.799853],[108.129075,12.799414],[108.130563,12.796581],[108.1318,12.795718],[108.132551,12.794447],[108.133769,12.794194],[108.137773,12.787767],[108.141005,12.782277],[108.14332,12.780456],[108.132017,12.775606],[108.130199,12.773231],[108.129877,12.773456],[108.127334,12.769982],[108.128058,12.768261],[108.124813,12.766849],[108.124909,12.766477],[108.122125,12.765577],[108.116333,12.764096],[108.116375,12.761596],[108.116676,12.760798],[108.116778,12.758288],[108.117222,12.755264],[108.118896,12.755369],[108.119181,12.753297],[108.119073,12.751613],[108.117351,12.749893],[108.11712,12.74732],[108.117088,12.743529],[108.118508,12.743719],[108.119585,12.742878],[108.121285,12.74236],[108.121492,12.741888],[108.125417,12.740271],[108.128615,12.738185],[108.130228,12.737675],[108.130897,12.737911],[108.134126,12.736544],[108.13566,12.73707],[108.137005,12.738345],[108.137026,12.739168],[108.139467,12.741221],[108.141325,12.742499],[108.14245,12.740688],[108.143193,12.740706],[108.144138,12.739639],[108.144575,12.738268],[108.14578,12.735953],[108.146948,12.731091],[108.147422,12.72833],[108.148521,12.725356],[108.149417,12.725611],[108.150492,12.724142],[108.153193,12.723709],[108.154041,12.723167],[108.154795,12.723573],[108.157294,12.724049],[108.158096,12.722699],[108.158603,12.720032],[108.159043,12.719227],[108.159188,12.717372],[108.159923,12.716299],[108.161774,12.717058],[108.165789,12.717102],[108.165881,12.715619]]]},"properties":{"@id":"relation/18337753","admin_level":"6","boundary":"administrative","name":"Xã Cuôr Đăng","type":"boundary"},"id":"relation/18337753"},
{"type":"Feature","geometry":{"type":"Polygon","coordinates":[[[107.963526,13.010655],[107.962883,13.009236],[107.960078,13.008181],[107.959377,13.007696],[107.958272,13.005558],[107.956924,13.003815],[107.955013,13.000768],[107.953778,12.998395],[107.950642,12.992893],[107.949029,12.990351],[107.946988,12.987889],[107.946567,12.986609],[107.945802,12.985985],[107.943399,12.986556],[107.940472,12.98494],[107.937206,12.983803],[107.934608,12.983639],[107.932971,12.983979],[107.927462,12.981103],[107.926056,12.980916],[107.923632,12.97924],[107.921707,12.978723],[107.918606,12.978307],[107.917828,12.977956],[107.915311,12.974486],[107.914369,12.974893],[107.912972,12.974758],[107.910681,12.976608],[107.908534,12.977793],[107.907652,12.977583],[107.907609,12.976342],[107.908943,12.975985],[107.908983,12.975035],[107.909737,12.973728],[107.90889,12.971311],[107.909842,12.971038],[107.910596,12.969514],[107.912067,12.970045],[107.912379,12.969232],[107.913621,12.969272],[107.914699,12.967955],[107.916897,12.967752],[107.921191,12.965545],[107.924544,12.962852],[107.924106,12.962186],[107.918337,12.961085],[107.915572,12.961397],[107.913516,12.961311],[107.906774,12.962385],[107.904541,12.963016],[107.902267,12.963963],[107.89831,12.96516],[107.896486,12.965494],[107.893843,12.966471],[107.891861,12.967555],[107.889342,12.969326],[107.887177,12.970426],[107.884871,12.972463],[107.883095,12.973152],[107.88272,12.974252],[107.879891,12.97802],[107.878574,12.980209],[107.876782,12.982467],[107.87553,12.983641],[107.874304,12.98399],[107.872327,12.98405],[107.870411,12.984475],[107.868852,12.98443],[107.867339,12.983844],[107.863016,12.984507],[107.861228,12.984452],[107.857864,12.983448],[107.856281,12.983598],[107.853585,12.984834],[107.852849,12.985582],[107.853245,12.987103],[107.852245,12.989461],[107.849743,12.991795],[107.845413,12.994961],[107.845858,12.996913],[107.845882,12.999028],[107.843372,12.998892],[107.839937,12.996157],[107.837848,12.995055],[107.836254,12.994832],[107.834695,12.995799],[107.832478,12.995723],[107.829568,12.996804],[107.825559,12.996419],[107.82416,12.996668],[107.822571,12.996369],[107.820122,12.996909],[107.819193,12.997807],[107.817678,12.998599],[107.81698,12.998507],[107.815533,12.999493],[107.813981,12.999913],[107.812845,13.001124],[107.811772,13.000376],[107.807451,13.00036],[107.804241,13.000775],[107.803257,13.000429],[107.799753,13.000404],[107.797637,13.000173],[107.796035,13.000332],[107.79222,12.998394],[107.789297,12.996531],[107.788038,12.99615],[107.785276,12.994764],[107.780283,12.993597],[107.774318,12.992604],[107.77147,12.991958],[107.769565,12.991752],[107.768358,12.993276],[107.766751,12.994065],[107.76545,12.995369],[107.765204,12.997057],[107.763138,12.998385],[107.761422,13.00035],[107.759916,13.00281],[107.758243,13.004558],[107.7555,13.006027],[107.754571,13.007265],[107.751942,13.009692],[107.749841,13.011936],[107.747244,13.015246],[107.745633,13.017051],[107.743462,13.018325],[107.741484,13.019858],[107.738419,13.020837],[107.736534,13.020912],[107.733542,13.022428],[107.732423,13.023852],[107.728952,13.026887],[107.728249,13.028832],[107.724975,13.031779],[107.724283,13.034815],[107.7211,13.038509],[107.719795,13.039733],[107.708872,13.051117],[107.706903,13.053559],[107.703809,13.056715],[107.702051,13.058152],[107.69751,13.060703],[107.696687,13.061694],[107.693651,13.063325],[107.69028,13.065596],[107.689422,13.066451],[107.688926,13.067881],[107.686674,13.069496],[107.686661,13.070368],[107.685872,13.071066],[107.678139,13.071808],[107.66318,13.069447],[107.662169,13.0694],[107.656358,13.069892],[107.652503,13.069984],[107.650938,13.070322],[107.647752,13.071392],[107.644145,13.071677],[107.642055,13.072588],[107.639498,13.072976],[107.637285,13.072999],[107.636339,13.073724],[107.633895,13.074689],[107.629929,13.074227],[107.622976,13.073728],[107.618588,13.074014],[107.615258,13.075345],[107.611945,13.076407],[107.608178,13.077311],[107.602013,13.078015],[107.598743,13.078166],[107.595747,13.079002],[107.587233,13.080787],[107.581599,13.081352],[107.579758,13.083515],[107.576371,13.08369],[107.563482,13.086753],[107.562,13.088126],[107.559629,13.088466],[107.55432,13.088419],[107.551351,13.088607],[107.54742,13.088395],[107.544613,13.087921],[107.538092,13.087242],[107.532923,13.08612],[107.52487,13.084649],[107.521475,13.083773],[107.518866,13.084329],[107.495636,13.027155],[107.494359,13.026489],[107.494496,13.022615],[107.493243,13.022452],[107.492976,13.020895],[107.49187,13.021158],[107.491408,13.020435],[107.491421,13.016983],[107.491614,13.014843],[107.492883,13.011814],[107.491966,13.00808],[107.491361,13.00651],[107.490898,13.004298],[107.491159,13.001055],[107.492129,13.000301],[107.494856,12.999566],[107.498284,12.998061],[107.498626,12.996862],[107.498266,12.993177],[107.497858,12.991318],[107.49664,12.98858],[107.496595,12.985789],[107.497785,12.982101],[107.499463,12.980369],[107.500121,12.979052],[107.503344,12.977415],[107.504043,12.976408],[107.50414,12.974572],[107.503041,12.973537],[107.499913,12.972826],[107.49648,12.973707],[107.493916,12.973401],[107.488945,12.971372],[107.48723,12.969911],[107.486831,12.969177],[107.487038,12.967926],[107.489041,12.966191],[107.489931,12.965006],[107.489622,12.9641],[107.487169,12.962065],[107.48628,12.960326],[107.486109,12.957118],[107.487095,12.955836],[107.486373,12.954475],[107.485045,12.95365],[107.486518,12.951806],[107.487787,12.94961],[107.484811,12.948905],[107.484264,12.947779],[107.48539,12.946124],[107.484351,12.944879],[107.484561,12.943455],[107.485747,12.942424],[107.487381,12.942536],[107.488912,12.940909],[107.490091,12.940292],[107.490909,12.939083],[107.492853,12.937608],[107.493104,12.935544],[107.494015,12.934131],[107.49357,12.93285],[107.496095,12.930453],[107.495637,12.929778],[107.494018,12.929121],[107.492732,12.927339],[107.492395,12.926004],[107.492503,12.924002],[107.494377,12.923782],[107.495406,12.923194],[107.494924,12.921241],[107.496398,12.918977],[107.499837,12.916909],[107.502079,12.916332],[107.502248,12.915864],[107.500656,12.913248],[107.499721,12.911332],[107.498727,12.910758],[107.496373,12.91088],[107.495348,12.910156],[107.494688,12.90906],[107.497276,12.904166],[107.495575,12.90207],[107.492592,12.900123],[107.491538,12.898412],[107.491316,12.896876],[107.492003,12.894365],[107.493244,12.893609],[107.495942,12.893531],[107.496655,12.89313],[107.497634,12.888682],[107.49761,12.885901],[107.497981,12.883831],[107.498657,12.87777],[107.501602,12.875265],[107.503211,12.872367],[107.504206,12.87118],[107.50548,12.870286],[107.508055,12.869638],[107.510317,12.869912],[107.511408,12.869308],[107.513007,12.865444],[107.513296,12.863791],[107.513028,12.862407],[107.511909,12.86002],[107.511469,12.857384],[107.51252,12.85641],[107.517464,12.855695],[107.520302,12.854597],[107.521042,12.854048],[107.523494,12.850078],[107.525196,12.848615],[107.525827,12.843488],[107.526783,12.841314],[107.527188,12.839643],[107.531958,12.839274],[107.536124,12.837409],[107.537125,12.836401],[107.538702,12.835946],[107.540748,12.834941],[107.542606,12.832894],[107.542222,12.829156],[107.542852,12.827366],[107.544259,12.825297],[107.54559,12.823773],[107.545302,12.822363],[107.546615,12.821616],[107.549976,12.823419],[107.551095,12.823191],[107.55128,12.822466],[107.550819,12.819611],[107.551587,12.818546],[107.554432,12.817481],[107.554295,12.816094],[107.552667,12.813587],[107.552547,12.812484],[107.552903,12.810266],[107.55229,12.807122],[107.553161,12.805082],[107.554626,12.803789],[107.55523,12.803793],[107.556718,12.804877],[107.557359,12.8044],[107.558864,12.799872],[107.559271,12.796927],[107.560289,12.795458],[107.561667,12.795699],[107.562724,12.79648],[107.56544,12.796815],[107.570368,12.797735],[107.575699,12.797858],[107.576993,12.796736],[107.578967,12.795978],[107.582245,12.79546],[107.586272,12.795673],[107.589884,12.794853],[107.591128,12.795678],[107.592394,12.795957],[107.593015,12.796594],[107.592983,12.798016],[107.594515,12.798543],[107.595197,12.799998],[107.59695,12.799935],[107.597354,12.800796],[107.599002,12.800751],[107.601043,12.802247],[107.60169,12.800991],[107.601539,12.800128],[107.602387,12.798007],[107.604387,12.797578],[107.606498,12.796292],[107.607812,12.795052],[107.610338,12.796741],[107.61146,12.797026],[107.612207,12.79794],[107.614335,12.799052],[107.617967,12.799786],[107.622217,12.799686],[107.623723,12.800134],[107.624582,12.801199],[107.627581,12.802092],[107.629822,12.803066],[107.632261,12.803277],[107.633742,12.804057],[107.634522,12.802914],[107.63669,12.801149],[107.637761,12.802448],[107.638344,12.802118],[107.637823,12.800434],[107.6384,12.799059],[107.638149,12.798228],[107.63966,12.796658],[107.644622,12.796098],[107.649448,12.796442],[107.651884,12.797019],[107.653179,12.797594],[107.65774,12.798337],[107.660974,12.798215],[107.662035,12.797269],[107.663248,12.797254],[107.664706,12.79594],[107.669213,12.796129],[107.674529,12.793854],[107.675339,12.792933],[107.677869,12.79315],[107.678711,12.794567],[107.679357,12.794052],[107.678595,12.791938],[107.678885,12.791458],[107.68171,12.792328],[107.681857,12.791307],[107.683772,12.790221],[107.685431,12.789802],[107.688544,12.789711],[107.698629,12.788922],[107.699597,12.788512],[107.703827,12.788386],[107.707102,12.7871],[107.714097,12.786985],[107.723813,12.785773],[107.731741,12.781076],[107.743943,12.78473],[107.744658,12.784856],[107.747787,12.783383],[107.746809,12.78132],[107.747761,12.78074],[107.751481,12.780334],[107.753103,12.780437],[107.754419,12.779997],[107.757812,12.779746],[107.761391,12.778622],[107.763192,12.778615],[107.763981,12.778959],[107.76537,12.780712],[107.76866,12.779707],[107.769882,12.778824],[107.772304,12.779077],[107.773374,12.778709],[107.77631,12.778859],[107.779526,12.778808],[107.781797,12.779275],[107.78601,12.77877],[107.788142,12.779711],[107.790898,12.779664],[107.792507,12.780496],[107.79445,12.780566],[107.796415,12.779672],[107.797575,12.780217],[107.799749,12.779597],[107.801089,12.780697],[107.802821,12.779962],[107.803892,12.781017],[107.804009,12.781836],[107.806067,12.78348],[107.807682,12.783367],[107.808122,12.784695],[107.806864,12.784662],[107.806685,12.78598],[107.808022,12.786329],[107.809374,12.784973],[107.811277,12.785033],[107.811477,12.785959],[107.810823,12.786763],[107.811547,12.788319],[107.81373,12.789577],[107.816992,12.789938],[107.818222,12.789892],[107.818526,12.791644],[107.819242,12.792381],[107.819264,12.793929],[107.81994,12.794097],[107.819845,12.795568],[107.820915,12.796559],[107.822002,12.796517],[107.82182,12.79902],[107.822995,12.799325],[107.823978,12.801906],[107.822439,12.80297],[107.820401,12.804798],[107.818916,12.806605],[107.817875,12.808272],[107.816414,12.811968],[107.815986,12.814311],[107.815953,12.816393],[107.817046,12.8213],[107.817475,12.824151],[107.817636,12.828844],[107.818235,12.833136],[107.818923,12.83548],[107.821395,12.840017],[107.822032,12.842387],[107.822088,12.843922],[107.820983,12.846963],[107.820007,12.848373],[107.815763,12.852722],[107.814614,12.854809],[107.814077,12.858875],[107.81342,12.860483],[107.812474,12.861351],[107.809248,12.863471],[107.807347,12.865287],[107.806209,12.867211],[107.805784,12.869195],[107.805739,12.871535],[107.805339,12.874375],[107.805662,12.875199],[107.806662,12.875473],[107.808047,12.874253],[107.809999,12.87458],[107.811137,12.87632],[107.812147,12.875808],[107.813921,12.876022],[107.81639,12.875313],[107.818633,12.875307],[107.82041,12.876789],[107.820667,12.878186],[107.820104,12.879445],[107.82171,12.881084],[107.823156,12.881433],[107.826606,12.881631],[107.82838,12.882847],[107.833076,12.884366],[107.835497,12.884192],[107.836515,12.88512],[107.83681,12.886467],[107.836671,12.889346],[107.838044,12.890739],[107.841003,12.89225],[107.844915,12.892838],[107.846226,12.893609],[107.847723,12.895096],[107.848042,12.897279],[107.849814,12.900296],[107.853587,12.903656],[107.852995,12.904993],[107.853256,12.906392],[107.856032,12.907595],[107.859261,12.908008],[107.861549,12.907952],[107.864924,12.907144],[107.867986,12.906991],[107.870953,12.906337],[107.872912,12.906672],[107.876754,12.905565],[107.879313,12.905117],[107.881328,12.903848],[107.883617,12.903597],[107.885335,12.904496],[107.891505,12.904458],[107.892397,12.904938],[107.895114,12.904857],[107.896783,12.905302],[107.902282,12.9052],[107.905676,12.905542],[107.908387,12.906728],[107.913792,12.907755],[107.916076,12.907683],[107.917536,12.908029],[107.921721,12.90847],[107.924066,12.909343],[107.925296,12.910468],[107.927241,12.913176],[107.929343,12.917284],[107.929556,12.91866],[107.931523,12.920291],[107.932498,12.923278],[107.934224,12.924952],[107.93473,12.926227],[107.935878,12.927063],[107.936727,12.9293],[107.939003,12.929724],[107.940189,12.930249],[107.942468,12.932388],[107.944494,12.934828],[107.945609,12.936966],[107.947211,12.939021],[107.949053,12.941859],[107.949594,12.944065],[107.950361,12.945144],[107.950517,12.946305],[107.952154,12.949136],[107.953227,12.949848],[107.954118,12.949672],[107.955483,12.950579],[107.957719,12.954337],[107.958049,12.955515],[107.959819,12.956473],[107.96264,12.959547],[107.96481,12.960496],[107.966461,12.960227],[107.967069,12.961282],[107.968046,12.961908],[107.967483,12.963721],[107.96628,12.965285],[107.966715,12.967298],[107.967839,12.96932],[107.968262,12.970821],[107.969643,12.971369],[107.96914,12.972377],[107.968349,12.972561],[107.968141,12.974014],[107.968726,12.97476],[107.971679,12.975362],[107.97223,12.977833],[107.971928,12.978337],[107.970349,12.97772],[107.969139,12.979076],[107.967901,12.979477],[107.967933,12.982475],[107.966871,12.982663],[107.966746,12.984061],[107.966158,12.985698],[107.965109,12.98616],[107.965692,12.989317],[107.967684,12.989928],[107.967184,12.990959],[107.967814,12.992008],[107.967569,12.994095],[107.966005,12.996304],[107.965212,12.996671],[107.964422,12.998756],[107.96532,12.999712],[107.965018,13.000753],[107.965453,13.002275],[107.965048,13.002941],[107.965969,13.004191],[107.96528,13.00506],[107.964459,13.007051],[107.963155,13.007236],[107.962494,13.008654],[107.963542,13.009774],[107.963526,13.010655]]]},"properties":{"@id":"relation/18364393","admin_level":"6","boundary":"administrative","name":"Xã Buôn Đôn","type":"boundary","wikidata":"Q6440527"},"id":"relation/18364393"},
{"type":"Feature","geometry":{"type":"Polygon","coordinates":[[[107.951516,12.798808],[107.951499,12.799488],[107.952528,12.800532],[107.952414,12.801259],[107.950964,12.800976],[107.949659,12.801535],[107.94687,12.801987],[107.944896,12.801508],[107.944519,12.802592],[107.945482,12.803126],[107.944531,12.804363],[107.943233,12.804407],[107.943628,12.805933],[107.942779,12.807094],[107.940998,12.806319],[107.93963,12.80696],[107.938508,12.806906],[107.937085,12.80983],[107.937951,12.812419],[107.937756,12.813988],[107.937018,12.815794],[107.93793,12.817779],[107.93739,12.81812],[107.936799,12.819738],[107.934552,12.820018],[107.932071,12.820617],[107.930093,12.820705],[107.92891,12.819502],[107.926925,12.819551],[107.926244,12.821385],[107.925215,12.822721],[107.92459,12.82279],[107.922647,12.82109],[107.920769,12.821452],[107.919788,12.823268],[107.919278,12.82345],[107.917905,12.82248],[107.916877,12.824172],[107.91788,12.825754],[107.919313,12.828791],[107.920079,12.829652],[107.921712,12.830075],[107.923669,12.831479],[107.921909,12.836186],[107.92266,12.838938],[107.923695,12.840475],[107.9254,12.841858],[107.927805,12.846505],[107.928196,12.848362],[107.928917,12.849331],[107.92913,12.85074],[107.930333,12.853123],[107.931168,12.856333],[107.933004,12.861399],[107.933317,12.864101],[107.934042,12.867581],[107.934344,12.872919],[107.933848,12.873304],[107.933241,12.875521],[107.932001,12.875586],[107.9288,12.876482],[107.927252,12.87628],[107.92555,12.877862],[107.925784,12.883004],[107.925761,12.888589],[107.926211,12.895521],[107.926066,12.899079],[107.926265,12.903701],[107.924066,12.909343],[107.921721,12.90847],[107.917536,12.908029],[107.916076,12.907683],[107.913792,12.907755],[107.908387,12.906728],[107.905676,12.905542],[107.902282,12.9052],[107.896783,12.905302],[107.895114,12.904857],[107.892397,12.904938],[107.891505,12.904458],[107.885335,12.904496],[107.883617,12.903597],[107.881328,12.903848],[107.879313,12.905117],[107.876754,12.905565],[107.872912,12.906672],[107.870953,12.906337],[107.867986,12.906991],[107.864924,12.907144],[107.861549,12.907952],[107.859261,12.908008],[107.856032,12.907595],[107.853256,12.906392],[107.852995,12.904993],[107.853587,12.903656],[107.849814,12.900296],[107.848042,12.897279],[107.847723,12.895096],[107.846226,12.893609],[107.844915,12.892838],[107.841003,12.89225],[107.838044,12.890739],[107.836671,12.889346],[107.83681,12.886467],[107.836515,12.88512],[107.835497,12.884192],[107.833076,12.884366],[107.82838,12.882847],[107.826606,12.881631],[107.823156,12.881433],[107.82171,12.881084],[107.820104,12.879445],[107.820667,12.878186],[107.82041,12.876789],[107.818633,12.875307],[107.81639,12.875313],[107.813921,12.876022],[107.812147,12.875808],[107.811137,12.87632],[107.809999,12.87458],[107.808047,12.874253],[107.806662,12.875473],[107.805662,12.875199],[107.805339,12.874375],[107.805739,12.871535],[107.805784,12.869195],[107.806209,12.867211],[107.807347,12.865287],[107.809248,12.863471],[107.812474,12.861351],[107.81342,12.860483],[107.814077,12.858875],[107.814614,12.854809],[107.815763,12.852722],[107.820007,12.848373],[107.820983,12.846963],[107.822088,12.843922],[107.822032,12.842387],[107.821395,12.840017],[107.818923,12.83548],[107.818235,12.833136],[107.817636,12.828844],[107.817475,12.824151],[107.817046,12.8213],[107.815953,12.816393],[107.815986,12.814311],[107.816414,12.811968],[107.817875,12.808272],[107.818916,12.806605],[107.820401,12.804798],[107.822439,12.80297],[107.823978,12.801906],[107.825028,12.801455],[107.827628,12.80127],[107.830684,12.801896],[107.83342,12.803043],[107.837229,12.805187],[107.838367,12.806462],[107.839904,12.807471],[107.843062,12.81053],[107.844817,12.811744],[107.846599,12.812448],[107.847942,12.81244],[107.849323,12.811865],[107.851585,12.810281],[107.855512,12.807131],[107.85651,12.805874],[107.85726,12.804097],[107.858364,12.802389],[107.862196,12.798329],[107.864327,12.795794],[107.862989,12.793695],[107.858637,12.787917],[107.855154,12.78424],[107.854225,12.782812],[107.85362,12.780477],[107.853772,12.778255],[107.854833,12.775429],[107.856698,12.772161],[107.856941,12.770765],[107.856681,12.768375],[107.85586,12.765359],[107.855823,12.763174],[107.856822,12.761193],[107.858512,12.759612],[107.86119,12.755808],[107.862616,12.755414],[107.863766,12.754607],[107.864928,12.7544],[107.865683,12.752875],[107.867668,12.751527],[107.868487,12.751641],[107.869611,12.752911],[107.871525,12.752201],[107.876341,12.750744],[107.879445,12.750084],[107.881768,12.748836],[107.884694,12.747922],[107.888972,12.747176],[107.889868,12.750493],[107.891953,12.754154],[107.893223,12.755606],[107.89497,12.757123],[107.897226,12.758527],[107.901172,12.759925],[107.90381,12.760241],[107.916106,12.760454],[107.917372,12.759239],[107.917962,12.757272],[107.917868,12.756062],[107.919572,12.754734],[107.920933,12.754644],[107.922308,12.754013],[107.923129,12.753057],[107.923926,12.753523],[107.925361,12.752677],[107.926233,12.752871],[107.927019,12.750321],[107.928126,12.750542],[107.929807,12.749884],[107.932513,12.751265],[107.93401,12.750662],[107.935209,12.750935],[107.937342,12.752237],[107.937996,12.753716],[107.939741,12.754601],[107.939747,12.756084],[107.94052,12.756759],[107.940185,12.758708],[107.940901,12.759681],[107.941889,12.760036],[107.94311,12.761215],[107.943734,12.762661],[107.944693,12.761195],[107.948409,12.761543],[107.950468,12.761355],[107.951413,12.763337],[107.952428,12.764331],[107.952204,12.766824],[107.953195,12.769046],[107.952442,12.770202],[107.952976,12.771294],[107.952807,12.77301],[107.952041,12.776128],[107.95076,12.777767],[107.950505,12.778786],[107.950811,12.780682],[107.952413,12.782203],[107.952008,12.784026],[107.951591,12.788534],[107.951609,12.793353],[107.950759,12.795545],[107.95073,12.798434],[107.951516,12.798808]]]},"properties":{"@id":"relation/18390685","admin_level":"6","boundary":"administrative","name":"Xã Ea Wer","type":"boundary","wikidata":"Q5324863"},"id":"relation/18390685"},
{"type":"Feature","geometry":{"type":"Polygon","coordinates":[[[108.011093,12.785152],[108.00994,12.784368],[108.007021,12.785029],[108.005077,12.78495],[108.004898,12.786025],[108.004877,12.80551],[108.004704,12.806366],[108.003046,12.80701],[107.999876,12.806398],[107.997429,12.806454],[107.985516,12.809119],[107.98672,12.815048],[107.984671,12.81394],[107.983312,12.814199],[107.980534,12.814129],[107.980371,12.813188],[107.979078,12.810203],[107.977345,12.808987],[107.975855,12.809886],[107.974161,12.810318],[107.972903,12.808161],[107.973566,12.806518],[107.973459,12.805659],[107.972114,12.804847],[107.971141,12.805197],[107.970301,12.803283],[107.969524,12.803202],[107.968253,12.802019],[107.967034,12.802541],[107.964344,12.802012],[107.962781,12.800864],[107.961768,12.800528],[107.959739,12.801447],[107.957866,12.803162],[107.955378,12.803513],[107.953846,12.802239],[107.955113,12.799821],[107.954919,12.799012],[107.952874,12.798688],[107.951516,12.798808],[107.95073,12.798434],[107.950759,12.795545],[107.951609,12.793353],[107.951591,12.788534],[107.952008,12.784026],[107.952413,12.782203],[107.950811,12.780682],[107.950505,12.778786],[107.95076,12.777767],[107.952041,12.776128],[107.952807,12.77301],[107.952976,12.771294],[107.952442,12.770202],[107.953195,12.769046],[107.952204,12.766824],[107.952428,12.764331],[107.951413,12.763337],[107.950468,12.761355],[107.948409,12.761543],[107.944693,12.761195],[107.943734,12.762661],[107.94311,12.761215],[107.941889,12.760036],[107.940901,12.759681],[107.940185,12.758708],[107.94052,12.756759],[107.939747,12.756084],[107.939741,12.754601],[107.937996,12.753716],[107.937342,12.752237],[107.935209,12.750935],[107.93401,12.750662],[107.932513,12.751265],[107.929807,12.749884],[107.928126,12.750542],[107.927019,12.750321],[107.926233,12.752871],[107.925361,12.752677],[107.923926,12.753523],[107.923129,12.753057],[107.922308,12.754013],[107.920933,12.754644],[107.919572,12.754734],[107.917868,12.756062],[107.917962,12.757272],[107.917372,12.759239],[107.916106,12.760454],[107.90381,12.760241],[107.901172,12.759925],[107.897226,12.758527],[107.89497,12.757123],[107.893223,12.755606],[107.891953,12.754154],[107.889868,12.750493],[107.888972,12.747176],[107.905655,12.744251],[107.91235,12.734404],[107.909493,12.73179],[107.905229,12.728346],[107.899371,12.724256],[107.897908,12.722776],[107.896803,12.720524],[107.896313,12.718125],[107.895804,12.712201],[107.896403,12.711022],[107.898511,12.708737],[107.901149,12.706765],[107.904646,12.701984],[107.911797,12.694498],[107.912433,12.692832],[107.911301,12.689974],[107.913195,12.689979],[107.914801,12.689129],[107.915432,12.690976],[107.917188,12.691552],[107.917857,12.690909],[107.919165,12.690629],[107.920958,12.69072],[107.923181,12.689685],[107.927105,12.689131],[107.929553,12.689244],[107.930605,12.687569],[107.930186,12.686936],[107.931584,12.685769],[107.932922,12.686429],[107.935768,12.684481],[107.939599,12.6831],[107.940415,12.681576],[107.941967,12.680897],[107.942243,12.679936],[107.944324,12.678903],[107.945167,12.679145],[107.947186,12.676793],[107.948294,12.67716],[107.953221,12.676171],[107.955012,12.676273],[107.957135,12.67548],[107.958197,12.676519],[107.95991,12.674987],[107.961421,12.67565],[107.962319,12.675254],[107.965061,12.675082],[107.966151,12.674588],[107.966436,12.673707],[107.967552,12.672943],[107.967103,12.672264],[107.967921,12.671041],[107.967841,12.670312],[107.969319,12.669541],[107.970776,12.668163],[107.972657,12.668443],[107.97464,12.669418],[107.976528,12.668909],[107.977397,12.669113],[107.978359,12.670442],[107.979899,12.670352],[107.981864,12.671314],[107.984722,12.671541],[107.984741,12.68177],[107.986094,12.681421],[107.986353,12.683719],[107.985748,12.685257],[107.985955,12.687068],[107.985591,12.687476],[107.987194,12.69504],[107.987476,12.695307],[107.988208,12.699731],[107.98389,12.699556],[107.978375,12.711338],[107.977723,12.713103],[107.97371,12.721605],[107.971987,12.725594],[107.971672,12.725815],[107.970052,12.729483],[107.968925,12.730336],[107.96904,12.730963],[107.965063,12.739077],[107.966745,12.740013],[107.967271,12.741826],[107.969957,12.742965],[107.971315,12.744152],[107.978177,12.735901],[107.978862,12.737511],[107.980659,12.738949],[107.98203,12.738828],[107.983076,12.737967],[107.984729,12.738182],[107.985312,12.739786],[107.986009,12.739197],[107.987199,12.739545],[107.987665,12.740383],[107.989238,12.741201],[107.993739,12.741625],[107.995452,12.741244],[107.996909,12.738633],[107.996975,12.737666],[107.99815,12.736425],[108.002019,12.736727],[108.00302,12.737413],[108.004546,12.73783],[108.007147,12.736866],[108.010419,12.736709],[108.010767,12.736004],[108.011964,12.735519],[108.013831,12.735388],[108.015447,12.735863],[108.016111,12.735519],[108.019056,12.737124],[108.020529,12.738829],[108.023051,12.738356],[108.024172,12.737234],[108.025788,12.737161],[108.026667,12.737557],[108.027282,12.739666],[108.029204,12.74187],[108.029906,12.742263],[108.029935,12.74351],[108.029044,12.744229],[108.02738,12.7446],[108.025682,12.745566],[108.025559,12.746264],[108.023282,12.747415],[108.022061,12.747436],[108.020857,12.748506],[108.019816,12.747849],[108.01738,12.748469],[108.01509,12.750894],[108.014679,12.75317],[108.011823,12.753319],[108.009098,12.755441],[108.007835,12.757999],[108.007609,12.760741],[108.006985,12.760999],[108.006778,12.762839],[108.007309,12.763422],[108.006351,12.764267],[108.005378,12.766501],[108.006727,12.768019],[108.006217,12.768887],[108.006027,12.770833],[108.00644,12.771037],[108.006634,12.77329],[108.006164,12.774433],[108.006939,12.77502],[108.006008,12.776721],[108.007271,12.778662],[108.0081,12.77781],[108.009743,12.777734],[108.010399,12.778566],[108.010632,12.780629],[108.01028,12.781045],[108.011093,12.785152]]]},"properties":{"@id":"relation/18392160","admin_level":"6","boundary":"administrative","name":"Xã Ea Nuôl","type":"boundary"},"id":"relation/18392160"},
{"type":"Feature","geometry":{"type":"Polygon","coordinates":[[[108.096223,13.059062],[108.097562,13.058853],[108.098039,13.058095],[108.100664,13.056701],[108.101838,13.056917],[108.103094,13.057904],[108.104242,13.057603],[108.104426,13.056138],[108.10554,13.057013],[108.106914,13.057478],[108.107514,13.056929],[108.108228,13.054335],[108.107441,13.053114],[108.108322,13.05272],[108.107847,13.050946],[108.109841,13.049285],[108.110203,13.047698],[108.110174,13.045482],[108.10915,13.045179],[108.106814,13.045803],[108.106124,13.044657],[108.105154,13.045429],[108.103144,13.045819],[108.101878,13.04377],[108.102334,13.041825],[108.10164,13.04094],[108.100842,13.040998],[108.100746,13.038698],[108.099882,13.038144],[108.100749,13.036855],[108.101614,13.036717],[108.101966,13.034972],[108.103543,13.03198],[108.104243,13.031147],[108.103971,13.030304],[108.104676,13.029585],[108.103407,13.025276],[108.102848,13.020249],[108.102029,13.017921],[108.101579,13.015885],[108.101435,13.013614],[108.101021,13.012431],[108.099702,13.010508],[108.099595,13.009607],[108.10004,13.005905],[108.101048,13.004478],[108.102579,13.003969],[108.105329,13.004146],[108.106049,13.00376],[108.105312,12.998379],[108.104633,12.988377],[108.104802,12.985611],[108.105636,12.985451],[108.108113,12.983093],[108.109186,12.982394],[108.111616,12.981928],[108.112889,12.981058],[108.11518,12.980416],[108.116631,12.9786],[108.120056,12.977384],[108.123627,12.977717],[108.124078,12.97905],[108.125157,12.977379],[108.125636,12.977445],[108.125864,12.973793],[108.128397,12.97317],[108.12739,12.971561],[108.128922,12.970918],[108.129276,12.970291],[108.128155,12.967627],[108.129657,12.966364],[108.128007,12.965578],[108.129341,12.963277],[108.1315,12.963764],[108.133811,12.965805],[108.135029,12.968135],[108.135808,12.968345],[108.137627,12.970705],[108.137636,12.971383],[108.141105,12.973839],[108.141389,12.974989],[108.142331,12.976693],[108.143067,12.976698],[108.145861,12.977715],[108.147069,12.977592],[108.148328,12.978142],[108.149318,12.978067],[108.15133,12.978809],[108.153455,12.979041],[108.154824,12.978689],[108.157325,12.976843],[108.160079,12.974342],[108.162461,12.973336],[108.169881,12.972092],[108.172304,12.971305],[108.174017,12.96965],[108.174562,12.970285],[108.17473,12.972138],[108.176343,12.974028],[108.177679,12.975965],[108.179068,12.978587],[108.179456,12.980297],[108.17935,12.981781],[108.180772,12.982309],[108.181768,12.98219],[108.183315,12.983498],[108.184291,12.983555],[108.18527,12.98542],[108.186201,12.985822],[108.18876,12.987562],[108.190412,12.987743],[108.193708,12.989185],[108.193094,12.989924],[108.193399,12.990753],[108.191355,12.990952],[108.190975,12.992256],[108.189412,12.992888],[108.189234,12.994046],[108.19315,13.003805],[108.191428,13.00702],[108.191198,13.00808],[108.191493,13.010752],[108.191471,13.019088],[108.191251,13.0245],[108.189438,13.028433],[108.190198,13.029408],[108.190199,13.03038],[108.191528,13.031417],[108.193217,13.032195],[108.195083,13.033546],[108.196189,13.033706],[108.198705,13.035858],[108.202188,13.035439],[108.204458,13.036073],[108.205476,13.037147],[108.20832,13.03857],[108.210418,13.039154],[108.210831,13.040538],[108.212097,13.042766],[108.213033,13.0435],[108.205561,13.04344],[108.20349,13.04246],[108.202421,13.042593],[108.200924,13.04453],[108.19808,13.045089],[108.19568,13.044515],[108.193714,13.043563],[108.192769,13.042662],[108.192185,13.043683],[108.189806,13.044322],[108.184133,13.046102],[108.189065,13.048506],[108.188033,13.049654],[108.186925,13.049351],[108.185457,13.05013],[108.184272,13.051349],[108.184063,13.052368],[108.183156,13.053727],[108.183477,13.05537],[108.182888,13.057505],[108.184319,13.059832],[108.184953,13.061524],[108.184586,13.062324],[108.184862,13.064006],[108.184873,13.066859],[108.183057,13.066756],[108.181709,13.067385],[108.181229,13.068576],[108.182806,13.069266],[108.183552,13.070459],[108.185805,13.069712],[108.187027,13.070303],[108.187781,13.071231],[108.189912,13.071066],[108.191343,13.072178],[108.191495,13.073664],[108.19315,13.074747],[108.193633,13.075528],[108.195275,13.076939],[108.19808,13.078543],[108.189838,13.086643],[108.189993,13.088364],[108.190856,13.089842],[108.192657,13.090937],[108.194361,13.091584],[108.195301,13.093156],[108.196371,13.093717],[108.197292,13.094877],[108.198112,13.096862],[108.200246,13.096972],[108.201661,13.096765],[108.204925,13.098356],[108.205703,13.099083],[108.205043,13.101414],[108.205657,13.104515],[108.204141,13.106528],[108.198463,13.109472],[108.195662,13.112124],[108.195004,13.114018],[108.194186,13.114358],[108.19302,13.115758],[108.192796,13.117547],[108.19065,13.119857],[108.186981,13.11984],[108.186568,13.121043],[108.185616,13.121605],[108.185627,13.122425],[108.184671,13.123117],[108.183836,13.122743],[108.182469,13.123122],[108.181514,13.12159],[108.18055,13.121322],[108.178434,13.119626],[108.177312,13.120987],[108.174986,13.120727],[108.173082,13.121645],[108.171751,13.12137],[108.171068,13.121925],[108.169949,13.121755],[108.168373,13.122883],[108.167909,13.123916],[108.166763,13.124983],[108.166922,13.126483],[108.166438,13.127387],[108.165497,13.12753],[108.163705,13.123931],[108.164241,13.12309],[108.162761,13.122703],[108.162568,13.1217],[108.161362,13.121325],[108.159647,13.12147],[108.157627,13.120906],[108.154896,13.119041],[108.153057,13.116776],[108.152018,13.117389],[108.147228,13.115535],[108.145957,13.11519],[108.143002,13.114923],[108.140721,13.112675],[108.140077,13.112398],[108.139907,13.110808],[108.138294,13.109084],[108.138437,13.106615],[108.138932,13.105987],[108.137856,13.10404],[108.137232,13.103555],[108.136717,13.100791],[108.134549,13.099866],[108.133489,13.09531],[108.131803,13.092977],[108.131192,13.092946],[108.130912,13.091303],[108.130242,13.089955],[108.130607,13.088507],[108.129474,13.086369],[108.128666,13.085632],[108.128456,13.084528],[108.126812,13.083214],[108.124287,13.08281],[108.123849,13.081729],[108.122244,13.082094],[108.121879,13.0809],[108.120498,13.080913],[108.120454,13.07939],[108.119794,13.078517],[108.118276,13.077795],[108.116828,13.077862],[108.113835,13.076772],[108.111559,13.076438],[108.111005,13.075363],[108.111198,13.07442],[108.109072,13.074957],[108.108171,13.073574],[108.109917,13.071199],[108.109319,13.070255],[108.109994,13.069124],[108.108776,13.06818],[108.109211,13.065896],[108.106456,13.06636],[108.106214,13.068156],[108.107616,13.069836],[108.106981,13.071],[108.104766,13.067272],[108.104655,13.069016],[108.10372,13.070202],[108.103538,13.071565],[108.102033,13.069298],[108.102362,13.067666],[108.10167,13.066472],[108.099626,13.066441],[108.100493,13.064973],[108.100961,13.063157],[108.100837,13.062249],[108.099726,13.059606],[108.098023,13.060071],[108.096722,13.062105],[108.09493,13.061487],[108.096223,13.059062]]]},"properties":{"@id":"relation/18496865","admin_level":"6","boundary":"administrative","name":"Xã Cư Pơng","type":"boundary"},"id":"relation/18496865"},
{"type":"Feature","geometry":{"type":"Polygon","coordinates":[[[108.279617,12.995217],[108.280555,12.994837],[108.282446,12.995053],[108.284622,12.995855],[108.28663,12.994877],[108.288127,12.994505],[108.288516,12.993947],[108.290504,12.994078],[108.290463,12.995573],[108.289763,12.998233],[108.288864,12.999643],[108.289012,13.002802],[108.288449,13.002775],[108.287725,13.004432],[108.287838,13.006429],[108.286867,13.006779],[108.287108,13.010307],[108.285925,13.013496],[108.286015,13.014478],[108.287344,13.015436],[108.28806,13.018115],[108.288114,13.019156],[108.289624,13.021079],[108.291966,13.023302],[108.293231,13.025253],[108.294893,13.027024],[108.296344,13.027588],[108.296909,13.028269],[108.298306,13.030489],[108.299087,13.033071],[108.299647,13.036438],[108.299312,13.038156],[108.299681,13.0393],[108.299393,13.041375],[108.299696,13.042414],[108.299189,13.045376],[108.296249,13.04666],[108.295678,13.050236],[108.293649,13.052455],[108.291913,13.053194],[108.291501,13.053782],[108.288031,13.056805],[108.288771,13.057753],[108.287407,13.059089],[108.286134,13.0608],[108.282685,13.057469],[108.279705,13.060374],[108.281518,13.062041],[108.278423,13.06335],[108.276678,13.064408],[108.275569,13.065466],[108.275911,13.066744],[108.27473,13.067962],[108.27518,13.069383],[108.276386,13.070586],[108.277634,13.071281],[108.27668,13.074819],[108.277623,13.076476],[108.27804,13.079177],[108.277957,13.085897],[108.278649,13.090277],[108.277347,13.090997],[108.277879,13.092035],[108.278003,13.093689],[108.275835,13.09418],[108.274808,13.09413],[108.27427,13.0954],[108.275204,13.097056],[108.274966,13.097988],[108.277273,13.098448],[108.2815,13.100857],[108.28211,13.101554],[108.28311,13.104328],[108.28329,13.106231],[108.283056,13.10739],[108.284526,13.111612],[108.284218,13.113003],[108.283036,13.114624],[108.281851,13.115175],[108.28094,13.116924],[108.279265,13.118331],[108.278949,13.119057],[108.278706,13.122624],[108.278005,13.123693],[108.277087,13.124048],[108.274909,13.124182],[108.274044,13.124905],[108.272369,13.125096],[108.272283,13.124302],[108.268766,13.123137],[108.26738,13.123441],[108.265882,13.122265],[108.264053,13.122459],[108.262763,13.124394],[108.260219,13.126427],[108.257824,13.126224],[108.25681,13.125519],[108.255835,13.12317],[108.25644,13.120422],[108.257137,13.118821],[108.252164,13.118696],[108.252183,13.11833],[108.249041,13.11783],[108.24874,13.1174],[108.246859,13.117421],[108.245483,13.116549],[108.245249,13.115261],[108.242457,13.115565],[108.239729,13.114987],[108.239523,13.114372],[108.237637,13.113461],[108.235789,13.11339],[108.23492,13.112855],[108.234411,13.11119],[108.233496,13.110491],[108.22689,13.108182],[108.223169,13.105888],[108.221807,13.107709],[108.221083,13.107899],[108.217599,13.107818],[108.216015,13.108177],[108.214993,13.111315],[108.213318,13.112905],[108.210492,13.114965],[108.209631,13.116016],[108.208742,13.116081],[108.20523,13.117586],[108.204998,13.117931],[108.200642,13.120004],[108.197567,13.122306],[108.195773,13.123079],[108.195049,13.123881],[108.193888,13.123162],[108.192161,13.12281],[108.190152,13.123228],[108.189242,13.123015],[108.187694,13.123586],[108.187028,13.122762],[108.185627,13.122425],[108.185616,13.121605],[108.186568,13.121043],[108.186981,13.11984],[108.19065,13.119857],[108.192796,13.117547],[108.19302,13.115758],[108.194186,13.114358],[108.195004,13.114018],[108.195662,13.112124],[108.198463,13.109472],[108.204141,13.106528],[108.205657,13.104515],[108.205043,13.101414],[108.205703,13.099083],[108.204925,13.098356],[108.201661,13.096765],[108.200246,13.096972],[108.198112,13.096862],[108.197292,13.094877],[108.196371,13.093717],[108.195301,13.093156],[108.194361,13.091584],[108.192657,13.090937],[108.190856,13.089842],[108.189993,13.088364],[108.189838,13.086643],[108.19808,13.078543],[108.195275,13.076939],[108.193633,13.075528],[108.19315,13.074747],[108.191495,13.073664],[108.191343,13.072178],[108.189912,13.071066],[108.187781,13.071231],[108.187027,13.070303],[108.185805,13.069712],[108.183552,13.070459],[108.182806,13.069266],[108.181229,13.068576],[108.181709,13.067385],[108.183057,13.066756],[108.184873,13.066859],[108.184862,13.064006],[108.184586,13.062324],[108.184953,13.061524],[108.184319,13.059832],[108.182888,13.057505],[108.183477,13.05537],[108.183156,13.053727],[108.184063,13.052368],[108.184272,13.051349],[108.185457,13.05013],[108.186925,13.049351],[108.188033,13.049654],[108.189065,13.048506],[108.184133,13.046102],[108.189806,13.044322],[108.192185,13.043683],[108.192769,13.042662],[108.193714,13.043563],[108.19568,13.044515],[108.19808,13.045089],[108.200924,13.04453],[108.202421,13.042593],[108.20349,13.04246],[108.205561,13.04344],[108.213033,13.0435],[108.212097,13.042766],[108.210831,13.040538],[108.210418,13.039154],[108.20832,13.03857],[108.205476,13.037147],[108.204458,13.036073],[108.202188,13.035439],[108.198705,13.035858],[108.196189,13.033706],[108.195083,13.033546],[108.193217,13.032195],[108.191528,13.031417],[108.190199,13.03038],[108.190198,13.029408],[108.189438,13.028433],[108.191251,13.0245],[108.191471,13.019088],[108.191493,13.010752],[108.191198,13.00808],[108.191428,13.00702],[108.19315,13.003805],[108.189234,12.994046],[108.189412,12.992888],[108.190975,12.992256],[108.191355,12.990952],[108.193399,12.990753],[108.193094,12.989924],[108.193708,12.989185],[108.195782,12.989133],[108.200921,12.990838],[108.202015,12.990767],[108.203279,12.991939],[108.205844,12.993079],[108.206684,12.994277],[108.208187,12.995053],[108.213706,12.996305],[108.214771,12.996072],[108.214798,12.998074],[108.215824,12.999396],[108.217651,12.999644],[108.218824,12.998905],[108.221315,12.998588],[108.223419,12.998787],[108.225156,12.999804],[108.22642,12.999441],[108.229304,12.999741],[108.229913,12.998764],[108.230717,12.99868],[108.231643,12.996694],[108.23331,12.996585],[108.235379,12.996911],[108.237302,12.996514],[108.240065,12.996962],[108.241674,12.996656],[108.243133,12.997231],[108.243647,12.997937],[108.245704,12.998951],[108.249225,12.999138],[108.253653,13.000465],[108.255046,13.000485],[108.258358,12.999747],[108.260839,13.000119],[108.262805,13.000853],[108.264081,13.000943],[108.26506,13.000366],[108.265248,12.999548],[108.266438,12.999346],[108.268262,12.999838],[108.270502,13.00133],[108.272174,12.997776],[108.271548,12.995223],[108.272014,12.994621],[108.273923,12.994259],[108.274512,12.994841],[108.27571,12.994604],[108.277138,12.995196],[108.279617,12.995217]]]},"properties":{"@id":"relation/18496866","admin_level":"6","boundary":"administrative","name":"Xã Krông Búk","type":"boundary"},"id":"relation/18496866"},
{"type":"Feature","geometry":{"type":"Polygon","coordinates":[[[108.279617,12.995217],[108.277138,12.995196],[108.27571,12.994604],[108.274512,12.994841],[108.273923,12.994259],[108.272014,12.994621],[108.271548,12.995223],[108.272174,12.997776],[108.270502,13.00133],[108.268262,12.999838],[108.266438,12.999346],[108.265248,12.999548],[108.26506,13.000366],[108.264081,13.000943],[108.262805,13.000853],[108.260839,13.000119],[108.258358,12.999747],[108.255046,13.000485],[108.253653,13.000465],[108.249225,12.999138],[108.245704,12.998951],[108.243647,12.997937],[108.243133,12.997231],[108.241674,12.996656],[108.240065,12.996962],[108.237302,12.996514],[108.235379,12.996911],[108.23331,12.996585],[108.231643,12.996694],[108.230717,12.99868],[108.229913,12.998764],[108.229304,12.999741],[108.22642,12.999441],[108.225156,12.999804],[108.223419,12.998787],[108.221315,12.998588],[108.218824,12.998905],[108.217651,12.999644],[108.215824,12.999396],[108.214798,12.998074],[108.214771,12.996072],[108.213706,12.996305],[108.208187,12.995053],[108.206684,12.994277],[108.205844,12.993079],[108.203279,12.991939],[108.202015,12.990767],[108.200921,12.990838],[108.195782,12.989133],[108.193708,12.989185],[108.190412,12.987743],[108.18876,12.987562],[108.186201,12.985822],[108.18527,12.98542],[108.184291,12.983555],[108.183315,12.983498],[108.181768,12.98219],[108.180772,12.982309],[108.17935,12.981781],[108.179456,12.980297],[108.179068,12.978587],[108.177679,12.975965],[108.176343,12.974028],[108.17473,12.972138],[108.174562,12.970285],[108.174017,12.96965],[108.170719,12.967361],[108.169988,12.964913],[108.171355,12.961122],[108.172639,12.961587],[108.172808,12.959619],[108.175563,12.957947],[108.17573,12.957125],[108.177705,12.955701],[108.179026,12.955285],[108.178987,12.954602],[108.179841,12.952297],[108.181772,12.952681],[108.183123,12.952435],[108.185404,12.952754],[108.185645,12.951793],[108.18704,12.952135],[108.187308,12.950825],[108.190331,12.950653],[108.192016,12.949707],[108.194305,12.94775],[108.19826,12.945236],[108.200692,12.942934],[108.201346,12.941954],[108.201739,12.940398],[108.202396,12.934136],[108.202088,12.931314],[108.202659,12.925916],[108.202993,12.92404],[108.202404,12.921584],[108.200887,12.918432],[108.19938,12.915839],[108.199176,12.913851],[108.199782,12.912013],[108.199695,12.910956],[108.198112,12.910601],[108.197436,12.909803],[108.19784,12.908648],[108.198856,12.90879],[108.199492,12.906977],[108.198902,12.90646],[108.199701,12.904252],[108.199463,12.903287],[108.199948,12.902148],[108.20132,12.901472],[108.20367,12.901241],[108.205672,12.900059],[108.207764,12.90179],[108.208894,12.902009],[108.211835,12.901598],[108.212028,12.902284],[108.214055,12.901081],[108.21512,12.901665],[108.218943,12.901791],[108.219476,12.902263],[108.221538,12.901684],[108.226013,12.901929],[108.226372,12.905077],[108.227713,12.905361],[108.22818,12.908088],[108.229526,12.908392],[108.229862,12.91007],[108.232112,12.91062],[108.232864,12.911449],[108.232906,12.912434],[108.231606,12.913574],[108.230626,12.914932],[108.231042,12.915545],[108.231412,12.918271],[108.232839,12.918643],[108.231495,12.92019],[108.231517,12.921291],[108.23061,12.921958],[108.228392,12.922241],[108.228416,12.923965],[108.227893,12.926595],[108.227169,12.927821],[108.225846,12.928106],[108.226665,12.929214],[108.229264,12.931111],[108.230677,12.934616],[108.23212,12.936417],[108.232525,12.938322],[108.235945,12.939107],[108.239201,12.941143],[108.240676,12.942262],[108.241784,12.942398],[108.243895,12.943456],[108.24323,12.944143],[108.242728,12.945699],[108.244955,12.9468],[108.247014,12.948415],[108.248439,12.948181],[108.251062,12.945227],[108.252425,12.944175],[108.255067,12.941196],[108.258869,12.944669],[108.260568,12.945709],[108.262689,12.946512],[108.265093,12.947058],[108.269381,12.94836],[108.273129,12.948474],[108.271687,12.945806],[108.272349,12.944709],[108.272058,12.943212],[108.271235,12.942165],[108.272543,12.941028],[108.273287,12.939844],[108.273345,12.938849],[108.275977,12.938274],[108.27622,12.937293],[108.278009,12.937408],[108.279145,12.9383],[108.279356,12.936775],[108.280218,12.935623],[108.278703,12.935175],[108.278691,12.934582],[108.280094,12.933811],[108.280172,12.93237],[108.281491,12.933314],[108.28136,12.93154],[108.28206,12.930778],[108.282274,12.9288],[108.283535,12.929714],[108.284519,12.928462],[108.285517,12.929041],[108.288126,12.92905],[108.295788,12.929314],[108.298975,12.929522],[108.299594,12.930153],[108.301408,12.930624],[108.299575,12.936443],[108.298513,12.942576],[108.294924,12.941614],[108.294479,12.943041],[108.290788,12.944374],[108.285007,12.945498],[108.283876,12.945867],[108.283901,12.947751],[108.282419,12.948776],[108.284055,12.950177],[108.286218,12.950809],[108.287441,12.952216],[108.287414,12.95276],[108.288732,12.954202],[108.290185,12.957961],[108.290713,12.960335],[108.290815,12.962776],[108.289893,12.964393],[108.289872,12.965252],[108.291012,12.966415],[108.293369,12.966214],[108.295442,12.966582],[108.295165,12.968438],[108.297593,12.969418],[108.293379,12.974989],[108.292657,12.977146],[108.289203,12.980166],[108.287953,12.981773],[108.285749,12.984056],[108.284305,12.984494],[108.280502,12.984827],[108.277741,12.985995],[108.276057,12.987887],[108.276696,12.989892],[108.276552,12.992021],[108.277903,12.994479],[108.279617,12.995217]]]},"properties":{"@id":"relation/18496868","admin_level":"6","boundary":"administrative","name":"Xã Pơng Drang","type":"boundary"},"id":"relation/18496868"},
{"type":"Feature","geometry":{"type":"Polygon","coordinates":[[[108.374159,13.023186],[108.373645,13.024473],[108.371608,13.026297],[108.371395,13.027473],[108.373686,13.029588],[108.372999,13.030987],[108.372949,13.032519],[108.373698,13.033534],[108.37362,13.03474],[108.372164,13.034309],[108.371057,13.034873],[108.369296,13.034653],[108.368865,13.035688],[108.370108,13.036543],[108.372199,13.038522],[108.373224,13.040092],[108.373116,13.041797],[108.373778,13.043512],[108.373862,13.04518],[108.372999,13.045979],[108.371812,13.046061],[108.37238,13.047852],[108.372179,13.049367],[108.37289,13.049999],[108.374108,13.049752],[108.37598,13.051485],[108.376858,13.053334],[108.377594,13.053453],[108.378635,13.051116],[108.38067,13.052755],[108.381992,13.051351],[108.381352,13.050459],[108.383165,13.049506],[108.383907,13.04998],[108.383702,13.051552],[108.384341,13.052111],[108.385462,13.051455],[108.386615,13.055085],[108.388132,13.054804],[108.388446,13.053074],[108.390138,13.051667],[108.391746,13.05283],[108.393533,13.05191],[108.395146,13.051898],[108.396846,13.054044],[108.397896,13.054124],[108.398267,13.055878],[108.397735,13.058263],[108.398434,13.06202],[108.399533,13.063751],[108.399237,13.065577],[108.398632,13.065928],[108.398966,13.068949],[108.399674,13.069922],[108.400628,13.072601],[108.402045,13.074342],[108.403413,13.075454],[108.403819,13.078517],[108.405211,13.080346],[108.407044,13.080816],[108.407164,13.081426],[108.406258,13.084124],[108.406789,13.085604],[108.406622,13.086851],[108.407916,13.086935],[108.408818,13.085787],[108.409679,13.086243],[108.410322,13.08735],[108.409359,13.089371],[108.413213,13.089492],[108.414468,13.090057],[108.41534,13.09252],[108.416857,13.093607],[108.417088,13.095229],[108.417645,13.095865],[108.419586,13.095493],[108.42008,13.098691],[108.420613,13.09975],[108.419613,13.100994],[108.418407,13.101068],[108.416712,13.102701],[108.415597,13.103393],[108.415437,13.104585],[108.417195,13.106329],[108.418417,13.107082],[108.417961,13.107867],[108.416991,13.107983],[108.416376,13.108777],[108.413106,13.11089],[108.411707,13.111247],[108.41051,13.113404],[108.409889,13.116073],[108.41163,13.116893],[108.412569,13.11681],[108.415365,13.118377],[108.417893,13.119383],[108.420033,13.118662],[108.42086,13.12022],[108.421482,13.12053],[108.424516,13.12054],[108.425764,13.121026],[108.427426,13.120783],[108.428958,13.122063],[108.429652,13.123216],[108.431031,13.123152],[108.433098,13.124],[108.43497,13.125771],[108.435678,13.1261],[108.435872,13.128225],[108.434951,13.129364],[108.435289,13.131344],[108.432306,13.136428],[108.432153,13.13752],[108.430922,13.138568],[108.43099,13.140154],[108.430102,13.140857],[108.43017,13.141722],[108.428565,13.143206],[108.427323,13.143928],[108.425727,13.144273],[108.424794,13.145731],[108.423852,13.146252],[108.422661,13.148661],[108.420685,13.150225],[108.419642,13.151369],[108.418457,13.151878],[108.417036,13.151656],[108.415498,13.152405],[108.415084,13.153039],[108.413973,13.152702],[108.412512,13.153174],[108.41252,13.154133],[108.410965,13.155314],[108.410502,13.156298],[108.411443,13.156983],[108.408867,13.158887],[108.406494,13.158349],[108.405806,13.159312],[108.405238,13.157333],[108.405176,13.155149],[108.404315,13.154159],[108.401966,13.153752],[108.399798,13.152762],[108.395983,13.155939],[108.392239,13.156852],[108.391452,13.156652],[108.388907,13.154425],[108.384486,13.152472],[108.382673,13.152377],[108.381222,13.153149],[108.379419,13.152664],[108.379507,13.151773],[108.378339,13.151102],[108.378553,13.149838],[108.377629,13.149001],[108.37656,13.147017],[108.375792,13.14726],[108.373132,13.144597],[108.372113,13.14408],[108.372141,13.143242],[108.370959,13.141818],[108.37005,13.139274],[108.368821,13.138167],[108.369048,13.137078],[108.366977,13.136806],[108.366284,13.135433],[108.365876,13.133548],[108.36707,13.130717],[108.367357,13.127204],[108.366276,13.12629],[108.364699,13.125758],[108.363541,13.126659],[108.362355,13.129342],[108.360322,13.129681],[108.3593,13.131198],[108.357565,13.131492],[108.35676,13.13218],[108.356656,13.133352],[108.355948,13.134755],[108.354754,13.135514],[108.353348,13.137424],[108.352396,13.137338],[108.34982,13.139008],[108.348016,13.139034],[108.346896,13.140223],[108.348337,13.142954],[108.346192,13.143216],[108.344628,13.144299],[108.34422,13.145894],[108.343268,13.145869],[108.341799,13.144475],[108.338514,13.1418],[108.336933,13.141721],[108.335245,13.14209],[108.334794,13.1426],[108.333545,13.141728],[108.332381,13.142301],[108.331311,13.141296],[108.331096,13.142666],[108.329535,13.143662],[108.32921,13.144344],[108.327238,13.144723],[108.326056,13.145832],[108.32386,13.146026],[108.321974,13.145841],[108.319834,13.147405],[108.317717,13.148001],[108.315554,13.149171],[108.31403,13.149606],[108.313273,13.148815],[108.312033,13.148448],[108.313207,13.146013],[108.314876,13.145007],[108.315507,13.142699],[108.31493,13.141444],[108.314107,13.140719],[108.311621,13.139985],[108.311517,13.138539],[108.310438,13.136202],[108.306817,13.133609],[108.299897,13.130132],[108.297695,13.129572],[108.295369,13.130004],[108.292718,13.130136],[108.290633,13.130469],[108.288281,13.1298],[108.286148,13.128161],[108.285066,13.126159],[108.281615,13.124402],[108.280891,13.12484],[108.278929,13.124968],[108.278005,13.123693],[108.278706,13.122624],[108.278949,13.119057],[108.279265,13.118331],[108.28094,13.116924],[108.281851,13.115175],[108.283036,13.114624],[108.284218,13.113003],[108.284526,13.111612],[108.283056,13.10739],[108.28329,13.106231],[108.28311,13.104328],[108.28211,13.101554],[108.2815,13.100857],[108.277273,13.098448],[108.274966,13.097988],[108.275204,13.097056],[108.27427,13.0954],[108.274808,13.09413],[108.275835,13.09418],[108.278003,13.093689],[108.277879,13.092035],[108.277347,13.090997],[108.278649,13.090277],[108.277957,13.085897],[108.27804,13.079177],[108.277623,13.076476],[108.27668,13.074819],[108.277634,13.071281],[108.276386,13.070586],[108.27518,13.069383],[108.27473,13.067962],[108.275911,13.066744],[108.275569,13.065466],[108.276678,13.064408],[108.278423,13.06335],[108.281518,13.062041],[108.279705,13.060374],[108.282685,13.057469],[108.286134,13.0608],[108.287407,13.059089],[108.288771,13.057753],[108.288031,13.056805],[108.291501,13.053782],[108.291913,13.053194],[108.293649,13.052455],[108.295678,13.050236],[108.296249,13.04666],[108.299189,13.045376],[108.299696,13.042414],[108.299393,13.041375],[108.299681,13.0393],[108.299312,13.038156],[108.299647,13.036438],[108.299087,13.033071],[108.298306,13.030489],[108.296909,13.028269],[108.29818,13.02583],[108.299311,13.026194],[108.301924,13.025766],[108.302708,13.025062],[108.303519,13.022481],[108.305336,13.021738],[108.306946,13.019553],[108.308501,13.019402],[108.31025,13.016506],[108.311307,13.015733],[108.311133,13.011975],[108.3104,13.010028],[108.309488,13.00899],[108.311283,13.0075],[108.311275,13.006317],[108.313558,13.006011],[108.313912,13.002964],[108.314957,13.000332],[108.317899,12.998292],[108.319039,12.996718],[108.321174,12.994979],[108.322021,12.992852],[108.321236,12.989912],[108.318948,12.98682],[108.31949,12.986566],[108.323339,12.986723],[108.324578,12.98711],[108.326996,12.989125],[108.328275,12.989452],[108.330308,12.99201],[108.331863,12.992993],[108.334664,12.994321],[108.334736,12.995207],[108.335828,12.995507],[108.334119,12.999907],[108.334945,13.001294],[108.333108,13.002378],[108.332816,13.003353],[108.33167,13.004833],[108.331035,13.005041],[108.329569,13.007422],[108.328929,13.01013],[108.329293,13.012195],[108.328771,13.015738],[108.326472,13.019114],[108.328717,13.020734],[108.329782,13.02201],[108.33654,13.02022],[108.33874,13.01954],[108.341833,13.020656],[108.345425,13.021696],[108.346897,13.021474],[108.348941,13.021954],[108.351261,13.023034],[108.352665,13.023181],[108.353933,13.023911],[108.35535,13.023891],[108.356199,13.024599],[108.358139,13.024778],[108.359457,13.023586],[108.360174,13.021593],[108.361094,13.021036],[108.360866,13.019765],[108.36278,13.017201],[108.364337,13.017302],[108.366568,13.018643],[108.370118,13.019828],[108.371171,13.021472],[108.374159,13.023186]]]},"properties":{"@id":"relation/18646883","admin_level":"6","boundary":"administrative","name":"Xã Dliê Ya","type":"boundary"},"id":"relation/18646883"},
{"type":"Feature","geometry":{"type":"Polygon","coordinates":[[[108.43017,13.141722],[108.430102,13.140857],[108.43099,13.140154],[108.430922,13.138568],[108.432153,13.13752],[108.432306,13.136428],[108.435289,13.131344],[108.434951,13.129364],[108.435872,13.128225],[108.435678,13.1261],[108.43497,13.125771],[108.433098,13.124],[108.431031,13.123152],[108.429652,13.123216],[108.428958,13.122063],[108.427426,13.120783],[108.425764,13.121026],[108.424516,13.12054],[108.421482,13.12053],[108.42086,13.12022],[108.420033,13.118662],[108.417893,13.119383],[108.415365,13.118377],[108.412569,13.11681],[108.41163,13.116893],[108.409889,13.116073],[108.41051,13.113404],[108.411707,13.111247],[108.413106,13.11089],[108.416376,13.108777],[108.416991,13.107983],[108.417961,13.107867],[108.418417,13.107082],[108.417195,13.106329],[108.415437,13.104585],[108.415597,13.103393],[108.416712,13.102701],[108.418407,13.101068],[108.419613,13.100994],[108.420613,13.09975],[108.42008,13.098691],[108.419586,13.095493],[108.417645,13.095865],[108.417088,13.095229],[108.416857,13.093607],[108.41534,13.09252],[108.414468,13.090057],[108.413213,13.089492],[108.409359,13.089371],[108.410322,13.08735],[108.409679,13.086243],[108.408818,13.085787],[108.407916,13.086935],[108.406622,13.086851],[108.406789,13.085604],[108.406258,13.084124],[108.407164,13.081426],[108.407044,13.080816],[108.405211,13.080346],[108.403819,13.078517],[108.403413,13.075454],[108.402045,13.074342],[108.400628,13.072601],[108.399674,13.069922],[108.398966,13.068949],[108.398632,13.065928],[108.399237,13.065577],[108.399533,13.063751],[108.398434,13.06202],[108.397735,13.058263],[108.398267,13.055878],[108.397896,13.054124],[108.396846,13.054044],[108.395146,13.051898],[108.393533,13.05191],[108.391746,13.05283],[108.390138,13.051667],[108.388446,13.053074],[108.388132,13.054804],[108.386615,13.055085],[108.385462,13.051455],[108.384341,13.052111],[108.383702,13.051552],[108.383907,13.04998],[108.383165,13.049506],[108.381352,13.050459],[108.381992,13.051351],[108.38067,13.052755],[108.378635,13.051116],[108.377594,13.053453],[108.376858,13.053334],[108.37598,13.051485],[108.374108,13.049752],[108.37289,13.049999],[108.372179,13.049367],[108.37238,13.047852],[108.371812,13.046061],[108.372999,13.045979],[108.373862,13.04518],[108.373778,13.043512],[108.373116,13.041797],[108.373224,13.040092],[108.372199,13.038522],[108.370108,13.036543],[108.368865,13.035688],[108.369296,13.034653],[108.371057,13.034873],[108.372164,13.034309],[108.37362,13.03474],[108.373698,13.033534],[108.372949,13.032519],[108.372999,13.030987],[108.373686,13.029588],[108.371395,13.027473],[108.371608,13.026297],[108.373645,13.024473],[108.374159,13.023186],[108.374711,13.022147],[108.376365,13.021943],[108.379293,13.023194],[108.380071,13.022026],[108.379823,13.018641],[108.380242,13.017604],[108.381474,13.018331],[108.3833,13.020479],[108.3852,13.020916],[108.38611,13.020766],[108.387086,13.019858],[108.387294,13.018795],[108.385849,13.017325],[108.384988,13.016004],[108.383545,13.015057],[108.382837,13.016228],[108.38184,13.015365],[108.38141,13.013568],[108.381987,13.012371],[108.380976,13.012069],[108.379076,13.013765],[108.377692,13.013924],[108.375687,13.012499],[108.374656,13.011252],[108.375401,13.009115],[108.377227,13.009273],[108.377819,13.008463],[108.376826,13.006824],[108.374893,13.00495],[108.373427,13.005117],[108.371828,13.006654],[108.369528,13.006182],[108.367437,13.004853],[108.366531,13.002706],[108.365989,13.000702],[108.367475,13.000755],[108.367765,12.998644],[108.368353,12.997961],[108.370152,12.998026],[108.371094,12.997681],[108.371634,12.996445],[108.371594,12.994929],[108.372032,12.993772],[108.371621,12.992636],[108.371952,12.990264],[108.372484,12.988371],[108.372135,12.987515],[108.37224,12.985322],[108.372945,12.983676],[108.37761,12.981548],[108.378654,12.979977],[108.379228,12.977585],[108.379269,12.975845],[108.378937,12.974669],[108.376916,12.971559],[108.37721,12.969836],[108.378182,12.96827],[108.379515,12.96693],[108.380141,12.965619],[108.381083,12.965048],[108.384317,12.964454],[108.386832,12.964385],[108.387707,12.96303],[108.387901,12.961379],[108.38703,12.960502],[108.380995,12.956811],[108.381021,12.955602],[108.382528,12.953922],[108.384976,12.952689],[108.386898,12.953039],[108.38827,12.949971],[108.388408,12.947906],[108.387715,12.946138],[108.384971,12.941898],[108.384147,12.939829],[108.384435,12.938712],[108.389001,12.933638],[108.391569,12.932341],[108.395475,12.931398],[108.39706,12.930639],[108.398595,12.930383],[108.401899,12.928261],[108.402664,12.928284],[108.418469,12.939669],[108.432623,12.947004],[108.435767,12.945861],[108.436764,12.946963],[108.437017,12.947872],[108.436837,12.950297],[108.437676,12.95208],[108.437181,12.952988],[108.435391,12.953738],[108.434362,12.953341],[108.432692,12.953372],[108.432027,12.953981],[108.431743,12.95663],[108.432081,12.958001],[108.43135,12.958913],[108.431616,12.959655],[108.430176,12.960484],[108.430026,12.961762],[108.429031,12.963137],[108.427612,12.963731],[108.426642,12.96548],[108.424609,12.965686],[108.4236,12.967553],[108.422459,12.967905],[108.422165,12.968958],[108.420863,12.968731],[108.419311,12.970382],[108.418257,12.970103],[108.417415,12.971087],[108.416432,12.97098],[108.415008,12.972322],[108.41406,12.975126],[108.414545,12.97595],[108.414053,12.977249],[108.412725,12.979228],[108.41227,12.98149],[108.411022,12.98313],[108.410069,12.983583],[108.409514,12.98485],[108.409409,12.987299],[108.409977,12.989698],[108.409403,12.992068],[108.409842,12.992626],[108.409704,12.99584],[108.408381,12.997117],[108.40777,12.99896],[108.407112,12.999106],[108.405376,12.998359],[108.403144,12.999497],[108.401745,13.000623],[108.402035,13.001435],[108.412893,13.000925],[108.415907,13.000644],[108.421546,13.000329],[108.438347,12.997941],[108.450095,12.997292],[108.45216,12.996001],[108.453705,12.996065],[108.454196,12.995045],[108.455802,12.995772],[108.456028,12.996759],[108.457138,12.997936],[108.458921,12.997562],[108.458899,12.999436],[108.460859,12.998141],[108.462207,12.99878],[108.463481,12.998703],[108.466312,12.996965],[108.467114,12.99774],[108.469337,12.998881],[108.470483,12.997716],[108.471922,12.996916],[108.47375,12.996315],[108.474806,12.995048],[108.477266,12.994147],[108.477729,12.993502],[108.479717,12.992466],[108.481429,12.991877],[108.481233,13.000284],[108.481266,13.007282],[108.480136,13.011373],[108.480152,13.012926],[108.479503,13.013459],[108.479605,13.01522],[108.478725,13.016736],[108.478854,13.01752],[108.477035,13.017839],[108.475764,13.018837],[108.477459,13.021048],[108.478226,13.021283],[108.479776,13.020787],[108.488804,13.020781],[108.491584,13.02155],[108.493287,13.021108],[108.49392,13.021421],[108.493541,13.023001],[108.492522,13.023442],[108.492892,13.025422],[108.49337,13.026029],[108.492324,13.027168],[108.494352,13.028522],[108.495862,13.030442],[108.494942,13.03172],[108.495569,13.032577],[108.496551,13.032567],[108.497716,13.031873],[108.500515,13.031319],[108.504029,13.030988],[108.505706,13.031559],[108.508106,13.033753],[108.511158,13.033654],[108.513159,13.034457],[108.514254,13.035828],[108.513819,13.038197],[108.513991,13.040072],[108.513604,13.042073],[108.511481,13.045246],[108.511354,13.046122],[108.512081,13.048222],[108.513985,13.051637],[108.514074,13.053887],[108.515075,13.055328],[108.516339,13.057797],[108.516643,13.060523],[108.518032,13.061121],[108.51839,13.062187],[108.520585,13.063575],[108.520338,13.065022],[108.517465,13.067711],[108.517434,13.068375],[108.518444,13.06964],[108.519195,13.071665],[108.518343,13.072228],[108.514946,13.071609],[108.513438,13.074441],[108.512393,13.075217],[108.511484,13.077285],[108.509666,13.079697],[108.508165,13.080774],[108.505443,13.081729],[108.504137,13.084021],[108.505126,13.085908],[108.50515,13.087063],[108.504566,13.087875],[108.500599,13.088881],[108.499088,13.0901],[108.497434,13.093518],[108.495572,13.095427],[108.492561,13.097301],[108.490686,13.097912],[108.489646,13.097821],[108.488737,13.09906],[108.490599,13.101613],[108.492267,13.102261],[108.493,13.104978],[108.492173,13.107042],[108.491442,13.108054],[108.489486,13.109488],[108.487634,13.111429],[108.48426,13.11293],[108.48268,13.11272],[108.480014,13.113626],[108.479297,13.114121],[108.477094,13.114477],[108.475766,13.115597],[108.474368,13.11754],[108.472942,13.118382],[108.471585,13.118534],[108.468221,13.117907],[108.467457,13.117345],[108.465468,13.117231],[108.464082,13.117518],[108.463212,13.118158],[108.46138,13.120309],[108.460271,13.122492],[108.460357,13.12343],[108.459808,13.125088],[108.457713,13.125911],[108.458158,13.128309],[108.459268,13.129056],[108.459924,13.130667],[108.460432,13.134541],[108.46142,13.134322],[108.463663,13.134986],[108.463973,13.135991],[108.466261,13.137995],[108.467681,13.138236],[108.469105,13.13909],[108.468576,13.139932],[108.466243,13.140252],[108.465069,13.143225],[108.465167,13.144451],[108.465782,13.146032],[108.465359,13.147242],[108.464128,13.146437],[108.461724,13.146068],[108.460064,13.146144],[108.45684,13.145593],[108.456005,13.146842],[108.454684,13.147566],[108.453827,13.148771],[108.451711,13.149789],[108.450391,13.149206],[108.448073,13.149093],[108.446857,13.148326],[108.444283,13.149468],[108.442395,13.148883],[108.441804,13.147815],[108.440661,13.147949],[108.440039,13.148655],[108.436656,13.147955],[108.437354,13.146007],[108.436374,13.145067],[108.434426,13.145624],[108.433296,13.144527],[108.433347,13.143461],[108.432298,13.142804],[108.432413,13.141871],[108.43017,13.141722]]]},"properties":{"@id":"relation/18646887","admin_level":"6","boundary":"administrative","name":"Xã Tam Giang","type":"boundary"},"id":"relation/18646887"},
{"type":"Feature","geometry":{"type":"Polygon","coordinates":[[[108.301408,12.930624],[108.303328,12.924582],[108.30246,12.924128],[108.301833,12.922567],[108.301784,12.920396],[108.302379,12.920169],[108.303185,12.917781],[108.303669,12.917291],[108.304896,12.918287],[108.306181,12.920167],[108.308161,12.920948],[108.3076,12.922396],[108.312844,12.924739],[108.31501,12.925884],[108.320497,12.925617],[108.323767,12.925739],[108.326858,12.926125],[108.326968,12.925558],[108.333489,12.926143],[108.334307,12.926032],[108.335795,12.92665],[108.335964,12.928064],[108.336348,12.936187],[108.337941,12.936425],[108.338971,12.93386],[108.343768,12.933979],[108.344732,12.933548],[108.346182,12.934507],[108.348036,12.933945],[108.349061,12.932082],[108.350155,12.930958],[108.351169,12.929052],[108.35323,12.927921],[108.357114,12.927198],[108.358903,12.926662],[108.359577,12.926119],[108.362342,12.925567],[108.364691,12.925496],[108.366274,12.926774],[108.367939,12.927027],[108.369349,12.926221],[108.371383,12.926432],[108.372447,12.926109],[108.374428,12.926507],[108.376701,12.926027],[108.377836,12.924841],[108.378655,12.924664],[108.380967,12.922579],[108.382058,12.922514],[108.383729,12.921432],[108.385046,12.920971],[108.389024,12.92162],[108.389636,12.921173],[108.392214,12.921013],[108.393452,12.920606],[108.394881,12.921188],[108.394451,12.922115],[108.395338,12.923019],[108.397529,12.922616],[108.399144,12.922828],[108.399571,12.921904],[108.400646,12.921479],[108.402422,12.921947],[108.403353,12.923325],[108.403874,12.925],[108.40379,12.926373],[108.403006,12.926768],[108.402664,12.928284],[108.401899,12.928261],[108.398595,12.930383],[108.39706,12.930639],[108.395475,12.931398],[108.391569,12.932341],[108.389001,12.933638],[108.384435,12.938712],[108.384147,12.939829],[108.384971,12.941898],[108.387715,12.946138],[108.388408,12.947906],[108.38827,12.949971],[108.386898,12.953039],[108.384976,12.952689],[108.382528,12.953922],[108.381021,12.955602],[108.380995,12.956811],[108.38703,12.960502],[108.387901,12.961379],[108.387707,12.96303],[108.386832,12.964385],[108.384317,12.964454],[108.381083,12.965048],[108.380141,12.965619],[108.379515,12.96693],[108.378182,12.96827],[108.37721,12.969836],[108.376916,12.971559],[108.378937,12.974669],[108.379269,12.975845],[108.379228,12.977585],[108.378654,12.979977],[108.37761,12.981548],[108.372945,12.983676],[108.37224,12.985322],[108.372135,12.987515],[108.372484,12.988371],[108.371952,12.990264],[108.371621,12.992636],[108.372032,12.993772],[108.371594,12.994929],[108.371634,12.996445],[108.371094,12.997681],[108.370152,12.998026],[108.368353,12.997961],[108.367765,12.998644],[108.367475,13.000755],[108.365989,13.000702],[108.366531,13.002706],[108.367437,13.004853],[108.369528,13.006182],[108.371828,13.006654],[108.373427,13.005117],[108.374893,13.00495],[108.376826,13.006824],[108.377819,13.008463],[108.377227,13.009273],[108.375401,13.009115],[108.374656,13.011252],[108.375687,13.012499],[108.377692,13.013924],[108.379076,13.013765],[108.380976,13.012069],[108.381987,13.012371],[108.38141,13.013568],[108.38184,13.015365],[108.382837,13.016228],[108.383545,13.015057],[108.384988,13.016004],[108.385849,13.017325],[108.387294,13.018795],[108.387086,13.019858],[108.38611,13.020766],[108.3852,13.020916],[108.3833,13.020479],[108.381474,13.018331],[108.380242,13.017604],[108.379823,13.018641],[108.380071,13.022026],[108.379293,13.023194],[108.376365,13.021943],[108.374711,13.022147],[108.374159,13.023186],[108.371171,13.021472],[108.370118,13.019828],[108.366568,13.018643],[108.364337,13.017302],[108.36278,13.017201],[108.360866,13.019765],[108.361094,13.021036],[108.360174,13.021593],[108.359457,13.023586],[108.358139,13.024778],[108.356199,13.024599],[108.35535,13.023891],[108.353933,13.023911],[108.352665,13.023181],[108.351261,13.023034],[108.348941,13.021954],[108.346897,13.021474],[108.345425,13.021696],[108.341833,13.020656],[108.33874,13.01954],[108.33654,13.02022],[108.329782,13.02201],[108.328717,13.020734],[108.326472,13.019114],[108.328771,13.015738],[108.329293,13.012195],[108.328929,13.01013],[108.329569,13.007422],[108.331035,13.005041],[108.33167,13.004833],[108.332816,13.003353],[108.333108,13.002378],[108.334945,13.001294],[108.334119,12.999907],[108.335828,12.995507],[108.334736,12.995207],[108.334664,12.994321],[108.331863,12.992993],[108.330308,12.99201],[108.328275,12.989452],[108.326996,12.989125],[108.324578,12.98711],[108.323339,12.986723],[108.31949,12.986566],[108.318948,12.98682],[108.321236,12.989912],[108.322021,12.992852],[108.321174,12.994979],[108.319039,12.996718],[108.317899,12.998292],[108.314957,13.000332],[108.313912,13.002964],[108.313558,13.006011],[108.311275,13.006317],[108.311283,13.0075],[108.309488,13.00899],[108.3104,13.010028],[108.311133,13.011975],[108.311307,13.015733],[108.31025,13.016506],[108.308501,13.019402],[108.306946,13.019553],[108.305336,13.021738],[108.303519,13.022481],[108.302708,13.025062],[108.301924,13.025766],[108.299311,13.026194],[108.29818,13.02583],[108.296909,13.028269],[108.296344,13.027588],[108.294893,13.027024],[108.293231,13.025253],[108.291966,13.023302],[108.289624,13.021079],[108.288114,13.019156],[108.28806,13.018115],[108.287344,13.015436],[108.286015,13.014478],[108.285925,13.013496],[108.287108,13.010307],[108.286867,13.006779],[108.287838,13.006429],[108.287725,13.004432],[108.288449,13.002775],[108.289012,13.002802],[108.288864,12.999643],[108.289763,12.998233],[108.290463,12.995573],[108.290504,12.994078],[108.288516,12.993947],[108.288127,12.994505],[108.28663,12.994877],[108.284622,12.995855],[108.282446,12.995053],[108.280555,12.994837],[108.279617,12.995217],[108.277903,12.994479],[108.276552,12.992021],[108.276696,12.989892],[108.276057,12.987887],[108.277741,12.985995],[108.280502,12.984827],[108.284305,12.984494],[108.285749,12.984056],[108.287953,12.981773],[108.289203,12.980166],[108.292657,12.977146],[108.293379,12.974989],[108.297593,12.969418],[108.295165,12.968438],[108.295442,12.966582],[108.293369,12.966214],[108.291012,12.966415],[108.289872,12.965252],[108.289893,12.964393],[108.290815,12.962776],[108.290713,12.960335],[108.290185,12.957961],[108.288732,12.954202],[108.287414,12.95276],[108.287441,12.952216],[108.286218,12.950809],[108.284055,12.950177],[108.282419,12.948776],[108.283901,12.947751],[108.283876,12.945867],[108.285007,12.945498],[108.290788,12.944374],[108.294479,12.943041],[108.294924,12.941614],[108.298513,12.942576],[108.299575,12.936443],[108.301408,12.930624]]]},"properties":{"@id":"relation/18646890","admin_level":"6","boundary":"administrative","name":"Xã Krông Năng","type":"boundary"},"id":"relation/18646890"},
{"type":"Feature","geometry":{"type":"Polygon","coordinates":[[[108.372109,12.84341],[108.374116,12.843695],[108.374749,12.845033],[108.376536,12.845656],[108.376192,12.847955],[108.377201,12.8488],[108.379117,12.849093],[108.378962,12.850594],[108.379663,12.851576],[108.380894,12.851848],[108.381674,12.853273],[108.381664,12.854492],[108.383295,12.854814],[108.384467,12.856919],[108.386248,12.858873],[108.388276,12.858043],[108.38919,12.859441],[108.391091,12.858971],[108.392097,12.859581],[108.393721,12.859507],[108.395373,12.860062],[108.399016,12.859411],[108.402976,12.858223],[108.405762,12.860486],[108.408717,12.862332],[108.408931,12.864277],[108.410189,12.864727],[108.411777,12.864604],[108.413435,12.865166],[108.415005,12.86748],[108.416799,12.868764],[108.418128,12.868226],[108.419985,12.868375],[108.422125,12.869151],[108.423834,12.868772],[108.426545,12.868715],[108.428699,12.868432],[108.433768,12.870589],[108.434171,12.870197],[108.43545,12.871897],[108.437516,12.875735],[108.438731,12.877244],[108.438881,12.87857],[108.440487,12.878967],[108.440241,12.881493],[108.441123,12.882577],[108.442491,12.883347],[108.44251,12.886348],[108.44332,12.886393],[108.444124,12.888887],[108.445463,12.891074],[108.446863,12.893939],[108.447033,12.895482],[108.447784,12.896732],[108.447804,12.897539],[108.449188,12.900061],[108.448295,12.901157],[108.447794,12.903019],[108.448515,12.903319],[108.448818,12.904796],[108.447917,12.906608],[108.448065,12.9086],[108.446581,12.910429],[108.445323,12.913511],[108.44477,12.915588],[108.445691,12.916729],[108.447775,12.918237],[108.445608,12.920685],[108.446265,12.922483],[108.447719,12.922886],[108.44907,12.924397],[108.45216,12.92574],[108.455875,12.924338],[108.456616,12.925141],[108.457395,12.927122],[108.458942,12.92859],[108.460655,12.928657],[108.461871,12.928076],[108.462785,12.925905],[108.462938,12.923181],[108.462662,12.922115],[108.461578,12.922138],[108.459558,12.923717],[108.459256,12.921781],[108.461825,12.919331],[108.462593,12.917951],[108.462354,12.91622],[108.46323,12.915075],[108.464611,12.916765],[108.465423,12.915783],[108.465267,12.914782],[108.466249,12.912366],[108.467908,12.913751],[108.468498,12.916904],[108.469558,12.918842],[108.470391,12.919401],[108.471537,12.919092],[108.472245,12.915512],[108.47311,12.914184],[108.474491,12.913815],[108.476726,12.91479],[108.47731,12.914634],[108.478244,12.912326],[108.480091,12.91187],[108.482217,12.909863],[108.482805,12.908982],[108.484124,12.90921],[108.485704,12.908556],[108.487104,12.910053],[108.488229,12.90862],[108.48911,12.906731],[108.490079,12.906235],[108.491479,12.906791],[108.493489,12.908251],[108.495208,12.908645],[108.497281,12.908002],[108.49827,12.909175],[108.497954,12.910985],[108.498234,12.911826],[108.499195,12.912107],[108.501508,12.911607],[108.502314,12.910371],[108.50388,12.910424],[108.504788,12.910977],[108.50725,12.911061],[108.509885,12.912638],[108.511445,12.91272],[108.513551,12.913348],[108.5159,12.914698],[108.518411,12.917157],[108.519666,12.92013],[108.519951,12.922436],[108.515943,12.924355],[108.513417,12.924062],[108.510393,12.926635],[108.508654,12.928364],[108.507553,12.929024],[108.506547,12.930457],[108.503847,12.932797],[108.501985,12.933609],[108.50044,12.934754],[108.500435,12.937211],[108.50147,12.938989],[108.501569,12.939944],[108.501101,12.943172],[108.499496,12.945336],[108.499183,12.946922],[108.498422,12.947521],[108.498511,12.949153],[108.498156,12.95016],[108.498913,12.951922],[108.497127,12.954766],[108.497393,12.957677],[108.497002,12.959335],[108.497036,12.962768],[108.496032,12.965053],[108.496869,12.966555],[108.496921,12.967676],[108.497849,12.971205],[108.498659,12.972183],[108.497688,12.972735],[108.495017,12.973561],[108.488215,12.975997],[108.482451,12.978154],[108.481547,12.979975],[108.482035,12.980963],[108.482004,12.984166],[108.482244,12.985798],[108.481649,12.986796],[108.481429,12.991877],[108.479717,12.992466],[108.477729,12.993502],[108.477266,12.994147],[108.474806,12.995048],[108.47375,12.996315],[108.471922,12.996916],[108.470483,12.997716],[108.469337,12.998881],[108.467114,12.99774],[108.466312,12.996965],[108.463481,12.998703],[108.462207,12.99878],[108.460859,12.998141],[108.458899,12.999436],[108.458921,12.997562],[108.457138,12.997936],[108.456028,12.996759],[108.455802,12.995772],[108.454196,12.995045],[108.453705,12.996065],[108.45216,12.996001],[108.450095,12.997292],[108.438347,12.997941],[108.421546,13.000329],[108.415907,13.000644],[108.412893,13.000925],[108.402035,13.001435],[108.401745,13.000623],[108.403144,12.999497],[108.405376,12.998359],[108.407112,12.999106],[108.40777,12.99896],[108.408381,12.997117],[108.409704,12.99584],[108.409842,12.992626],[108.409403,12.992068],[108.409977,12.989698],[108.409409,12.987299],[108.409514,12.98485],[108.410069,12.983583],[108.411022,12.98313],[108.41227,12.98149],[108.412725,12.979228],[108.414053,12.977249],[108.414545,12.97595],[108.41406,12.975126],[108.415008,12.972322],[108.416432,12.97098],[108.417415,12.971087],[108.418257,12.970103],[108.419311,12.970382],[108.420863,12.968731],[108.422165,12.968958],[108.422459,12.967905],[108.4236,12.967553],[108.424609,12.965686],[108.426642,12.96548],[108.427612,12.963731],[108.429031,12.963137],[108.430026,12.961762],[108.430176,12.960484],[108.431616,12.959655],[108.43135,12.958913],[108.432081,12.958001],[108.431743,12.95663],[108.432027,12.953981],[108.432692,12.953372],[108.434362,12.953341],[108.435391,12.953738],[108.437181,12.952988],[108.437676,12.95208],[108.436837,12.950297],[108.437017,12.947872],[108.436764,12.946963],[108.435767,12.945861],[108.432623,12.947004],[108.418469,12.939669],[108.402664,12.928284],[108.403006,12.926768],[108.40379,12.926373],[108.403874,12.925],[108.403353,12.923325],[108.402422,12.921947],[108.400646,12.921479],[108.399571,12.921904],[108.399144,12.922828],[108.397529,12.922616],[108.395338,12.923019],[108.394451,12.922115],[108.394881,12.921188],[108.393452,12.920606],[108.392214,12.921013],[108.389636,12.921173],[108.389024,12.92162],[108.385046,12.920971],[108.383729,12.921432],[108.382058,12.922514],[108.380967,12.922579],[108.378655,12.924664],[108.377836,12.924841],[108.376701,12.926027],[108.374428,12.926507],[108.372447,12.926109],[108.371383,12.926432],[108.369349,12.926221],[108.367939,12.927027],[108.366274,12.926774],[108.364691,12.925496],[108.362342,12.925567],[108.359577,12.926119],[108.358903,12.926662],[108.357114,12.927198],[108.35323,12.927921],[108.351169,12.929052],[108.350155,12.930958],[108.349061,12.932082],[108.348036,12.933945],[108.346182,12.934507],[108.344732,12.933548],[108.343768,12.933979],[108.338971,12.93386],[108.337941,12.936425],[108.336348,12.936187],[108.335964,12.928064],[108.335795,12.92665],[108.334307,12.926032],[108.335752,12.921043],[108.335441,12.919376],[108.336578,12.915727],[108.350578,12.912907],[108.350389,12.910887],[108.351179,12.909366],[108.352312,12.908419],[108.357833,12.906464],[108.360317,12.904855],[108.361053,12.903509],[108.362333,12.902509],[108.36295,12.901546],[108.36324,12.899931],[108.36421,12.898279],[108.36385,12.895239],[108.366094,12.889262],[108.36739,12.88657],[108.368016,12.882557],[108.369525,12.879613],[108.36942,12.876865],[108.368663,12.874622],[108.36803,12.870616],[108.369578,12.869915],[108.369806,12.864961],[108.370133,12.863747],[108.371293,12.862195],[108.371827,12.859718],[108.372375,12.858353],[108.371789,12.857591],[108.372728,12.85607],[108.371645,12.853151],[108.372118,12.852363],[108.371648,12.85127],[108.371648,12.849965],[108.372467,12.846922],[108.370816,12.846539],[108.370946,12.845339],[108.371721,12.844608],[108.372109,12.84341]]]},"properties":{"@id":"relation/18646892","admin_level":"6","boundary":"administrative","name":"Xã Phú Xuân","type":"boundary"},"id":"relation/18646892"},
{"type":"Feature","geometry":{"type":"Polygon","coordinates":[[[107.557682,13.196834],[107.56506,13.192364],[107.565017,13.191092],[107.565614,13.189689],[107.566769,13.189214],[107.566691,13.188238],[107.565361,13.18815],[107.565108,13.18744],[107.567589,13.186],[107.568941,13.184598],[107.568865,13.18387],[107.571823,13.18211],[107.572226,13.180802],[107.574265,13.179918],[107.57503,13.179028],[107.574079,13.177847],[107.574513,13.177212],[107.575647,13.178218],[107.576331,13.17709],[107.578998,13.178174],[107.58019,13.177808],[107.581612,13.176641],[107.582744,13.174316],[107.584395,13.172721],[107.58559,13.172218],[107.586801,13.171052],[107.587205,13.169133],[107.588346,13.168826],[107.589199,13.167717],[107.592145,13.167887],[107.593666,13.166405],[107.594009,13.16452],[107.59452,13.163767],[107.595655,13.163555],[107.597251,13.164016],[107.59712,13.162959],[107.598468,13.160991],[107.598022,13.159716],[107.598094,13.158417],[107.599589,13.15677],[107.599437,13.15574],[107.601013,13.155422],[107.602764,13.153718],[107.604126,13.1533],[107.60682,13.151635],[107.6082,13.151746],[107.611186,13.15318],[107.611513,13.153946],[107.612567,13.153805],[107.613807,13.154863],[107.615198,13.154391],[107.617436,13.154194],[107.620896,13.155442],[107.62278,13.154235],[107.62368,13.154474],[107.62613,13.154278],[107.627892,13.153637],[107.630009,13.15237],[107.632053,13.152558],[107.633009,13.151768],[107.634464,13.151592],[107.635073,13.150418],[107.637401,13.149654],[107.639625,13.14984],[107.640744,13.149185],[107.643852,13.149706],[107.646315,13.149501],[107.646993,13.148829],[107.649175,13.148293],[107.653252,13.148481],[107.6552,13.148422],[107.656915,13.149791],[107.658389,13.151604],[107.659548,13.151657],[107.662668,13.154172],[107.663408,13.155418],[107.665744,13.156427],[107.667187,13.157612],[107.667692,13.157248],[107.670694,13.158961],[107.671226,13.159673],[107.672695,13.160367],[107.677163,13.160639],[107.68007,13.158487],[107.682141,13.157954],[107.683271,13.157978],[107.68473,13.156913],[107.686937,13.157518],[107.690342,13.157636],[107.692151,13.158048],[107.693522,13.157102],[107.695015,13.158889],[107.696377,13.160931],[107.697332,13.164501],[107.696604,13.165966],[107.697275,13.167131],[107.696522,13.168525],[107.695516,13.168329],[107.693583,13.171956],[107.693901,13.174276],[107.69269,13.176117],[107.691775,13.176207],[107.691465,13.177895],[107.692309,13.179256],[107.692501,13.181469],[107.691304,13.184434],[107.690554,13.185525],[107.689422,13.186362],[107.688952,13.188208],[107.687872,13.189069],[107.687994,13.190027],[107.686432,13.190888],[107.686725,13.192693],[107.687798,13.193398],[107.687871,13.195514],[107.687353,13.196071],[107.687871,13.197869],[107.689082,13.198129],[107.688987,13.20065],[107.687466,13.201267],[107.687231,13.202601],[107.68798,13.203491],[107.687275,13.204288],[107.685993,13.207202],[107.686864,13.208534],[107.685583,13.212157],[107.685559,13.214128],[107.684843,13.21617],[107.684877,13.217846],[107.686296,13.220202],[107.688182,13.221249],[107.68944,13.221443],[107.691308,13.221027],[107.694093,13.219632],[107.697262,13.218279],[107.698867,13.218214],[107.701254,13.217352],[107.702339,13.218011],[107.702934,13.219453],[107.702744,13.220134],[107.704529,13.221573],[107.705718,13.220136],[107.70667,13.220602],[107.709113,13.219586],[107.710187,13.220695],[107.711093,13.220752],[107.712226,13.218679],[107.713042,13.219423],[107.714467,13.21786],[107.71554,13.217203],[107.717966,13.216451],[107.718785,13.214812],[107.722828,13.214778],[107.724418,13.21387],[107.725423,13.214271],[107.725967,13.213554],[107.727251,13.213365],[107.727799,13.212389],[107.729188,13.212683],[107.729823,13.212276],[107.732159,13.212556],[107.734033,13.211339],[107.742294,13.207054],[107.746487,13.206205],[107.747102,13.207413],[107.747957,13.207599],[107.749284,13.206927],[107.75048,13.20708],[107.753745,13.208605],[107.754069,13.208427],[107.757758,13.209412],[107.758811,13.210793],[107.759863,13.211153],[107.759818,13.212118],[107.760853,13.213916],[107.761006,13.214857],[107.762796,13.215762],[107.763378,13.217161],[107.762058,13.218727],[107.761289,13.218259],[107.760412,13.218792],[107.759852,13.220277],[107.759701,13.221824],[107.758877,13.221495],[107.757617,13.221828],[107.755898,13.223486],[107.755872,13.224592],[107.75726,13.226541],[107.75895,13.227844],[107.7611,13.227778],[107.760853,13.2291],[107.759213,13.229092],[107.757773,13.230494],[107.757332,13.23366],[107.755396,13.235529],[107.753355,13.23615],[107.750527,13.238129],[107.749779,13.239839],[107.7497,13.241694],[107.750033,13.243421],[107.75286,13.246183],[107.753724,13.247413],[107.756564,13.249687],[107.7601,13.252978],[107.759967,13.254729],[107.758444,13.255573],[107.756362,13.256534],[107.753996,13.256245],[107.752062,13.255708],[107.749871,13.255885],[107.74717,13.257357],[107.744969,13.257882],[107.741262,13.257595],[107.739274,13.256718],[107.738128,13.255587],[107.736338,13.253068],[107.735491,13.251165],[107.73477,13.250345],[107.732052,13.249121],[107.729471,13.249734],[107.727612,13.251449],[107.72658,13.25294],[107.725585,13.255244],[107.725413,13.256266],[107.725588,13.259059],[107.725104,13.261514],[107.725067,13.263069],[107.725465,13.263799],[107.728066,13.266106],[107.729123,13.269891],[107.728951,13.271903],[107.727958,13.274464],[107.725614,13.276541],[107.721937,13.277373],[107.720232,13.27735],[107.717113,13.275828],[107.713301,13.274647],[107.711891,13.274848],[107.710424,13.275522],[107.708753,13.276766],[107.707271,13.278706],[107.705308,13.279285],[107.703791,13.278822],[107.702742,13.277803],[107.698448,13.275502],[107.696198,13.273012],[107.695198,13.272467],[107.689677,13.272712],[107.687528,13.272154],[107.686352,13.272206],[107.684419,13.273794],[107.682183,13.275307],[107.68165,13.276156],[107.681547,13.280104],[107.681218,13.281553],[107.680328,13.282938],[107.677688,13.285418],[107.676095,13.285902],[107.67457,13.285829],[107.671879,13.287323],[107.66928,13.287167],[107.66746,13.285684],[107.664628,13.284262],[107.660951,13.283576],[107.659264,13.282695],[107.657209,13.28116],[107.655808,13.280503],[107.654923,13.28078],[107.65368,13.282292],[107.651736,13.283382],[107.647358,13.284985],[107.645011,13.285476],[107.640795,13.287837],[107.638037,13.289568],[107.635219,13.290409],[107.633782,13.29036],[107.631237,13.289139],[107.630045,13.28911],[107.628762,13.289669],[107.628227,13.290636],[107.628524,13.292647],[107.629361,13.294852],[107.631031,13.29683],[107.605236,13.296618],[107.557682,13.196834]]]},"properties":{"@id":"relation/18720279","admin_level":"6","boundary":"administrative","name":"Xã Ia Rvê","type":"boundary","wikidata":"Q10772577"},"id":"relation/18720279"},
{"type":"Feature","geometry":{"type":"Polygon","coordinates":[[[107.557682,13.196834],[107.55308,13.179317],[107.548902,13.173591],[107.535977,13.135636],[107.534008,13.12159],[107.518866,13.084329],[107.521475,13.083773],[107.52487,13.084649],[107.532923,13.08612],[107.538092,13.087242],[107.544613,13.087921],[107.54742,13.088395],[107.551351,13.088607],[107.55432,13.088419],[107.559629,13.088466],[107.562,13.088126],[107.563482,13.086753],[107.576371,13.08369],[107.579758,13.083515],[107.581599,13.081352],[107.587233,13.080787],[107.595747,13.079002],[107.598743,13.078166],[107.602013,13.078015],[107.608178,13.077311],[107.611945,13.076407],[107.615258,13.075345],[107.618588,13.074014],[107.622976,13.073728],[107.629929,13.074227],[107.633895,13.074689],[107.636339,13.073724],[107.637285,13.072999],[107.639498,13.072976],[107.642055,13.072588],[107.644145,13.071677],[107.647752,13.071392],[107.650938,13.070322],[107.652503,13.069984],[107.656358,13.069892],[107.662169,13.0694],[107.66318,13.069447],[107.678139,13.071808],[107.685872,13.071066],[107.690884,13.071392],[107.694696,13.071164],[107.697551,13.072231],[107.700448,13.071772],[107.707348,13.069869],[107.709564,13.07036],[107.710869,13.070097],[107.713354,13.068686],[107.714451,13.069273],[107.718815,13.069598],[107.720753,13.068656],[107.7233,13.068379],[107.725207,13.067355],[107.726923,13.06606],[107.72853,13.066047],[107.732168,13.065284],[107.732904,13.064726],[107.737184,13.064768],[107.739179,13.065006],[107.742141,13.064947],[107.744291,13.064635],[107.748485,13.06454],[107.74993,13.063928],[107.751514,13.063792],[107.753993,13.063195],[107.758028,13.0619],[107.759936,13.06039],[107.761331,13.06136],[107.773572,13.066415],[107.778231,13.068205],[107.780486,13.068916],[107.787547,13.07183],[107.788418,13.071865],[107.794918,13.070678],[107.803238,13.069305],[107.804699,13.068884],[107.806799,13.069237],[107.807836,13.068857],[107.808458,13.069394],[107.810731,13.069935],[107.812197,13.069781],[107.813243,13.070527],[107.814476,13.070236],[107.814714,13.07118],[107.815758,13.071196],[107.816198,13.072722],[107.815713,13.073738],[107.816839,13.074251],[107.817543,13.075365],[107.819942,13.077181],[107.820895,13.077131],[107.821513,13.076056],[107.825389,13.076984],[107.826065,13.077772],[107.827769,13.077806],[107.835635,13.074629],[107.837377,13.075016],[107.837936,13.076701],[107.839323,13.076542],[107.839834,13.077331],[107.840947,13.077616],[107.840678,13.079045],[107.841732,13.082088],[107.842758,13.083086],[107.842929,13.084263],[107.844065,13.084717],[107.845437,13.083807],[107.846457,13.085085],[107.847038,13.084871],[107.848853,13.085303],[107.85067,13.084617],[107.855047,13.084704],[107.864074,13.08412],[107.866973,13.084528],[107.867938,13.085759],[107.869401,13.085898],[107.870982,13.085476],[107.872532,13.086032],[107.874828,13.087603],[107.875657,13.089828],[107.878127,13.08909],[107.879616,13.090754],[107.880371,13.092858],[107.880134,13.093819],[107.879254,13.094595],[107.875952,13.095996],[107.87448,13.095922],[107.872103,13.096963],[107.871081,13.098174],[107.869767,13.099145],[107.868592,13.102798],[107.870387,13.106076],[107.869282,13.10651],[107.866637,13.105171],[107.864544,13.103712],[107.863367,13.103889],[107.862624,13.105995],[107.861938,13.106622],[107.85977,13.106045],[107.859334,13.105504],[107.859581,13.104158],[107.858038,13.10413],[107.856149,13.104828],[107.855981,13.10628],[107.85535,13.107521],[107.854516,13.108048],[107.849897,13.109033],[107.847049,13.110085],[107.843558,13.112035],[107.842537,13.112117],[107.841845,13.112988],[107.841969,13.114138],[107.83919,13.115755],[107.838528,13.116702],[107.838806,13.119558],[107.840999,13.12098],[107.840516,13.121838],[107.839241,13.122257],[107.840647,13.123183],[107.839235,13.123991],[107.838245,13.12329],[107.83628,13.124769],[107.835069,13.124613],[107.833577,13.123685],[107.832692,13.124276],[107.833207,13.1251],[107.832228,13.126531],[107.829438,13.126414],[107.828823,13.12989],[107.826883,13.131872],[107.826173,13.131888],[107.825422,13.130487],[107.823288,13.129627],[107.821458,13.129635],[107.821027,13.130621],[107.823578,13.132483],[107.825505,13.133013],[107.824814,13.134234],[107.825277,13.135322],[107.823012,13.136403],[107.821769,13.140934],[107.820449,13.14201],[107.822206,13.143346],[107.820793,13.144535],[107.819765,13.146227],[107.818533,13.147672],[107.817655,13.150318],[107.816611,13.149787],[107.817142,13.147954],[107.816127,13.147305],[107.814961,13.148601],[107.813787,13.149369],[107.812777,13.148796],[107.812647,13.150513],[107.81191,13.151226],[107.812295,13.152009],[107.813434,13.151556],[107.814178,13.152375],[107.812474,13.153022],[107.81135,13.153875],[107.810402,13.153663],[107.809342,13.151921],[107.808721,13.15163],[107.807907,13.152787],[107.808008,13.153913],[107.809688,13.155647],[107.808188,13.156283],[107.807312,13.155867],[107.805687,13.154174],[107.80442,13.153864],[107.803234,13.15481],[107.803499,13.15577],[107.805132,13.157214],[107.804968,13.159302],[107.805555,13.161271],[107.804745,13.162805],[107.804827,13.164525],[107.804247,13.165226],[107.802672,13.165111],[107.799561,13.165881],[107.797042,13.164784],[107.796028,13.164673],[107.795556,13.165596],[107.796467,13.166594],[107.79613,13.168922],[107.795163,13.16924],[107.792667,13.169203],[107.791866,13.169826],[107.791305,13.171311],[107.792611,13.173204],[107.792662,13.174339],[107.791715,13.175467],[107.790076,13.176779],[107.787751,13.179731],[107.789292,13.181346],[107.789443,13.182287],[107.787863,13.182522],[107.787175,13.183648],[107.788092,13.185626],[107.790113,13.186885],[107.790518,13.188411],[107.790124,13.190452],[107.789529,13.19083],[107.788489,13.189478],[107.786803,13.188234],[107.784144,13.189188],[107.783958,13.192109],[107.783279,13.194409],[107.784283,13.196299],[107.783557,13.197209],[107.780389,13.197747],[107.779259,13.196876],[107.775552,13.198752],[107.774479,13.198658],[107.774569,13.196454],[107.774012,13.195662],[107.772758,13.195457],[107.771632,13.195911],[107.771602,13.196882],[107.772756,13.198295],[107.772709,13.199087],[107.771376,13.200463],[107.770413,13.202814],[107.770971,13.205124],[107.770694,13.207806],[107.770912,13.209451],[107.768149,13.211777],[107.76695,13.212164],[107.766393,13.213329],[107.766484,13.216796],[107.767603,13.218179],[107.767925,13.219376],[107.767553,13.220243],[107.765668,13.221145],[107.765582,13.223385],[107.765164,13.224722],[107.763052,13.22525],[107.760987,13.223872],[107.759701,13.221824],[107.759852,13.220277],[107.760412,13.218792],[107.761289,13.218259],[107.762058,13.218727],[107.763378,13.217161],[107.762796,13.215762],[107.761006,13.214857],[107.760853,13.213916],[107.759818,13.212118],[107.759863,13.211153],[107.758811,13.210793],[107.757758,13.209412],[107.754069,13.208427],[107.753745,13.208605],[107.75048,13.20708],[107.749284,13.206927],[107.747957,13.207599],[107.747102,13.207413],[107.746487,13.206205],[107.742294,13.207054],[107.734033,13.211339],[107.732159,13.212556],[107.729823,13.212276],[107.729188,13.212683],[107.727799,13.212389],[107.727251,13.213365],[107.725967,13.213554],[107.725423,13.214271],[107.724418,13.21387],[107.722828,13.214778],[107.718785,13.214812],[107.717966,13.216451],[107.71554,13.217203],[107.714467,13.21786],[107.713042,13.219423],[107.712226,13.218679],[107.711093,13.220752],[107.710187,13.220695],[107.709113,13.219586],[107.70667,13.220602],[107.705718,13.220136],[107.704529,13.221573],[107.702744,13.220134],[107.702934,13.219453],[107.702339,13.218011],[107.701254,13.217352],[107.698867,13.218214],[107.697262,13.218279],[107.694093,13.219632],[107.691308,13.221027],[107.68944,13.221443],[107.688182,13.221249],[107.686296,13.220202],[107.684877,13.217846],[107.684843,13.21617],[107.685559,13.214128],[107.685583,13.212157],[107.686864,13.208534],[107.685993,13.207202],[107.687275,13.204288],[107.68798,13.203491],[107.687231,13.202601],[107.687466,13.201267],[107.688987,13.20065],[107.689082,13.198129],[107.687871,13.197869],[107.687353,13.196071],[107.687871,13.195514],[107.687798,13.193398],[107.686725,13.192693],[107.686432,13.190888],[107.687994,13.190027],[107.687872,13.189069],[107.688952,13.188208],[107.689422,13.186362],[107.690554,13.185525],[107.691304,13.184434],[107.692501,13.181469],[107.692309,13.179256],[107.691465,13.177895],[107.691775,13.176207],[107.69269,13.176117],[107.693901,13.174276],[107.693583,13.171956],[107.695516,13.168329],[107.696522,13.168525],[107.697275,13.167131],[107.696604,13.165966],[107.697332,13.164501],[107.696377,13.160931],[107.695015,13.158889],[107.693522,13.157102],[107.692151,13.158048],[107.690342,13.157636],[107.686937,13.157518],[107.68473,13.156913],[107.683271,13.157978],[107.682141,13.157954],[107.68007,13.158487],[107.677163,13.160639],[107.672695,13.160367],[107.671226,13.159673],[107.670694,13.158961],[107.667692,13.157248],[107.667187,13.157612],[107.665744,13.156427],[107.663408,13.155418],[107.662668,13.154172],[107.659548,13.151657],[107.658389,13.151604],[107.656915,13.149791],[107.6552,13.148422],[107.653252,13.148481],[107.649175,13.148293],[107.646993,13.148829],[107.646315,13.149501],[107.643852,13.149706],[107.640744,13.149185],[107.639625,13.14984],[107.637401,13.149654],[107.635073,13.150418],[107.634464,13.151592],[107.633009,13.151768],[107.632053,13.152558],[107.630009,13.15237],[107.627892,13.153637],[107.62613,13.154278],[107.62368,13.154474],[107.62278,13.154235],[107.620896,13.155442],[107.617436,13.154194],[107.615198,13.154391],[107.613807,13.154863],[107.612567,13.153805],[107.611513,13.153946],[107.611186,13.15318],[107.6082,13.151746],[107.60682,13.151635],[107.604126,13.1533],[107.602764,13.153718],[107.601013,13.155422],[107.599437,13.15574],[107.599589,13.15677],[107.598094,13.158417],[107.598022,13.159716],[107.598468,13.160991],[107.59712,13.162959],[107.597251,13.164016],[107.595655,13.163555],[107.59452,13.163767],[107.594009,13.16452],[107.593666,13.166405],[107.592145,13.167887],[107.589199,13.167717],[107.588346,13.168826],[107.587205,13.169133],[107.586801,13.171052],[107.58559,13.172218],[107.584395,13.172721],[107.582744,13.174316],[107.581612,13.176641],[107.58019,13.177808],[107.578998,13.178174],[107.576331,13.17709],[107.575647,13.178218],[107.574513,13.177212],[107.574079,13.177847],[107.57503,13.179028],[107.574265,13.179918],[107.572226,13.180802],[107.571823,13.18211],[107.568865,13.18387],[107.568941,13.184598],[107.567589,13.186],[107.565108,13.18744],[107.565361,13.18815],[107.566691,13.188238],[107.566769,13.189214],[107.565614,13.189689],[107.565017,13.191092],[107.56506,13.192364],[107.557682,13.196834]]]},"properties":{"@id":"relation/18720281","admin_level":"6","boundary":"administrative","name":"Xã Ea Bung","type":"boundary","wikidata":"Q10757761"},"id":"relation/18720281"},
{"type":"Feature","geometry":{"type":"Polygon","coordinates":[[[107.685872,13.071066],[107.686661,13.070368],[107.686674,13.069496],[107.688926,13.067881],[107.689422,13.066451],[107.69028,13.065596],[107.693651,13.063325],[107.696687,13.061694],[107.69751,13.060703],[107.702051,13.058152],[107.703809,13.056715],[107.706903,13.053559],[107.708872,13.051117],[107.719795,13.039733],[107.7211,13.038509],[107.724283,13.034815],[107.724975,13.031779],[107.728249,13.028832],[107.728952,13.026887],[107.732423,13.023852],[107.733542,13.022428],[107.736534,13.020912],[107.738419,13.020837],[107.741484,13.019858],[107.743462,13.018325],[107.745633,13.017051],[107.747244,13.015246],[107.749841,13.011936],[107.751942,13.009692],[107.754571,13.007265],[107.7555,13.006027],[107.758243,13.004558],[107.759916,13.00281],[107.761422,13.00035],[107.763138,12.998385],[107.765204,12.997057],[107.76545,12.995369],[107.766751,12.994065],[107.768358,12.993276],[107.769565,12.991752],[107.77147,12.991958],[107.774318,12.992604],[107.780283,12.993597],[107.785276,12.994764],[107.788038,12.99615],[107.789297,12.996531],[107.79222,12.998394],[107.796035,13.000332],[107.797637,13.000173],[107.799753,13.000404],[107.803257,13.000429],[107.804241,13.000775],[107.807451,13.00036],[107.811772,13.000376],[107.812845,13.001124],[107.813981,12.999913],[107.815533,12.999493],[107.81698,12.998507],[107.817678,12.998599],[107.819193,12.997807],[107.820122,12.996909],[107.822571,12.996369],[107.82416,12.996668],[107.825559,12.996419],[107.829568,12.996804],[107.832478,12.995723],[107.834695,12.995799],[107.836254,12.994832],[107.837848,12.995055],[107.839937,12.996157],[107.843372,12.998892],[107.845882,12.999028],[107.845858,12.996913],[107.845413,12.994961],[107.849743,12.991795],[107.852245,12.989461],[107.853245,12.987103],[107.852849,12.985582],[107.853585,12.984834],[107.856281,12.983598],[107.857864,12.983448],[107.861228,12.984452],[107.863016,12.984507],[107.867339,12.983844],[107.868852,12.98443],[107.870411,12.984475],[107.872327,12.98405],[107.874304,12.98399],[107.87553,12.983641],[107.876782,12.982467],[107.878574,12.980209],[107.879891,12.97802],[107.88272,12.974252],[107.883095,12.973152],[107.884871,12.972463],[107.887177,12.970426],[107.889342,12.969326],[107.891861,12.967555],[107.893843,12.966471],[107.896486,12.965494],[107.89831,12.96516],[107.902267,12.963963],[107.904541,12.963016],[107.906774,12.962385],[107.913516,12.961311],[107.915572,12.961397],[107.918337,12.961085],[107.924106,12.962186],[107.924544,12.962852],[107.921191,12.965545],[107.916897,12.967752],[107.914699,12.967955],[107.913621,12.969272],[107.912379,12.969232],[107.912067,12.970045],[107.910596,12.969514],[107.909842,12.971038],[107.90889,12.971311],[107.909737,12.973728],[107.908983,12.975035],[107.908943,12.975985],[107.907609,12.976342],[107.907652,12.977583],[107.908534,12.977793],[107.910681,12.976608],[107.912972,12.974758],[107.914369,12.974893],[107.915311,12.974486],[107.917828,12.977956],[107.918606,12.978307],[107.921707,12.978723],[107.923632,12.97924],[107.926056,12.980916],[107.927462,12.981103],[107.932971,12.983979],[107.934608,12.983639],[107.937206,12.983803],[107.940472,12.98494],[107.943399,12.986556],[107.945802,12.985985],[107.946567,12.986609],[107.946988,12.987889],[107.949029,12.990351],[107.950642,12.992893],[107.953778,12.998395],[107.955013,13.000768],[107.956924,13.003815],[107.958272,13.005558],[107.959377,13.007696],[107.960078,13.008181],[107.962883,13.009236],[107.963526,13.010655],[107.962905,13.009945],[107.960764,13.009194],[107.959589,13.010166],[107.958383,13.013313],[107.957207,13.0151],[107.965581,13.020442],[107.967035,13.02191],[107.968385,13.02204],[107.969962,13.023591],[107.971935,13.024489],[107.972184,13.025522],[107.973037,13.026447],[107.974413,13.026901],[107.976261,13.025988],[107.976351,13.024036],[107.976901,13.023128],[107.978469,13.022848],[107.980186,13.021871],[107.981747,13.020099],[107.982935,13.020171],[107.983025,13.021756],[107.983486,13.022483],[107.986217,13.02353],[107.988611,13.023928],[107.990533,13.025287],[107.992394,13.024585],[107.994124,13.024977],[107.993148,13.026595],[107.993014,13.027499],[107.994229,13.028815],[107.995672,13.028579],[107.996132,13.027663],[107.99702,13.027811],[107.997871,13.029878],[107.999351,13.030007],[108.000982,13.03056],[108.000547,13.034125],[107.998828,13.035276],[107.998192,13.037724],[107.998289,13.040147],[107.999197,13.042635],[108.000103,13.042933],[108.001094,13.044518],[107.999854,13.048366],[107.999374,13.048681],[107.998773,13.051637],[107.999704,13.053748],[108.000022,13.055747],[108.000822,13.057011],[108.002765,13.057282],[108.004278,13.055611],[108.003637,13.053981],[108.003884,13.053339],[108.006125,13.052954],[108.007652,13.054791],[108.009688,13.056384],[108.010675,13.057673],[108.011254,13.06081],[108.011288,13.062839],[108.011652,13.064344],[108.01347,13.066308],[108.015,13.068533],[108.016034,13.069483],[108.017849,13.070144],[108.021461,13.071008],[108.025752,13.07072],[108.027129,13.072164],[108.030859,13.074505],[108.032506,13.076307],[108.033803,13.075911],[108.034997,13.074345],[108.036823,13.074387],[108.037029,13.075105],[108.038455,13.075471],[108.03913,13.076897],[108.04039,13.076186],[108.041219,13.07632],[108.042429,13.078916],[108.043581,13.07992],[108.04403,13.081339],[108.044866,13.082194],[108.04481,13.082953],[108.045855,13.083713],[108.046089,13.084761],[108.047119,13.085054],[108.047562,13.086857],[108.049633,13.087759],[108.04992,13.090153],[108.049274,13.093846],[108.048385,13.096265],[108.047765,13.097199],[108.04807,13.098844],[108.049116,13.100216],[108.048187,13.100707],[108.047724,13.102497],[108.046888,13.102447],[108.045855,13.103166],[108.044733,13.10263],[108.042475,13.102344],[108.041891,13.101503],[108.042006,13.100049],[108.040857,13.099776],[108.039157,13.100566],[108.038658,13.102115],[108.037755,13.102343],[108.036901,13.101399],[108.033865,13.101202],[108.032527,13.101902],[108.031165,13.101858],[108.029884,13.101248],[108.02849,13.101581],[108.027766,13.103544],[108.026794,13.104222],[108.02476,13.1043],[108.022909,13.102835],[108.022178,13.102711],[108.020559,13.101503],[108.019711,13.103056],[108.018796,13.103737],[108.017889,13.103495],[108.017001,13.102369],[108.015583,13.103144],[108.01378,13.103255],[108.01267,13.102502],[108.011044,13.10308],[108.010686,13.102586],[108.009237,13.103009],[108.009251,13.105043],[108.008713,13.105298],[108.005822,13.104784],[108.004151,13.106539],[108.002476,13.106073],[108.001906,13.10738],[108.000831,13.108021],[107.998056,13.107666],[107.997332,13.107842],[107.996276,13.109035],[107.993907,13.110018],[107.993846,13.110776],[107.99147,13.111855],[107.989125,13.11167],[107.989168,13.112946],[107.987325,13.113635],[107.987558,13.115459],[107.985257,13.116659],[107.984855,13.117796],[107.982828,13.119301],[107.980281,13.119739],[107.98022,13.121086],[107.981178,13.122356],[107.982522,13.122873],[107.98181,13.125942],[107.982127,13.127351],[107.983763,13.127871],[107.985322,13.12764],[107.985191,13.129799],[107.985364,13.131578],[107.985091,13.135578],[107.984261,13.137359],[107.98379,13.1393],[107.984708,13.140457],[107.984996,13.142098],[107.985644,13.142737],[107.984657,13.145036],[107.984145,13.1472],[107.98279,13.147581],[107.982063,13.147308],[107.979987,13.14785],[107.977506,13.147904],[107.976334,13.148847],[107.97463,13.149144],[107.973147,13.148839],[107.971419,13.149629],[107.95795,13.141962],[107.95556,13.140217],[107.953333,13.140923],[107.951068,13.142309],[107.950327,13.14355],[107.949396,13.143859],[107.949387,13.144983],[107.947999,13.147893],[107.946062,13.147944],[107.944664,13.148634],[107.944057,13.149899],[107.942916,13.149835],[107.942145,13.150657],[107.941843,13.152357],[107.939983,13.152063],[107.938225,13.153131],[107.937434,13.152058],[107.936587,13.152613],[107.935624,13.152067],[107.933636,13.152912],[107.93149,13.153185],[107.930476,13.155332],[107.928807,13.15376],[107.926202,13.152977],[107.924825,13.153135],[107.924364,13.153901],[107.923261,13.153596],[107.921586,13.153998],[107.920195,13.154943],[107.91809,13.154798],[107.916967,13.155269],[107.916717,13.154346],[107.915729,13.153596],[107.914807,13.153669],[107.912684,13.154982],[107.911851,13.153193],[107.913178,13.151317],[107.91285,13.15056],[107.911411,13.150679],[107.91073,13.150081],[107.90777,13.148887],[107.906993,13.149111],[107.906225,13.150372],[107.904204,13.14994],[107.902695,13.150777],[107.901812,13.150427],[107.899726,13.151913],[107.898968,13.15413],[107.899815,13.155387],[107.89891,13.156808],[107.898119,13.156081],[107.897064,13.156112],[107.896617,13.154616],[107.895615,13.15545],[107.893279,13.155187],[107.8923,13.154473],[107.891968,13.153194],[107.890412,13.152902],[107.890004,13.154123],[107.88887,13.153517],[107.888491,13.152613],[107.887268,13.152019],[107.887091,13.151075],[107.885557,13.150974],[107.88522,13.149939],[107.884056,13.148877],[107.883639,13.149969],[107.881074,13.151606],[107.879333,13.152129],[107.879488,13.153397],[107.877328,13.153736],[107.876923,13.154609],[107.87496,13.154111],[107.87478,13.155463],[107.873225,13.154875],[107.872914,13.155405],[107.870764,13.155497],[107.869797,13.155985],[107.869166,13.155458],[107.868136,13.155805],[107.868101,13.156717],[107.867287,13.157726],[107.86662,13.157322],[107.864769,13.158144],[107.863133,13.157976],[107.862668,13.158977],[107.86047,13.158931],[107.859304,13.160915],[107.858443,13.160299],[107.856925,13.160372],[107.856831,13.161833],[107.854753,13.162085],[107.852062,13.161349],[107.850783,13.161837],[107.850424,13.160424],[107.849079,13.160872],[107.848178,13.162016],[107.848712,13.162997],[107.84772,13.165062],[107.844369,13.164481],[107.843545,13.165566],[107.843614,13.168115],[107.84472,13.168612],[107.845351,13.170424],[107.845108,13.171473],[107.843511,13.171812],[107.842068,13.171132],[107.841499,13.171495],[107.839882,13.170811],[107.838128,13.170785],[107.835501,13.169182],[107.832753,13.169911],[107.825253,13.158127],[107.824676,13.157634],[107.817094,13.154042],[107.814178,13.152375],[107.813434,13.151556],[107.812295,13.152009],[107.81191,13.151226],[107.812647,13.150513],[107.812777,13.148796],[107.813787,13.149369],[107.814961,13.148601],[107.816127,13.147305],[107.817142,13.147954],[107.816611,13.149787],[107.817655,13.150318],[107.818533,13.147672],[107.819765,13.146227],[107.820793,13.144535],[107.822206,13.143346],[107.820449,13.14201],[107.821769,13.140934],[107.823012,13.136403],[107.825277,13.135322],[107.824814,13.134234],[107.825505,13.133013],[107.823578,13.132483],[107.821027,13.130621],[107.821458,13.129635],[107.823288,13.129627],[107.825422,13.130487],[107.826173,13.131888],[107.826883,13.131872],[107.828823,13.12989],[107.829438,13.126414],[107.832228,13.126531],[107.833207,13.1251],[107.832692,13.124276],[107.833577,13.123685],[107.835069,13.124613],[107.83628,13.124769],[107.838245,13.12329],[107.839235,13.123991],[107.840647,13.123183],[107.839241,13.122257],[107.840516,13.121838],[107.840999,13.12098],[107.838806,13.119558],[107.838528,13.116702],[107.83919,13.115755],[107.841969,13.114138],[107.841845,13.112988],[107.842537,13.112117],[107.843558,13.112035],[107.847049,13.110085],[107.849897,13.109033],[107.854516,13.108048],[107.85535,13.107521],[107.855981,13.10628],[107.856149,13.104828],[107.858038,13.10413],[107.859581,13.104158],[107.859334,13.105504],[107.85977,13.106045],[107.861938,13.106622],[107.862624,13.105995],[107.863367,13.103889],[107.864544,13.103712],[107.866637,13.105171],[107.869282,13.10651],[107.870387,13.106076],[107.868592,13.102798],[107.869767,13.099145],[107.871081,13.098174],[107.872103,13.096963],[107.87448,13.095922],[107.875952,13.095996],[107.879254,13.094595],[107.880134,13.093819],[107.880371,13.092858],[107.879616,13.090754],[107.878127,13.08909],[107.875657,13.089828],[107.874828,13.087603],[107.872532,13.086032],[107.870982,13.085476],[107.869401,13.085898],[107.867938,13.085759],[107.866973,13.084528],[107.864074,13.08412],[107.855047,13.084704],[107.85067,13.084617],[107.848853,13.085303],[107.847038,13.084871],[107.846457,13.085085],[107.845437,13.083807],[107.844065,13.084717],[107.842929,13.084263],[107.842758,13.083086],[107.841732,13.082088],[107.840678,13.079045],[107.840947,13.077616],[107.839834,13.077331],[107.839323,13.076542],[107.837936,13.076701],[107.837377,13.075016],[107.835635,13.074629],[107.827769,13.077806],[107.826065,13.077772],[107.825389,13.076984],[107.821513,13.076056],[107.820895,13.077131],[107.819942,13.077181],[107.817543,13.075365],[107.816839,13.074251],[107.815713,13.073738],[107.816198,13.072722],[107.815758,13.071196],[107.814714,13.07118],[107.814476,13.070236],[107.813243,13.070527],[107.812197,13.069781],[107.810731,13.069935],[107.808458,13.069394],[107.807836,13.068857],[107.806799,13.069237],[107.804699,13.068884],[107.803238,13.069305],[107.794918,13.070678],[107.788418,13.071865],[107.787547,13.07183],[107.780486,13.068916],[107.778231,13.068205],[107.773572,13.066415],[107.761331,13.06136],[107.759936,13.06039],[107.758028,13.0619],[107.753993,13.063195],[107.751514,13.063792],[107.74993,13.063928],[107.748485,13.06454],[107.744291,13.064635],[107.742141,13.064947],[107.739179,13.065006],[107.737184,13.064768],[107.732904,13.064726],[107.732168,13.065284],[107.72853,13.066047],[107.726923,13.06606],[107.725207,13.067355],[107.7233,13.068379],[107.720753,13.068656],[107.718815,13.069598],[107.714451,13.069273],[107.713354,13.068686],[107.710869,13.070097],[107.709564,13.07036],[107.707348,13.069869],[107.700448,13.071772],[107.697551,13.072231],[107.694696,13.071164],[107.690884,13.071392],[107.685872,13.071066]]]},"properties":{"@id":"relation/18720282","admin_level":"6","boundary":"administrative","name":"Xã Ea Súp","type":"boundary","wikidata":"Q10757819"},"id":"relation/18720282"},
{"type":"Feature","geometry":{"type":"Polygon","coordinates":[[[107.758444,13.255573],[107.758633,13.257135],[107.757147,13.25794],[107.756799,13.259486],[107.755315,13.260055],[107.753332,13.262179],[107.75313,13.263483],[107.754554,13.264224],[107.755706,13.264328],[107.757493,13.262672],[107.757947,13.263441],[107.759278,13.263912],[107.760652,13.263446],[107.761234,13.263918],[107.763076,13.263625],[107.763903,13.264221],[107.765221,13.2638],[107.768043,13.264466],[107.768849,13.265475],[107.769646,13.264283],[107.771332,13.264325],[107.772757,13.263546],[107.7746,13.264017],[107.776105,13.263253],[107.776976,13.264275],[107.778602,13.263503],[107.781497,13.263815],[107.783179,13.263224],[107.785574,13.261925],[107.787067,13.262235],[107.787504,13.263429],[107.790488,13.264476],[107.790838,13.265699],[107.790616,13.26694],[107.793665,13.266856],[107.794141,13.268168],[107.795218,13.267928],[107.796344,13.269933],[107.796593,13.271263],[107.797961,13.271092],[107.799385,13.27162],[107.800135,13.271395],[107.801326,13.27245],[107.803455,13.273089],[107.804377,13.273832],[107.805115,13.273634],[107.806825,13.27434],[107.809589,13.280046],[107.809761,13.284275],[107.811842,13.287031],[107.814995,13.289454],[107.821242,13.293045],[107.82653,13.295719],[107.824623,13.297536],[107.822383,13.298486],[107.819878,13.300469],[107.816611,13.304988],[107.815874,13.307902],[107.815518,13.310477],[107.814728,13.314243],[107.812775,13.317619],[107.809265,13.322854],[107.806228,13.328194],[107.80451,13.333664],[107.801825,13.340286],[107.801363,13.341807],[107.798194,13.350777],[107.79682,13.354187],[107.795454,13.35862],[107.794185,13.361697],[107.790459,13.371453],[107.789335,13.374999],[107.788327,13.377517],[107.787683,13.378321],[107.786131,13.37585],[107.783486,13.375074],[107.780306,13.374909],[107.77922,13.373422],[107.775272,13.372346],[107.774034,13.369928],[107.771087,13.369302],[107.768957,13.369629],[107.767831,13.369149],[107.7666,13.366737],[107.765636,13.365452],[107.764409,13.364815],[107.76242,13.366453],[107.761961,13.367523],[107.762172,13.368709],[107.763342,13.37163],[107.762252,13.372065],[107.759546,13.369805],[107.755548,13.368653],[107.753964,13.369018],[107.752725,13.369706],[107.751505,13.369275],[107.751542,13.366061],[107.7513,13.365151],[107.749781,13.363699],[107.747968,13.363427],[107.74564,13.364546],[107.74456,13.364711],[107.741052,13.364159],[107.739819,13.364664],[107.737958,13.366838],[107.735259,13.367393],[107.730682,13.366273],[107.729282,13.366253],[107.726958,13.367338],[107.724233,13.369509],[107.721028,13.369299],[107.719992,13.369736],[107.718933,13.37246],[107.717718,13.373833],[107.716674,13.374282],[107.714678,13.374016],[107.712697,13.373101],[107.711624,13.370394],[107.709752,13.369836],[107.708928,13.37058],[107.707901,13.372575],[107.705809,13.374329],[107.704421,13.3749],[107.703186,13.374798],[107.698493,13.373703],[107.695838,13.372681],[107.69345,13.370986],[107.690965,13.367571],[107.689854,13.364785],[107.689781,13.36274],[107.688887,13.361952],[107.687888,13.362194],[107.685917,13.364023],[107.684363,13.363276],[107.683213,13.361726],[107.682028,13.360993],[107.675149,13.357764],[107.673692,13.355472],[107.672652,13.351786],[107.671917,13.350363],[107.670373,13.349461],[107.668086,13.350286],[107.665672,13.350822],[107.664172,13.350709],[107.661915,13.349684],[107.659759,13.347986],[107.657889,13.346808],[107.656322,13.344344],[107.655153,13.342951],[107.653838,13.342622],[107.650343,13.342804],[107.649742,13.342246],[107.649574,13.339855],[107.650507,13.334207],[107.649973,13.329834],[107.650265,13.327677],[107.649885,13.326472],[107.648898,13.325664],[107.647347,13.325553],[107.644915,13.326294],[107.643399,13.327521],[107.641074,13.329005],[107.640043,13.328214],[107.639805,13.327239],[107.639709,13.322969],[107.638899,13.3219],[107.635884,13.321789],[107.633998,13.321986],[107.631202,13.321304],[107.630059,13.319504],[107.630041,13.315563],[107.628807,13.314287],[107.627506,13.314398],[107.625455,13.315342],[107.624127,13.314933],[107.621047,13.312949],[107.616605,13.312175],[107.615343,13.310984],[107.614834,13.307915],[107.608736,13.305326],[107.605236,13.296618],[107.631031,13.29683],[107.629361,13.294852],[107.628524,13.292647],[107.628227,13.290636],[107.628762,13.289669],[107.630045,13.28911],[107.631237,13.289139],[107.633782,13.29036],[107.635219,13.290409],[107.638037,13.289568],[107.640795,13.287837],[107.645011,13.285476],[107.647358,13.284985],[107.651736,13.283382],[107.65368,13.282292],[107.654923,13.28078],[107.655808,13.280503],[107.657209,13.28116],[107.659264,13.282695],[107.660951,13.283576],[107.664628,13.284262],[107.66746,13.285684],[107.66928,13.287167],[107.671879,13.287323],[107.67457,13.285829],[107.676095,13.285902],[107.677688,13.285418],[107.680328,13.282938],[107.681218,13.281553],[107.681547,13.280104],[107.68165,13.276156],[107.682183,13.275307],[107.684419,13.273794],[107.686352,13.272206],[107.687528,13.272154],[107.689677,13.272712],[107.695198,13.272467],[107.696198,13.273012],[107.698448,13.275502],[107.702742,13.277803],[107.703791,13.278822],[107.705308,13.279285],[107.707271,13.278706],[107.708753,13.276766],[107.710424,13.275522],[107.711891,13.274848],[107.713301,13.274647],[107.717113,13.275828],[107.720232,13.27735],[107.721937,13.277373],[107.725614,13.276541],[107.727958,13.274464],[107.728951,13.271903],[107.729123,13.269891],[107.728066,13.266106],[107.725465,13.263799],[107.725067,13.263069],[107.725104,13.261514],[107.725588,13.259059],[107.725413,13.256266],[107.725585,13.255244],[107.72658,13.25294],[107.727612,13.251449],[107.729471,13.249734],[107.732052,13.249121],[107.73477,13.250345],[107.735491,13.251165],[107.736338,13.253068],[107.738128,13.255587],[107.739274,13.256718],[107.741262,13.257595],[107.744969,13.257882],[107.74717,13.257357],[107.749871,13.255885],[107.752062,13.255708],[107.753996,13.256245],[107.756362,13.256534],[107.758444,13.255573]]]},"properties":{"@id":"relation/18742774","admin_level":"6","boundary":"administrative","name":"Xã Ia Lốp","type":"boundary","wikidata":"Q10772543"},"id":"relation/18742774"},
{"type":"Feature","geometry":{"type":"Polygon","coordinates":[[[107.957583,13.381198],[107.957404,13.382484],[107.955254,13.383793],[107.954656,13.384816],[107.951955,13.385749],[107.949645,13.385592],[107.949172,13.385131],[107.949517,13.382306],[107.949392,13.381106],[107.948763,13.380175],[107.947533,13.379665],[107.946226,13.380425],[107.944807,13.380719],[107.943945,13.380325],[107.943471,13.379217],[107.943782,13.378215],[107.943898,13.375696],[107.94353,13.374266],[107.942332,13.373597],[107.940206,13.374024],[107.939515,13.375513],[107.938797,13.375927],[107.935905,13.375639],[107.933097,13.37573],[107.921645,13.384771],[107.918294,13.385299],[107.914761,13.385585],[107.911063,13.387323],[107.907372,13.388734],[107.907223,13.389046],[107.904079,13.388284],[107.902102,13.388371],[107.900981,13.38873],[107.898756,13.38725],[107.897627,13.387377],[107.892764,13.386332],[107.889916,13.386541],[107.889896,13.385696],[107.886693,13.384773],[107.885829,13.386369],[107.885619,13.38827],[107.88381,13.388265],[107.883022,13.388795],[107.882791,13.390413],[107.879337,13.390674],[107.879026,13.392693],[107.877234,13.393513],[107.87143,13.393513],[107.851061,13.38969],[107.848454,13.392849],[107.847194,13.393862],[107.84548,13.394356],[107.844004,13.395521],[107.843514,13.396357],[107.841705,13.397468],[107.840478,13.398975],[107.839337,13.399751],[107.839175,13.400473],[107.837841,13.400303],[107.833749,13.397595],[107.830243,13.395817],[107.825966,13.394903],[107.823601,13.394854],[107.821841,13.394428],[107.820444,13.393526],[107.818305,13.393069],[107.817008,13.393583],[107.815577,13.392832],[107.813899,13.39395],[107.811913,13.393994],[107.811386,13.394577],[107.809668,13.394457],[107.808785,13.39503],[107.807189,13.394137],[107.804864,13.394233],[107.803956,13.393283],[107.802515,13.393993],[107.801253,13.394008],[107.801518,13.392474],[107.800606,13.39045],[107.799367,13.389388],[107.79774,13.388591],[107.797431,13.387783],[107.79779,13.386335],[107.798885,13.384472],[107.799928,13.382062],[107.799034,13.380791],[107.797673,13.380778],[107.796126,13.382313],[107.79425,13.381869],[107.791664,13.381654],[107.789529,13.379574],[107.787683,13.378321],[107.788327,13.377517],[107.789335,13.374999],[107.790459,13.371453],[107.794185,13.361697],[107.795454,13.35862],[107.79682,13.354187],[107.798194,13.350777],[107.801363,13.341807],[107.801825,13.340286],[107.80451,13.333664],[107.806228,13.328194],[107.809265,13.322854],[107.812775,13.317619],[107.814728,13.314243],[107.815518,13.310477],[107.815874,13.307902],[107.816611,13.304988],[107.819878,13.300469],[107.822383,13.298486],[107.824623,13.297536],[107.82653,13.295719],[107.821242,13.293045],[107.814995,13.289454],[107.811842,13.287031],[107.809761,13.284275],[107.809589,13.280046],[107.806825,13.27434],[107.805115,13.273634],[107.804377,13.273832],[107.803455,13.273089],[107.801326,13.27245],[107.800135,13.271395],[107.799385,13.27162],[107.797961,13.271092],[107.796593,13.271263],[107.796344,13.269933],[107.795218,13.267928],[107.794141,13.268168],[107.793665,13.266856],[107.790616,13.26694],[107.790838,13.265699],[107.790488,13.264476],[107.787504,13.263429],[107.787067,13.262235],[107.785574,13.261925],[107.783179,13.263224],[107.781497,13.263815],[107.778602,13.263503],[107.776976,13.264275],[107.776105,13.263253],[107.7746,13.264017],[107.772757,13.263546],[107.771332,13.264325],[107.769646,13.264283],[107.768849,13.265475],[107.768043,13.264466],[107.765221,13.2638],[107.763903,13.264221],[107.763076,13.263625],[107.761234,13.263918],[107.760652,13.263446],[107.759278,13.263912],[107.757947,13.263441],[107.757493,13.262672],[107.755706,13.264328],[107.754554,13.264224],[107.75313,13.263483],[107.753332,13.262179],[107.755315,13.260055],[107.756799,13.259486],[107.757147,13.25794],[107.758633,13.257135],[107.758444,13.255573],[107.759967,13.254729],[107.7601,13.252978],[107.756564,13.249687],[107.753724,13.247413],[107.75286,13.246183],[107.750033,13.243421],[107.7497,13.241694],[107.749779,13.239839],[107.750527,13.238129],[107.753355,13.23615],[107.755396,13.235529],[107.757332,13.23366],[107.757773,13.230494],[107.759213,13.229092],[107.760853,13.2291],[107.7611,13.227778],[107.75895,13.227844],[107.75726,13.226541],[107.755872,13.224592],[107.755898,13.223486],[107.757617,13.221828],[107.758877,13.221495],[107.759701,13.221824],[107.760987,13.223872],[107.763052,13.22525],[107.765164,13.224722],[107.765582,13.223385],[107.765668,13.221145],[107.767553,13.220243],[107.767925,13.219376],[107.767603,13.218179],[107.766484,13.216796],[107.766393,13.213329],[107.76695,13.212164],[107.768149,13.211777],[107.770912,13.209451],[107.770694,13.207806],[107.770971,13.205124],[107.770413,13.202814],[107.771376,13.200463],[107.772709,13.199087],[107.772756,13.198295],[107.771602,13.196882],[107.771632,13.195911],[107.772758,13.195457],[107.774012,13.195662],[107.774569,13.196454],[107.774479,13.198658],[107.775552,13.198752],[107.779259,13.196876],[107.780389,13.197747],[107.783557,13.197209],[107.784283,13.196299],[107.783279,13.194409],[107.783958,13.192109],[107.784144,13.189188],[107.786803,13.188234],[107.788489,13.189478],[107.789529,13.19083],[107.790124,13.190452],[107.790518,13.188411],[107.790113,13.186885],[107.788092,13.185626],[107.787175,13.183648],[107.787863,13.182522],[107.789443,13.182287],[107.789292,13.181346],[107.787751,13.179731],[107.790076,13.176779],[107.791715,13.175467],[107.792662,13.174339],[107.792611,13.173204],[107.791305,13.171311],[107.791866,13.169826],[107.792667,13.169203],[107.795163,13.16924],[107.79613,13.168922],[107.796467,13.166594],[107.795556,13.165596],[107.796028,13.164673],[107.797042,13.164784],[107.799561,13.165881],[107.802672,13.165111],[107.804247,13.165226],[107.804827,13.164525],[107.804745,13.162805],[107.805555,13.161271],[107.804968,13.159302],[107.805132,13.157214],[107.803499,13.15577],[107.803234,13.15481],[107.80442,13.153864],[107.805687,13.154174],[107.807312,13.155867],[107.808188,13.156283],[107.809688,13.155647],[107.808008,13.153913],[107.807907,13.152787],[107.808721,13.15163],[107.809342,13.151921],[107.810402,13.153663],[107.81135,13.153875],[107.812474,13.153022],[107.814178,13.152375],[107.817094,13.154042],[107.824676,13.157634],[107.825253,13.158127],[107.832753,13.169911],[107.835501,13.169182],[107.838128,13.170785],[107.839882,13.170811],[107.841499,13.171495],[107.842068,13.171132],[107.843511,13.171812],[107.845108,13.171473],[107.845351,13.170424],[107.84472,13.168612],[107.843614,13.168115],[107.843545,13.165566],[107.844369,13.164481],[107.84772,13.165062],[107.848712,13.162997],[107.848178,13.162016],[107.849079,13.160872],[107.850424,13.160424],[107.850783,13.161837],[107.852062,13.161349],[107.854753,13.162085],[107.856831,13.161833],[107.856925,13.160372],[107.858443,13.160299],[107.859304,13.160915],[107.86047,13.158931],[107.862668,13.158977],[107.863133,13.157976],[107.864769,13.158144],[107.86662,13.157322],[107.867287,13.157726],[107.868101,13.156717],[107.868136,13.155805],[107.869166,13.155458],[107.869797,13.155985],[107.870764,13.155497],[107.872914,13.155405],[107.873225,13.154875],[107.87478,13.155463],[107.87496,13.154111],[107.876923,13.154609],[107.877328,13.153736],[107.879488,13.153397],[107.879333,13.152129],[107.881074,13.151606],[107.883639,13.149969],[107.884056,13.148877],[107.88522,13.149939],[107.885557,13.150974],[107.887091,13.151075],[107.887268,13.152019],[107.888491,13.152613],[107.88887,13.153517],[107.890004,13.154123],[107.890412,13.152902],[107.891968,13.153194],[107.8923,13.154473],[107.893279,13.155187],[107.895615,13.15545],[107.896617,13.154616],[107.897064,13.156112],[107.898119,13.156081],[107.89891,13.156808],[107.899815,13.155387],[107.898968,13.15413],[107.899726,13.151913],[107.901812,13.150427],[107.902695,13.150777],[107.904204,13.14994],[107.906225,13.150372],[107.906993,13.149111],[107.90777,13.148887],[107.91073,13.150081],[107.911411,13.150679],[107.91285,13.15056],[107.913178,13.151317],[107.911851,13.153193],[107.912684,13.154982],[107.914807,13.153669],[107.915729,13.153596],[107.916717,13.154346],[107.916967,13.155269],[107.91809,13.154798],[107.920195,13.154943],[107.921586,13.153998],[107.923261,13.153596],[107.924364,13.153901],[107.924825,13.153135],[107.926202,13.152977],[107.928807,13.15376],[107.930476,13.155332],[107.93149,13.153185],[107.933636,13.152912],[107.935624,13.152067],[107.936587,13.152613],[107.937434,13.152058],[107.938225,13.153131],[107.939983,13.152063],[107.941843,13.152357],[107.942145,13.150657],[107.942916,13.149835],[107.944057,13.149899],[107.944664,13.148634],[107.946062,13.147944],[107.947999,13.147893],[107.949387,13.144983],[107.949396,13.143859],[107.950327,13.14355],[107.951068,13.142309],[107.953333,13.140923],[107.95556,13.140217],[107.95795,13.141962],[107.971419,13.149629],[107.973147,13.148839],[107.97463,13.149144],[107.976334,13.148847],[107.977506,13.147904],[107.979987,13.14785],[107.982063,13.147308],[107.98279,13.147581],[107.984145,13.1472],[107.983702,13.148484],[107.982255,13.149936],[107.982283,13.15349],[107.981048,13.157336],[107.979738,13.160448],[107.977497,13.163661],[107.97564,13.164668],[107.973939,13.166014],[107.976451,13.167957],[107.977171,13.169124],[107.979099,13.169869],[107.980676,13.171071],[107.981245,13.17263],[107.982884,13.174684],[107.984482,13.175665],[107.988004,13.176743],[107.988855,13.179757],[107.989394,13.180363],[107.991641,13.181465],[107.992248,13.182749],[107.990772,13.186945],[107.989083,13.188898],[107.988779,13.189799],[107.989376,13.191319],[107.989111,13.192627],[107.988106,13.193671],[107.987678,13.194815],[107.987244,13.198328],[107.987178,13.201933],[107.98637,13.205052],[107.984474,13.208242],[107.984509,13.210526],[107.985754,13.212853],[107.986323,13.214614],[107.987735,13.21759],[107.989233,13.219457],[107.989171,13.220101],[107.987423,13.221604],[107.985985,13.223959],[107.984017,13.225766],[107.983141,13.227183],[107.982578,13.228988],[107.981111,13.231687],[107.979327,13.232597],[107.977801,13.232624],[107.980445,13.235175],[107.981567,13.237027],[107.983132,13.23584],[107.986306,13.235612],[107.990118,13.238741],[107.991396,13.240396],[107.991478,13.241095],[107.995537,13.245746],[107.996276,13.247136],[107.99792,13.2471],[107.999063,13.247547],[108.000305,13.249125],[108.000233,13.250805],[107.999485,13.25302],[107.998754,13.256091],[108.000621,13.258253],[108.000956,13.26075],[108.000316,13.262206],[107.998642,13.26326],[107.997941,13.264963],[107.997751,13.26752],[107.996909,13.26975],[107.997192,13.272457],[107.997525,13.273407],[107.997697,13.277514],[107.99847,13.280171],[108.000322,13.284268],[108.001211,13.287533],[108.003083,13.290189],[108.001129,13.290774],[107.998475,13.293957],[107.99554,13.294212],[107.994365,13.294888],[107.9922,13.296879],[107.990426,13.296716],[107.989319,13.298051],[107.988819,13.29989],[107.988163,13.300377],[107.986024,13.300538],[107.985496,13.300869],[107.985162,13.302419],[107.984088,13.302959],[107.983956,13.30427],[107.985156,13.304145],[107.986761,13.306075],[107.986687,13.30705],[107.985537,13.307349],[107.984471,13.306899],[107.982676,13.309822],[107.983249,13.310607],[107.983986,13.313836],[107.982769,13.315865],[107.981486,13.316464],[107.980251,13.317978],[107.979504,13.32064],[107.98061,13.322635],[107.979852,13.324445],[107.980035,13.325662],[107.979015,13.327753],[107.978574,13.330319],[107.977505,13.331866],[107.977314,13.334203],[107.976253,13.33597],[107.976029,13.337356],[107.976613,13.338269],[107.97653,13.33967],[107.974715,13.342173],[107.974169,13.342507],[107.972807,13.345458],[107.972927,13.34907],[107.973893,13.350048],[107.973697,13.350896],[107.974998,13.354426],[107.973696,13.35584],[107.974137,13.357776],[107.975111,13.359697],[107.973987,13.36037],[107.972864,13.360374],[107.971681,13.361049],[107.970917,13.363701],[107.969336,13.364295],[107.969108,13.366244],[107.965872,13.367094],[107.964497,13.366303],[107.963215,13.36769],[107.959998,13.369475],[107.95898,13.371098],[107.959217,13.372461],[107.958609,13.37448],[107.957971,13.375581],[107.956429,13.37573],[107.955352,13.376336],[107.954766,13.37835],[107.955273,13.379771],[107.957583,13.381198]]]},"properties":{"@id":"relation/18742775","admin_level":"6","boundary":"administrative","name":"Xã Ea Rốk","type":"boundary","wikidata":"Q10757812"},"id":"relation/18742775"},
{"type":"Feature","geometry":{"type":"Polygon","coordinates":[[[108.197379,13.29145],[108.198085,13.289895],[108.19892,13.289511],[108.200048,13.287157],[108.202582,13.287422],[108.20372,13.28537],[108.205383,13.284741],[108.205984,13.282928],[108.207055,13.282614],[108.208815,13.282706],[108.209732,13.282357],[108.210131,13.281227],[108.211542,13.280667],[108.213452,13.281315],[108.214293,13.280766],[108.214835,13.279364],[108.215799,13.278282],[108.216878,13.278946],[108.21823,13.278573],[108.21964,13.276503],[108.221515,13.276597],[108.222545,13.276096],[108.223,13.27486],[108.224277,13.272816],[108.2255,13.271519],[108.225361,13.270053],[108.227832,13.269176],[108.228688,13.266996],[108.229494,13.265685],[108.230583,13.264724],[108.230247,13.262927],[108.232083,13.262799],[108.233598,13.261848],[108.23513,13.261504],[108.235712,13.258827],[108.235218,13.257232],[108.237261,13.254827],[108.237189,13.254099],[108.238197,13.253056],[108.239043,13.251058],[108.239047,13.250022],[108.239935,13.249182],[108.23976,13.247483],[108.251013,13.262274],[108.253027,13.264634],[108.253575,13.265578],[108.25805,13.256823],[108.257357,13.254868],[108.257476,13.252358],[108.258354,13.251078],[108.260393,13.250192],[108.260872,13.248539],[108.261482,13.24842],[108.262154,13.246306],[108.262258,13.244369],[108.263568,13.241744],[108.264132,13.238337],[108.26554,13.236903],[108.266772,13.234246],[108.269104,13.233428],[108.268425,13.231694],[108.268368,13.228735],[108.26956,13.226993],[108.272033,13.22598],[108.273238,13.225862],[108.275267,13.219119],[108.275639,13.217414],[108.281454,13.209244],[108.28199,13.207905],[108.280317,13.203765],[108.279952,13.201779],[108.280163,13.200871],[108.27966,13.199867],[108.28001,13.198013],[108.282316,13.196172],[108.282491,13.194762],[108.283199,13.194262],[108.283966,13.190874],[108.28405,13.187899],[108.283835,13.184409],[108.286348,13.183251],[108.288493,13.182551],[108.290224,13.182588],[108.290687,13.183201],[108.292368,13.183776],[108.291847,13.182219],[108.29296,13.181417],[108.293648,13.181643],[108.29665,13.181233],[108.297338,13.179984],[108.297104,13.177881],[108.298462,13.178513],[108.299575,13.177189],[108.300588,13.177609],[108.30051,13.178506],[108.301164,13.180132],[108.303421,13.181263],[108.304986,13.18087],[108.305852,13.18135],[108.307291,13.181317],[108.307643,13.180723],[108.309602,13.18006],[108.309594,13.177998],[108.310296,13.176654],[108.310036,13.174152],[108.309057,13.173828],[108.310038,13.172397],[108.307432,13.171782],[108.307403,13.16939],[108.308099,13.167444],[108.310729,13.167647],[108.310385,13.166161],[108.308141,13.165006],[108.306485,13.165207],[108.305936,13.164074],[108.307388,13.163288],[108.305853,13.162712],[108.306094,13.161441],[108.305029,13.160468],[108.304834,13.159047],[108.305603,13.157874],[108.307352,13.156183],[108.308009,13.155181],[108.307281,13.153277],[108.307115,13.151732],[108.308762,13.150862],[108.309684,13.149329],[108.308275,13.148682],[108.309154,13.147764],[108.309784,13.148545],[108.311492,13.148118],[108.312033,13.148448],[108.313273,13.148815],[108.31403,13.149606],[108.315554,13.149171],[108.317717,13.148001],[108.319834,13.147405],[108.321974,13.145841],[108.32386,13.146026],[108.326056,13.145832],[108.327238,13.144723],[108.32921,13.144344],[108.329535,13.143662],[108.331096,13.142666],[108.331311,13.141296],[108.332381,13.142301],[108.333545,13.141728],[108.334794,13.1426],[108.335245,13.14209],[108.336933,13.141721],[108.338514,13.1418],[108.341799,13.144475],[108.343268,13.145869],[108.34422,13.145894],[108.344628,13.144299],[108.346192,13.143216],[108.348337,13.142954],[108.346896,13.140223],[108.348016,13.139034],[108.34982,13.139008],[108.352396,13.137338],[108.353348,13.137424],[108.354754,13.135514],[108.355948,13.134755],[108.356656,13.133352],[108.35676,13.13218],[108.357565,13.131492],[108.3593,13.131198],[108.360322,13.129681],[108.362355,13.129342],[108.363541,13.126659],[108.364699,13.125758],[108.366276,13.12629],[108.367357,13.127204],[108.36707,13.130717],[108.365876,13.133548],[108.366284,13.135433],[108.366977,13.136806],[108.369048,13.137078],[108.368821,13.138167],[108.37005,13.139274],[108.370959,13.141818],[108.372141,13.143242],[108.372113,13.14408],[108.373132,13.144597],[108.375792,13.14726],[108.37656,13.147017],[108.377629,13.149001],[108.378553,13.149838],[108.378339,13.151102],[108.379507,13.151773],[108.379419,13.152664],[108.381222,13.153149],[108.382673,13.152377],[108.384486,13.152472],[108.388907,13.154425],[108.391452,13.156652],[108.392239,13.156852],[108.395983,13.155939],[108.399798,13.152762],[108.401966,13.153752],[108.404315,13.154159],[108.405176,13.155149],[108.405238,13.157333],[108.405806,13.159312],[108.406494,13.158349],[108.408867,13.158887],[108.411443,13.156983],[108.410502,13.156298],[108.410965,13.155314],[108.41252,13.154133],[108.412512,13.153174],[108.413973,13.152702],[108.415084,13.153039],[108.415498,13.152405],[108.417036,13.151656],[108.418457,13.151878],[108.419642,13.151369],[108.420685,13.150225],[108.422661,13.148661],[108.423852,13.146252],[108.424794,13.145731],[108.425727,13.144273],[108.427323,13.143928],[108.428565,13.143206],[108.43017,13.141722],[108.432413,13.141871],[108.432298,13.142804],[108.433347,13.143461],[108.433296,13.144527],[108.434426,13.145624],[108.436374,13.145067],[108.437354,13.146007],[108.436656,13.147955],[108.440039,13.148655],[108.440661,13.147949],[108.441804,13.147815],[108.442395,13.148883],[108.444283,13.149468],[108.446857,13.148326],[108.448073,13.149093],[108.450391,13.149206],[108.451711,13.149789],[108.453827,13.148771],[108.454684,13.147566],[108.456005,13.146842],[108.45684,13.145593],[108.460064,13.146144],[108.461724,13.146068],[108.462223,13.14787],[108.461379,13.148981],[108.461576,13.150743],[108.461346,13.152597],[108.460528,13.155679],[108.462122,13.158017],[108.462419,13.160972],[108.463622,13.161524],[108.463331,13.163152],[108.461636,13.163799],[108.459902,13.165826],[108.456569,13.165805],[108.455957,13.167106],[108.455243,13.167071],[108.453383,13.168662],[108.450602,13.171537],[108.449594,13.171828],[108.446634,13.174585],[108.444523,13.175131],[108.443554,13.176447],[108.44234,13.177468],[108.44097,13.17925],[108.437094,13.180009],[108.435089,13.183394],[108.43341,13.184074],[108.431084,13.186762],[108.430254,13.188766],[108.428491,13.191321],[108.427181,13.191975],[108.426853,13.194079],[108.425752,13.19621],[108.424024,13.197408],[108.423316,13.198606],[108.422305,13.202641],[108.422518,13.203725],[108.423646,13.204679],[108.422415,13.20538],[108.421858,13.2067],[108.422602,13.207688],[108.421232,13.209018],[108.421759,13.209755],[108.421362,13.211319],[108.420256,13.211344],[108.419778,13.212418],[108.418269,13.213339],[108.417619,13.214826],[108.417656,13.215682],[108.418448,13.217013],[108.417234,13.218282],[108.41732,13.219693],[108.416645,13.220449],[108.416556,13.222245],[108.41756,13.223762],[108.418908,13.224966],[108.422203,13.226452],[108.422175,13.227373],[108.420187,13.228108],[108.420148,13.230504],[108.41863,13.232468],[108.417609,13.233293],[108.417912,13.237764],[108.419177,13.239222],[108.42087,13.23964],[108.421435,13.240246],[108.420953,13.241602],[108.419703,13.242743],[108.418099,13.243136],[108.413934,13.246363],[108.410702,13.247856],[108.41037,13.248773],[108.410423,13.25267],[108.40953,13.256265],[108.408341,13.256673],[108.408231,13.258258],[108.406948,13.258655],[108.405807,13.260118],[108.404914,13.260567],[108.402599,13.259135],[108.401672,13.2578],[108.400053,13.257543],[108.399183,13.255976],[108.397545,13.255566],[108.395329,13.255542],[108.3932,13.255982],[108.39105,13.256857],[108.387594,13.257073],[108.384688,13.259055],[108.382528,13.261769],[108.381089,13.262968],[108.379046,13.265125],[108.376502,13.267134],[108.373717,13.266888],[108.372247,13.26763],[108.372246,13.269275],[108.371737,13.270303],[108.373123,13.271451],[108.374054,13.272904],[108.373565,13.274029],[108.374596,13.27542],[108.37351,13.277193],[108.372445,13.278302],[108.374183,13.279722],[108.373054,13.282134],[108.37274,13.283512],[108.370788,13.286844],[108.373244,13.288133],[108.372793,13.289203],[108.37082,13.292545],[108.369368,13.294021],[108.369964,13.295876],[108.371231,13.297873],[108.370868,13.298647],[108.369516,13.299436],[108.369246,13.301451],[108.370278,13.302353],[108.372552,13.302385],[108.371879,13.304472],[108.371104,13.305794],[108.367319,13.310201],[108.365784,13.311053],[108.364007,13.311532],[108.36368,13.312904],[108.362514,13.314706],[108.361083,13.314982],[108.358546,13.314763],[108.355708,13.315389],[108.3553,13.318892],[108.354769,13.321878],[108.35405,13.322971],[108.35348,13.324788],[108.353971,13.326741],[108.353709,13.328539],[108.352798,13.329922],[108.34932,13.331927],[108.34617,13.334312],[108.346652,13.336545],[108.347581,13.338749],[108.345847,13.339112],[108.344182,13.338184],[108.340681,13.338124],[108.339057,13.338592],[108.336938,13.337702],[108.331757,13.340503],[108.330171,13.341883],[108.327944,13.343094],[108.32454,13.343153],[108.32306,13.344157],[108.322261,13.345179],[108.320566,13.345644],[108.318645,13.344704],[108.317896,13.345],[108.31665,13.346606],[108.315172,13.346853],[108.311252,13.346567],[108.303326,13.349179],[108.299462,13.350355],[108.289114,13.35047],[108.28805,13.350894],[108.287424,13.35227],[108.286725,13.354979],[108.281727,13.359809],[108.280119,13.361993],[108.278627,13.362561],[108.268694,13.366799],[108.262829,13.369705],[108.254702,13.370075],[108.250316,13.36961],[108.248212,13.371088],[108.247229,13.37102],[108.245764,13.370111],[108.245014,13.369196],[108.243383,13.36828],[108.242007,13.368523],[108.239752,13.370576],[108.238378,13.373089],[108.23654,13.37298],[108.237303,13.370592],[108.237387,13.369499],[108.237138,13.365094],[108.237398,13.361458],[108.235063,13.344024],[108.230615,13.335831],[108.227901,13.330968],[108.225562,13.327659],[108.224982,13.325046],[108.225888,13.322111],[108.22664,13.321148],[108.226865,13.319438],[108.226383,13.316551],[108.225841,13.315302],[108.224802,13.314282],[108.22247,13.313548],[108.221957,13.312792],[108.219973,13.311445],[108.212011,13.305118],[108.209633,13.304802],[108.207992,13.305254],[108.206743,13.304725],[108.206479,13.303905],[108.206734,13.300852],[108.205495,13.298732],[108.197379,13.29145]]]},"properties":{"@id":"relation/18788336","admin_level":"6","boundary":"administrative","name":"Xã Ea Hiao","type":"boundary"},"id":"relation/18788336"},
{"type":"Feature","geometry":{"type":"Polygon","coordinates":[[[108.278005,13.123693],[108.278929,13.124968],[108.278042,13.129374],[108.274416,13.140429],[108.271009,13.147225],[108.266251,13.147256],[108.265277,13.14747],[108.264052,13.146659],[108.262854,13.146771],[108.261781,13.147386],[108.260149,13.147029],[108.259464,13.146238],[108.257482,13.14597],[108.256391,13.146188],[108.25521,13.147232],[108.253972,13.147498],[108.253476,13.14839],[108.248327,13.151426],[108.246936,13.150949],[108.245522,13.151082],[108.244991,13.152373],[108.243798,13.152808],[108.242127,13.154649],[108.243235,13.15564],[108.242195,13.156561],[108.24104,13.156179],[108.240154,13.156569],[108.238618,13.156453],[108.238741,13.157642],[108.240097,13.1593],[108.240566,13.160997],[108.239823,13.163166],[108.238001,13.163961],[108.236624,13.165391],[108.235805,13.167275],[108.234392,13.167357],[108.233891,13.166854],[108.23171,13.167824],[108.231193,13.168758],[108.231576,13.171104],[108.230883,13.173064],[108.229853,13.173558],[108.228066,13.176436],[108.226733,13.176906],[108.225816,13.176583],[108.224978,13.175435],[108.220731,13.175622],[108.217832,13.175069],[108.218017,13.174455],[108.215138,13.173737],[108.213828,13.172947],[108.212135,13.172496],[108.210562,13.173072],[108.208063,13.175547],[108.20696,13.178377],[108.206983,13.179713],[108.206121,13.18125],[108.205274,13.181294],[108.204317,13.183438],[108.203764,13.185581],[108.203558,13.188322],[108.202775,13.188686],[108.202337,13.190049],[108.202531,13.190881],[108.20196,13.193114],[108.199539,13.193822],[108.197635,13.200567],[108.186615,13.222895],[108.18085,13.221961],[108.179551,13.221501],[108.175952,13.219537],[108.171198,13.21402],[108.17006,13.212103],[108.169997,13.211292],[108.168039,13.209122],[108.168234,13.20748],[108.167067,13.207164],[108.165888,13.207602],[108.165203,13.208825],[108.163582,13.207665],[108.162759,13.20845],[108.160503,13.207292],[108.159676,13.204737],[108.157193,13.205644],[108.154942,13.204168],[108.15457,13.206372],[108.153083,13.20807],[108.152789,13.208865],[108.151403,13.210252],[108.150562,13.210229],[108.149867,13.208905],[108.149111,13.209248],[108.146453,13.21322],[108.14498,13.214088],[108.143789,13.213816],[108.142572,13.2127],[108.140689,13.212627],[108.138813,13.214112],[108.137097,13.212359],[108.136983,13.210377],[108.134061,13.20855],[108.132609,13.207212],[108.132974,13.205849],[108.13275,13.204923],[108.131307,13.20397],[108.130591,13.202657],[108.129012,13.202177],[108.126829,13.200879],[108.124714,13.200447],[108.124558,13.198099],[108.123322,13.19788],[108.123123,13.1967],[108.124813,13.19026],[108.125497,13.19015],[108.12565,13.188552],[108.12551,13.184029],[108.125765,13.182935],[108.119432,13.171661],[108.120731,13.171123],[108.121967,13.171687],[108.123988,13.170276],[108.125989,13.169888],[108.126293,13.169294],[108.127763,13.160728],[108.127281,13.160415],[108.114433,13.157004],[108.112261,13.156089],[108.100786,13.151856],[108.094697,13.147397],[108.0812,13.154794],[108.074248,13.159788],[108.066566,13.163747],[108.060418,13.157009],[108.056604,13.152976],[108.042544,13.150375],[108.042577,13.149291],[108.041514,13.148191],[108.040779,13.146605],[108.037032,13.145376],[108.033303,13.147068],[108.03221,13.146248],[108.030867,13.146171],[108.029517,13.146905],[108.026909,13.145361],[108.025589,13.1452],[108.025412,13.146182],[108.02373,13.147604],[108.022336,13.146603],[108.019014,13.144995],[108.018009,13.143773],[108.016514,13.143734],[108.015137,13.142717],[108.01278,13.142792],[108.011168,13.141941],[108.010265,13.140034],[108.007858,13.138811],[108.006282,13.139066],[108.004878,13.141001],[108.002797,13.141759],[108.001826,13.141465],[108.001034,13.141967],[108.000774,13.143393],[108.000881,13.145558],[107.999997,13.147224],[107.998765,13.151064],[107.998377,13.152798],[107.995758,13.153877],[107.994459,13.155408],[107.992655,13.156075],[107.990789,13.153285],[107.989117,13.151844],[107.987879,13.151294],[107.985192,13.149033],[107.984145,13.1472],[107.984657,13.145036],[107.985644,13.142737],[107.984996,13.142098],[107.984708,13.140457],[107.98379,13.1393],[107.984261,13.137359],[107.985091,13.135578],[107.985364,13.131578],[107.985191,13.129799],[107.985322,13.12764],[107.983763,13.127871],[107.982127,13.127351],[107.98181,13.125942],[107.982522,13.122873],[107.981178,13.122356],[107.98022,13.121086],[107.980281,13.119739],[107.982828,13.119301],[107.984855,13.117796],[107.985257,13.116659],[107.987558,13.115459],[107.987325,13.113635],[107.989168,13.112946],[107.989125,13.11167],[107.99147,13.111855],[107.993846,13.110776],[107.993907,13.110018],[107.996276,13.109035],[107.997332,13.107842],[107.998056,13.107666],[108.000831,13.108021],[108.001906,13.10738],[108.002476,13.106073],[108.004151,13.106539],[108.005822,13.104784],[108.008713,13.105298],[108.009251,13.105043],[108.009237,13.103009],[108.010686,13.102586],[108.011044,13.10308],[108.01267,13.102502],[108.01378,13.103255],[108.015583,13.103144],[108.017001,13.102369],[108.017889,13.103495],[108.018796,13.103737],[108.019711,13.103056],[108.020559,13.101503],[108.022178,13.102711],[108.022909,13.102835],[108.02476,13.1043],[108.026794,13.104222],[108.027766,13.103544],[108.02849,13.101581],[108.029884,13.101248],[108.031165,13.101858],[108.032527,13.101902],[108.033865,13.101202],[108.036901,13.101399],[108.037755,13.102343],[108.038658,13.102115],[108.039157,13.100566],[108.040857,13.099776],[108.042006,13.100049],[108.041891,13.101503],[108.042475,13.102344],[108.044733,13.10263],[108.045855,13.103166],[108.046888,13.102447],[108.047724,13.102497],[108.048187,13.100707],[108.049116,13.100216],[108.04807,13.098844],[108.047765,13.097199],[108.048385,13.096265],[108.049274,13.093846],[108.04992,13.090153],[108.049633,13.087759],[108.047562,13.086857],[108.047119,13.085054],[108.046089,13.084761],[108.045855,13.083713],[108.04481,13.082953],[108.044866,13.082194],[108.04403,13.081339],[108.043581,13.07992],[108.042429,13.078916],[108.041219,13.07632],[108.04039,13.076186],[108.03913,13.076897],[108.038455,13.075471],[108.037029,13.075105],[108.036823,13.074387],[108.038232,13.074476],[108.040256,13.073831],[108.040789,13.072893],[108.039412,13.069556],[108.037448,13.067576],[108.037998,13.065614],[108.040366,13.064532],[108.041346,13.063811],[108.042964,13.061444],[108.044844,13.060672],[108.0454,13.059398],[108.045263,13.058481],[108.044169,13.057725],[108.043094,13.056283],[108.043068,13.05522],[108.043819,13.054378],[108.047324,13.056236],[108.048903,13.056402],[108.049543,13.055675],[108.051007,13.055244],[108.051563,13.053407],[108.047657,13.052562],[108.046033,13.051156],[108.045407,13.049392],[108.04657,13.048094],[108.049429,13.048194],[108.052071,13.047827],[108.053337,13.048391],[108.054905,13.050487],[108.055583,13.051825],[108.056764,13.052242],[108.057942,13.05092],[108.059039,13.050777],[108.062577,13.052684],[108.064439,13.052039],[108.065889,13.050968],[108.067187,13.050461],[108.068543,13.050435],[108.070137,13.051743],[108.069371,13.054031],[108.068145,13.054933],[108.065735,13.056069],[108.065293,13.057109],[108.065891,13.05922],[108.067569,13.059029],[108.069639,13.057784],[108.076594,13.055906],[108.07719,13.056492],[108.07648,13.058387],[108.074705,13.06022],[108.071083,13.061929],[108.071571,13.06299],[108.073047,13.063803],[108.074049,13.063822],[108.07752,13.063035],[108.0788,13.062332],[108.079868,13.063063],[108.080252,13.064513],[108.079304,13.066377],[108.079099,13.067515],[108.080086,13.068839],[108.082435,13.069782],[108.083502,13.069388],[108.084623,13.066996],[108.084672,13.065409],[108.08527,13.064465],[108.086246,13.06462],[108.086794,13.066726],[108.088304,13.067418],[108.091033,13.064526],[108.091993,13.062751],[108.092049,13.060557],[108.092788,13.059089],[108.09402,13.058041],[108.095231,13.058098],[108.096223,13.059062],[108.09493,13.061487],[108.096722,13.062105],[108.098023,13.060071],[108.099726,13.059606],[108.100837,13.062249],[108.100961,13.063157],[108.100493,13.064973],[108.099626,13.066441],[108.10167,13.066472],[108.102362,13.067666],[108.102033,13.069298],[108.103538,13.071565],[108.10372,13.070202],[108.104655,13.069016],[108.104766,13.067272],[108.106981,13.071],[108.107616,13.069836],[108.106214,13.068156],[108.106456,13.06636],[108.109211,13.065896],[108.108776,13.06818],[108.109994,13.069124],[108.109319,13.070255],[108.109917,13.071199],[108.108171,13.073574],[108.109072,13.074957],[108.111198,13.07442],[108.111005,13.075363],[108.111559,13.076438],[108.113835,13.076772],[108.116828,13.077862],[108.118276,13.077795],[108.119794,13.078517],[108.120454,13.07939],[108.120498,13.080913],[108.121879,13.0809],[108.122244,13.082094],[108.123849,13.081729],[108.124287,13.08281],[108.126812,13.083214],[108.128456,13.084528],[108.128666,13.085632],[108.129474,13.086369],[108.130607,13.088507],[108.130242,13.089955],[108.130912,13.091303],[108.131192,13.092946],[108.131803,13.092977],[108.133489,13.09531],[108.134549,13.099866],[108.136717,13.100791],[108.137232,13.103555],[108.137856,13.10404],[108.138932,13.105987],[108.138437,13.106615],[108.138294,13.109084],[108.139907,13.110808],[108.140077,13.112398],[108.140721,13.112675],[108.143002,13.114923],[108.145957,13.11519],[108.147228,13.115535],[108.152018,13.117389],[108.153057,13.116776],[108.154896,13.119041],[108.157627,13.120906],[108.159647,13.12147],[108.161362,13.121325],[108.162568,13.1217],[108.162761,13.122703],[108.164241,13.12309],[108.163705,13.123931],[108.165497,13.12753],[108.166438,13.127387],[108.166922,13.126483],[108.166763,13.124983],[108.167909,13.123916],[108.168373,13.122883],[108.169949,13.121755],[108.171068,13.121925],[108.171751,13.12137],[108.173082,13.121645],[108.174986,13.120727],[108.177312,13.120987],[108.178434,13.119626],[108.18055,13.121322],[108.181514,13.12159],[108.182469,13.123122],[108.183836,13.122743],[108.184671,13.123117],[108.185627,13.122425],[108.187028,13.122762],[108.187694,13.123586],[108.189242,13.123015],[108.190152,13.123228],[108.192161,13.12281],[108.193888,13.123162],[108.195049,13.123881],[108.195773,13.123079],[108.197567,13.122306],[108.200642,13.120004],[108.204998,13.117931],[108.20523,13.117586],[108.208742,13.116081],[108.209631,13.116016],[108.210492,13.114965],[108.213318,13.112905],[108.214993,13.111315],[108.216015,13.108177],[108.217599,13.107818],[108.221083,13.107899],[108.221807,13.107709],[108.223169,13.105888],[108.22689,13.108182],[108.233496,13.110491],[108.234411,13.11119],[108.23492,13.112855],[108.235789,13.11339],[108.237637,13.113461],[108.239523,13.114372],[108.239729,13.114987],[108.242457,13.115565],[108.245249,13.115261],[108.245483,13.116549],[108.246859,13.117421],[108.24874,13.1174],[108.249041,13.11783],[108.252183,13.11833],[108.252164,13.118696],[108.257137,13.118821],[108.25644,13.120422],[108.255835,13.12317],[108.25681,13.125519],[108.257824,13.126224],[108.260219,13.126427],[108.262763,13.124394],[108.264053,13.122459],[108.265882,13.122265],[108.26738,13.123441],[108.268766,13.123137],[108.272283,13.124302],[108.272369,13.125096],[108.274044,13.124905],[108.274909,13.124182],[108.277087,13.124048],[108.278005,13.123693]]]},"properties":{"@id":"relation/18788341","admin_level":"6","boundary":"administrative","name":"Xã Ea Khăl","type":"boundary"},"id":"relation/18788341"},
{"type":"Feature","geometry":{"type":"Polygon","coordinates":[[[107.997697,13.277514],[107.997525,13.273407],[107.997192,13.272457],[107.996909,13.26975],[107.997751,13.26752],[107.997941,13.264963],[107.998642,13.26326],[108.000316,13.262206],[108.000956,13.26075],[108.000621,13.258253],[107.998754,13.256091],[107.999485,13.25302],[108.000233,13.250805],[108.000305,13.249125],[107.999063,13.247547],[107.99792,13.2471],[107.996276,13.247136],[107.995537,13.245746],[107.991478,13.241095],[107.991396,13.240396],[107.990118,13.238741],[107.986306,13.235612],[107.983132,13.23584],[107.981567,13.237027],[107.980445,13.235175],[107.977801,13.232624],[107.979327,13.232597],[107.981111,13.231687],[107.982578,13.228988],[107.983141,13.227183],[107.984017,13.225766],[107.985985,13.223959],[107.987423,13.221604],[107.989171,13.220101],[107.989233,13.219457],[107.987735,13.21759],[107.986323,13.214614],[107.985754,13.212853],[107.984509,13.210526],[107.984474,13.208242],[107.98637,13.205052],[107.987178,13.201933],[107.987244,13.198328],[107.987678,13.194815],[107.988106,13.193671],[107.989111,13.192627],[107.989376,13.191319],[107.988779,13.189799],[107.989083,13.188898],[107.990772,13.186945],[107.992248,13.182749],[107.991641,13.181465],[107.989394,13.180363],[107.988855,13.179757],[107.988004,13.176743],[107.984482,13.175665],[107.982884,13.174684],[107.981245,13.17263],[107.980676,13.171071],[107.979099,13.169869],[107.977171,13.169124],[107.976451,13.167957],[107.973939,13.166014],[107.97564,13.164668],[107.977497,13.163661],[107.979738,13.160448],[107.981048,13.157336],[107.982283,13.15349],[107.982255,13.149936],[107.983702,13.148484],[107.984145,13.1472],[107.985192,13.149033],[107.987879,13.151294],[107.989117,13.151844],[107.990789,13.153285],[107.992655,13.156075],[107.994459,13.155408],[107.995758,13.153877],[107.998377,13.152798],[107.998765,13.151064],[107.999997,13.147224],[108.000881,13.145558],[108.000774,13.143393],[108.001034,13.141967],[108.001826,13.141465],[108.002797,13.141759],[108.004878,13.141001],[108.006282,13.139066],[108.007858,13.138811],[108.010265,13.140034],[108.011168,13.141941],[108.01278,13.142792],[108.015137,13.142717],[108.016514,13.143734],[108.018009,13.143773],[108.019014,13.144995],[108.022336,13.146603],[108.02373,13.147604],[108.025412,13.146182],[108.025589,13.1452],[108.026909,13.145361],[108.029517,13.146905],[108.030867,13.146171],[108.03221,13.146248],[108.033303,13.147068],[108.037032,13.145376],[108.040779,13.146605],[108.041514,13.148191],[108.042577,13.149291],[108.042544,13.150375],[108.056604,13.152976],[108.060418,13.157009],[108.066566,13.163747],[108.074248,13.159788],[108.0812,13.154794],[108.094697,13.147397],[108.100786,13.151856],[108.112261,13.156089],[108.114433,13.157004],[108.127281,13.160415],[108.127763,13.160728],[108.126293,13.169294],[108.125989,13.169888],[108.123988,13.170276],[108.121967,13.171687],[108.120731,13.171123],[108.119432,13.171661],[108.125765,13.182935],[108.12551,13.184029],[108.12565,13.188552],[108.125497,13.19015],[108.124813,13.19026],[108.123123,13.1967],[108.123322,13.19788],[108.124558,13.198099],[108.124714,13.200447],[108.126829,13.200879],[108.129012,13.202177],[108.130591,13.202657],[108.131307,13.20397],[108.13275,13.204923],[108.132974,13.205849],[108.132609,13.207212],[108.134061,13.20855],[108.136983,13.210377],[108.137097,13.212359],[108.138813,13.214112],[108.140689,13.212627],[108.142572,13.2127],[108.143789,13.213816],[108.143238,13.216472],[108.143388,13.218521],[108.143009,13.220786],[108.14216,13.222736],[108.142697,13.225362],[108.142459,13.226292],[108.141271,13.226374],[108.141284,13.227527],[108.140473,13.22852],[108.139572,13.231704],[108.139694,13.233621],[108.140481,13.234304],[108.140659,13.235617],[108.140177,13.237643],[108.136962,13.242311],[108.136707,13.243259],[108.137162,13.244713],[108.138208,13.246614],[108.138573,13.251405],[108.139514,13.252675],[108.1388,13.261482],[108.137441,13.264465],[108.137686,13.268905],[108.137269,13.269948],[108.137098,13.272059],[108.134913,13.27061],[108.132848,13.271718],[108.131079,13.274175],[108.13007,13.274783],[108.117818,13.279179],[108.113085,13.279704],[108.106177,13.281191],[108.10488,13.281901],[108.102518,13.284739],[108.102537,13.286404],[108.102023,13.287826],[108.100826,13.28944],[108.097995,13.289381],[108.096033,13.290464],[108.093898,13.291323],[108.085175,13.289845],[108.084162,13.289098],[108.083561,13.287334],[108.080417,13.283565],[108.077666,13.281697],[108.075138,13.278929],[108.070171,13.273138],[108.063844,13.272804],[108.061139,13.272458],[108.05914,13.272552],[108.057811,13.271181],[108.055596,13.271286],[108.053239,13.270761],[108.051971,13.27013],[108.049764,13.269749],[108.048157,13.26904],[108.044719,13.266591],[108.043918,13.265453],[108.041616,13.264482],[108.039722,13.264456],[108.038698,13.263545],[108.03595,13.26195],[108.034967,13.259987],[108.034178,13.259226],[108.032989,13.26011],[108.030824,13.260875],[108.029751,13.261773],[108.028643,13.263934],[108.026534,13.265297],[108.023565,13.265433],[108.019316,13.266309],[108.016862,13.267168],[108.012404,13.26931],[108.01013,13.270193],[108.009059,13.270105],[108.007976,13.271139],[108.005438,13.271887],[108.003542,13.273255],[108.003155,13.273974],[108.001503,13.275023],[107.999576,13.276625],[107.997697,13.277514]]]},"properties":{"@id":"relation/18788343","admin_level":"6","boundary":"administrative","name":"Xã Ea Wy","type":"boundary"},"id":"relation/18788343"},
{"type":"Feature","geometry":{"type":"Polygon","coordinates":[[[108.143789,13.213816],[108.14498,13.214088],[108.146453,13.21322],[108.149111,13.209248],[108.149867,13.208905],[108.150562,13.210229],[108.151403,13.210252],[108.152789,13.208865],[108.153083,13.20807],[108.15457,13.206372],[108.154942,13.204168],[108.157193,13.205644],[108.159676,13.204737],[108.160503,13.207292],[108.162759,13.20845],[108.163582,13.207665],[108.165203,13.208825],[108.165888,13.207602],[108.167067,13.207164],[108.168234,13.20748],[108.168039,13.209122],[108.169997,13.211292],[108.17006,13.212103],[108.171198,13.21402],[108.175952,13.219537],[108.179551,13.221501],[108.18085,13.221961],[108.186615,13.222895],[108.197635,13.200567],[108.199539,13.193822],[108.20196,13.193114],[108.202531,13.190881],[108.202337,13.190049],[108.202775,13.188686],[108.203558,13.188322],[108.203764,13.185581],[108.204317,13.183438],[108.205274,13.181294],[108.206121,13.18125],[108.206983,13.179713],[108.20696,13.178377],[108.208063,13.175547],[108.210562,13.173072],[108.212135,13.172496],[108.213828,13.172947],[108.215138,13.173737],[108.218017,13.174455],[108.217832,13.175069],[108.220731,13.175622],[108.224978,13.175435],[108.225816,13.176583],[108.226733,13.176906],[108.228066,13.176436],[108.229853,13.173558],[108.230883,13.173064],[108.231576,13.171104],[108.231193,13.168758],[108.23171,13.167824],[108.233891,13.166854],[108.234392,13.167357],[108.235805,13.167275],[108.236624,13.165391],[108.238001,13.163961],[108.239823,13.163166],[108.240566,13.160997],[108.240097,13.1593],[108.238741,13.157642],[108.238618,13.156453],[108.240154,13.156569],[108.24104,13.156179],[108.242195,13.156561],[108.243235,13.15564],[108.242127,13.154649],[108.243798,13.152808],[108.244991,13.152373],[108.245522,13.151082],[108.246936,13.150949],[108.248327,13.151426],[108.253476,13.14839],[108.253972,13.147498],[108.25521,13.147232],[108.256391,13.146188],[108.257482,13.14597],[108.259464,13.146238],[108.260149,13.147029],[108.261781,13.147386],[108.262854,13.146771],[108.264052,13.146659],[108.265277,13.14747],[108.266251,13.147256],[108.271009,13.147225],[108.274416,13.140429],[108.278042,13.129374],[108.278929,13.124968],[108.280891,13.12484],[108.281615,13.124402],[108.285066,13.126159],[108.286148,13.128161],[108.288281,13.1298],[108.290633,13.130469],[108.292718,13.130136],[108.295369,13.130004],[108.297695,13.129572],[108.299897,13.130132],[108.306817,13.133609],[108.310438,13.136202],[108.311517,13.138539],[108.311621,13.139985],[108.314107,13.140719],[108.31493,13.141444],[108.315507,13.142699],[108.314876,13.145007],[108.313207,13.146013],[108.312033,13.148448],[108.311492,13.148118],[108.309784,13.148545],[108.309154,13.147764],[108.308275,13.148682],[108.309684,13.149329],[108.308762,13.150862],[108.307115,13.151732],[108.307281,13.153277],[108.308009,13.155181],[108.307352,13.156183],[108.305603,13.157874],[108.304834,13.159047],[108.305029,13.160468],[108.306094,13.161441],[108.305853,13.162712],[108.307388,13.163288],[108.305936,13.164074],[108.306485,13.165207],[108.308141,13.165006],[108.310385,13.166161],[108.310729,13.167647],[108.308099,13.167444],[108.307403,13.16939],[108.307432,13.171782],[108.310038,13.172397],[108.309057,13.173828],[108.310036,13.174152],[108.310296,13.176654],[108.309594,13.177998],[108.309602,13.18006],[108.307643,13.180723],[108.307291,13.181317],[108.305852,13.18135],[108.304986,13.18087],[108.303421,13.181263],[108.301164,13.180132],[108.30051,13.178506],[108.300588,13.177609],[108.299575,13.177189],[108.298462,13.178513],[108.297104,13.177881],[108.297338,13.179984],[108.29665,13.181233],[108.293648,13.181643],[108.29296,13.181417],[108.291847,13.182219],[108.292368,13.183776],[108.290687,13.183201],[108.290224,13.182588],[108.288493,13.182551],[108.286348,13.183251],[108.283835,13.184409],[108.28405,13.187899],[108.283966,13.190874],[108.283199,13.194262],[108.282491,13.194762],[108.282316,13.196172],[108.28001,13.198013],[108.27966,13.199867],[108.280163,13.200871],[108.279952,13.201779],[108.280317,13.203765],[108.28199,13.207905],[108.281454,13.209244],[108.275639,13.217414],[108.275267,13.219119],[108.273238,13.225862],[108.272033,13.22598],[108.26956,13.226993],[108.268368,13.228735],[108.268425,13.231694],[108.269104,13.233428],[108.266772,13.234246],[108.26554,13.236903],[108.264132,13.238337],[108.263568,13.241744],[108.262258,13.244369],[108.262154,13.246306],[108.261482,13.24842],[108.260872,13.248539],[108.260393,13.250192],[108.258354,13.251078],[108.257476,13.252358],[108.257357,13.254868],[108.25805,13.256823],[108.253575,13.265578],[108.253027,13.264634],[108.251013,13.262274],[108.23976,13.247483],[108.239935,13.249182],[108.239047,13.250022],[108.239043,13.251058],[108.238197,13.253056],[108.237189,13.254099],[108.237261,13.254827],[108.235218,13.257232],[108.235712,13.258827],[108.23513,13.261504],[108.233598,13.261848],[108.232083,13.262799],[108.230247,13.262927],[108.230583,13.264724],[108.229494,13.265685],[108.228688,13.266996],[108.227832,13.269176],[108.225361,13.270053],[108.2255,13.271519],[108.224277,13.272816],[108.223,13.27486],[108.222545,13.276096],[108.221515,13.276597],[108.21964,13.276503],[108.21823,13.278573],[108.216878,13.278946],[108.215799,13.278282],[108.214835,13.279364],[108.214293,13.280766],[108.213452,13.281315],[108.211542,13.280667],[108.210131,13.281227],[108.209732,13.282357],[108.208815,13.282706],[108.207055,13.282614],[108.205984,13.282928],[108.205383,13.284741],[108.20372,13.28537],[108.202582,13.287422],[108.200048,13.287157],[108.19892,13.289511],[108.198085,13.289895],[108.197379,13.29145],[108.196996,13.292405],[108.195527,13.29302],[108.19462,13.29444],[108.193375,13.295487],[108.192263,13.297063],[108.19123,13.297835],[108.189417,13.299982],[108.187595,13.301349],[108.184711,13.302687],[108.18321,13.304207],[108.182162,13.306317],[108.180569,13.307356],[108.178726,13.307541],[108.174814,13.307378],[108.172404,13.306956],[108.171188,13.306433],[108.169314,13.304997],[108.168506,13.30397],[108.167538,13.301769],[108.166459,13.296941],[108.166322,13.295442],[108.167007,13.294162],[108.166604,13.293196],[108.167439,13.292022],[108.16885,13.288104],[108.167297,13.285976],[108.167924,13.282365],[108.167044,13.281617],[108.165797,13.284123],[108.165103,13.284524],[108.164292,13.286402],[108.162929,13.28685],[108.161849,13.288517],[108.16002,13.292056],[108.15996,13.292581],[108.155516,13.292599],[108.15553,13.291292],[108.154017,13.287308],[108.152876,13.28495],[108.152677,13.282653],[108.151774,13.280773],[108.151899,13.278388],[108.151534,13.277851],[108.149876,13.277228],[108.146203,13.27696],[108.142645,13.275862],[108.140413,13.274961],[108.138776,13.273739],[108.137856,13.273773],[108.137098,13.272059],[108.137269,13.269948],[108.137686,13.268905],[108.137441,13.264465],[108.1388,13.261482],[108.139514,13.252675],[108.138573,13.251405],[108.138208,13.246614],[108.137162,13.244713],[108.136707,13.243259],[108.136962,13.242311],[108.140177,13.237643],[108.140659,13.235617],[108.140481,13.234304],[108.139694,13.233621],[108.139572,13.231704],[108.140473,13.22852],[108.141284,13.227527],[108.141271,13.226374],[108.142459,13.226292],[108.142697,13.225362],[108.14216,13.222736],[108.143009,13.220786],[108.143388,13.218521],[108.143238,13.216472],[108.143789,13.213816]]]},"properties":{"@id":"relation/18788345","admin_level":"6","boundary":"administrative","name":"Xã Ea Drăng","type":"boundary"},"id":"relation/18788345"},
{"type":"Feature","geometry":{"type":"Polygon","coordinates":[[[108.23654,13.37298],[108.233035,13.371761],[108.227504,13.370412],[108.221465,13.371354],[108.21442,13.374583],[108.212271,13.375673],[108.209161,13.376621],[108.203447,13.374672],[108.20246,13.374655],[108.200805,13.375908],[108.199885,13.377772],[108.196176,13.379187],[108.195409,13.378932],[108.193339,13.38057],[108.190405,13.380415],[108.189843,13.381211],[108.1881,13.382047],[108.187739,13.381334],[108.185589,13.380842],[108.184854,13.381309],[108.182931,13.381515],[108.182625,13.382503],[108.180658,13.384082],[108.179583,13.3844],[108.1781,13.383649],[108.177174,13.384551],[108.176909,13.386148],[108.177221,13.387556],[108.174777,13.387712],[108.174219,13.388307],[108.174419,13.390918],[108.17362,13.391707],[108.171437,13.392537],[108.170081,13.391491],[108.169405,13.392914],[108.167185,13.39297],[108.16676,13.394086],[108.165279,13.394038],[108.164424,13.394927],[108.165255,13.395781],[108.163362,13.397184],[108.162008,13.398991],[108.162396,13.400474],[108.160633,13.401496],[108.159572,13.400812],[108.158937,13.40137],[108.157244,13.401554],[108.155823,13.39976],[108.154113,13.400002],[108.151699,13.400798],[108.150825,13.400652],[108.149334,13.40196],[108.149396,13.4029],[108.147726,13.404281],[108.146316,13.403991],[108.144696,13.404205],[108.144601,13.405729],[108.143704,13.407718],[108.141587,13.408775],[108.140794,13.40847],[108.140493,13.406908],[108.138546,13.40725],[108.137118,13.407098],[108.136373,13.408526],[108.135372,13.409389],[108.132519,13.408917],[108.13131,13.410518],[108.129637,13.411407],[108.128143,13.410734],[108.127506,13.40989],[108.125494,13.409105],[108.123921,13.409803],[108.12271,13.411357],[108.120379,13.412121],[108.118247,13.41333],[108.116351,13.414041],[108.113741,13.416126],[108.112078,13.416643],[108.110261,13.415802],[108.108629,13.413453],[108.106336,13.411532],[108.10522,13.41151],[108.102654,13.410537],[108.098546,13.410066],[108.09695,13.408722],[108.095338,13.407871],[108.093506,13.407626],[108.089684,13.409283],[108.088526,13.407325],[108.086409,13.405776],[108.083785,13.404453],[108.081946,13.402136],[108.081139,13.400215],[108.079423,13.40006],[108.080458,13.402804],[108.079419,13.404625],[108.078212,13.40395],[108.076961,13.404079],[108.074623,13.40157],[108.073956,13.400098],[108.073099,13.399341],[108.072322,13.400164],[108.071738,13.403464],[108.072396,13.403982],[108.070329,13.404923],[108.070157,13.407052],[108.06915,13.409536],[108.068431,13.409817],[108.067008,13.409411],[108.06614,13.408672],[108.065821,13.40746],[108.064799,13.406603],[108.063878,13.407335],[108.064307,13.408704],[108.06401,13.409479],[108.061892,13.40855],[108.058845,13.408482],[108.057462,13.407561],[108.055806,13.408067],[108.055201,13.408857],[108.055785,13.410113],[108.05706,13.410769],[108.056315,13.41173],[108.054736,13.412513],[108.053479,13.412369],[108.05212,13.411624],[108.051523,13.409927],[108.050758,13.409062],[108.049671,13.408722],[108.047804,13.407573],[108.047119,13.405035],[108.045858,13.403999],[108.045814,13.401842],[108.045498,13.401067],[108.043998,13.400388],[108.042414,13.400656],[108.040946,13.399376],[108.039208,13.400244],[108.038529,13.402145],[108.035688,13.402861],[108.035625,13.400192],[108.03406,13.397624],[108.033905,13.39674],[108.032893,13.39578],[108.032084,13.396431],[108.03083,13.396365],[108.030425,13.39516],[108.028526,13.395095],[108.027055,13.395429],[108.026397,13.394516],[108.025851,13.392091],[108.024463,13.391156],[108.02221,13.387485],[108.021305,13.386796],[108.018343,13.386092],[108.017511,13.386834],[108.015577,13.386535],[108.014053,13.385973],[108.013139,13.384818],[108.012662,13.383057],[108.009884,13.381336],[108.008098,13.380906],[108.00638,13.383094],[108.001522,13.385958],[108.000178,13.386462],[107.999506,13.387196],[107.999669,13.388785],[107.997361,13.390782],[107.995941,13.390532],[107.99365,13.388771],[107.992568,13.388973],[107.988947,13.392197],[107.985596,13.3916],[107.983605,13.392746],[107.981757,13.39231],[107.980357,13.390765],[107.979992,13.388819],[107.980546,13.387059],[107.98153,13.385533],[107.981546,13.38462],[107.980778,13.383702],[107.978901,13.384346],[107.977277,13.384158],[107.975431,13.383488],[107.974797,13.38188],[107.973607,13.381326],[107.970888,13.382701],[107.969005,13.382693],[107.967317,13.381646],[107.966426,13.380571],[107.965125,13.37988],[107.964017,13.379795],[107.960883,13.380393],[107.958556,13.380495],[107.957583,13.381198],[107.955273,13.379771],[107.954766,13.37835],[107.955352,13.376336],[107.956429,13.37573],[107.957971,13.375581],[107.958609,13.37448],[107.959217,13.372461],[107.95898,13.371098],[107.959998,13.369475],[107.963215,13.36769],[107.964497,13.366303],[107.965872,13.367094],[107.969108,13.366244],[107.969336,13.364295],[107.970917,13.363701],[107.971681,13.361049],[107.972864,13.360374],[107.973987,13.36037],[107.975111,13.359697],[107.974137,13.357776],[107.973696,13.35584],[107.974998,13.354426],[107.973697,13.350896],[107.973893,13.350048],[107.972927,13.34907],[107.972807,13.345458],[107.974169,13.342507],[107.974715,13.342173],[107.97653,13.33967],[107.976613,13.338269],[107.976029,13.337356],[107.976253,13.33597],[107.977314,13.334203],[107.977505,13.331866],[107.978574,13.330319],[107.979015,13.327753],[107.980035,13.325662],[107.979852,13.324445],[107.98061,13.322635],[107.979504,13.32064],[107.980251,13.317978],[107.981486,13.316464],[107.982769,13.315865],[107.983986,13.313836],[107.983249,13.310607],[107.982676,13.309822],[107.984471,13.306899],[107.985537,13.307349],[107.986687,13.30705],[107.986761,13.306075],[107.985156,13.304145],[107.983956,13.30427],[107.984088,13.302959],[107.985162,13.302419],[107.985496,13.300869],[107.986024,13.300538],[107.988163,13.300377],[107.988819,13.29989],[107.989319,13.298051],[107.990426,13.296716],[107.9922,13.296879],[107.994365,13.294888],[107.99554,13.294212],[107.998475,13.293957],[108.001129,13.290774],[108.003083,13.290189],[108.001211,13.287533],[108.000322,13.284268],[107.99847,13.280171],[107.997697,13.277514],[107.999576,13.276625],[108.001503,13.275023],[108.003155,13.273974],[108.003542,13.273255],[108.005438,13.271887],[108.007976,13.271139],[108.009059,13.270105],[108.01013,13.270193],[108.012404,13.26931],[108.016862,13.267168],[108.019316,13.266309],[108.023565,13.265433],[108.026534,13.265297],[108.028643,13.263934],[108.029751,13.261773],[108.030824,13.260875],[108.032989,13.26011],[108.034178,13.259226],[108.034967,13.259987],[108.03595,13.26195],[108.038698,13.263545],[108.039722,13.264456],[108.041616,13.264482],[108.043918,13.265453],[108.044719,13.266591],[108.048157,13.26904],[108.049764,13.269749],[108.051971,13.27013],[108.053239,13.270761],[108.055596,13.271286],[108.057811,13.271181],[108.05914,13.272552],[108.061139,13.272458],[108.063844,13.272804],[108.070171,13.273138],[108.075138,13.278929],[108.077666,13.281697],[108.080417,13.283565],[108.083561,13.287334],[108.084162,13.289098],[108.085175,13.289845],[108.093898,13.291323],[108.096033,13.290464],[108.097995,13.289381],[108.100826,13.28944],[108.102023,13.287826],[108.102537,13.286404],[108.102518,13.284739],[108.10488,13.281901],[108.106177,13.281191],[108.113085,13.279704],[108.117818,13.279179],[108.13007,13.274783],[108.131079,13.274175],[108.132848,13.271718],[108.134913,13.27061],[108.137098,13.272059],[108.137856,13.273773],[108.138776,13.273739],[108.140413,13.274961],[108.142645,13.275862],[108.146203,13.27696],[108.149876,13.277228],[108.151534,13.277851],[108.151899,13.278388],[108.151774,13.280773],[108.152677,13.282653],[108.152876,13.28495],[108.154017,13.287308],[108.15553,13.291292],[108.155516,13.292599],[108.15996,13.292581],[108.16002,13.292056],[108.161849,13.288517],[108.162929,13.28685],[108.164292,13.286402],[108.165103,13.284524],[108.165797,13.284123],[108.167044,13.281617],[108.167924,13.282365],[108.167297,13.285976],[108.16885,13.288104],[108.167439,13.292022],[108.166604,13.293196],[108.167007,13.294162],[108.166322,13.295442],[108.166459,13.296941],[108.167538,13.301769],[108.168506,13.30397],[108.169314,13.304997],[108.171188,13.306433],[108.172404,13.306956],[108.174814,13.307378],[108.178726,13.307541],[108.180569,13.307356],[108.182162,13.306317],[108.18321,13.304207],[108.184711,13.302687],[108.187595,13.301349],[108.189417,13.299982],[108.19123,13.297835],[108.192263,13.297063],[108.193375,13.295487],[108.19462,13.29444],[108.195527,13.29302],[108.196996,13.292405],[108.197379,13.29145],[108.205495,13.298732],[108.206734,13.300852],[108.206479,13.303905],[108.206743,13.304725],[108.207992,13.305254],[108.209633,13.304802],[108.212011,13.305118],[108.219973,13.311445],[108.221957,13.312792],[108.22247,13.313548],[108.224802,13.314282],[108.225841,13.315302],[108.226383,13.316551],[108.226865,13.319438],[108.22664,13.321148],[108.225888,13.322111],[108.224982,13.325046],[108.225562,13.327659],[108.227901,13.330968],[108.230615,13.335831],[108.235063,13.344024],[108.237398,13.361458],[108.237138,13.365094],[108.237387,13.369499],[108.237303,13.370592],[108.23654,13.37298]]]},"properties":{"@id":"relation/18788347","admin_level":"6","boundary":"administrative","name":"Xã Ea H'Leo","type":"boundary"},"id":"relation/18788347"},
{"type":"Feature","geometry":{"type":"Polygon","coordinates":[[[108.815138,12.874997],[108.817059,12.875143],[108.818435,12.872851],[108.816503,12.871849],[108.816345,12.871208],[108.817491,12.869524],[108.82267,12.865881],[108.824978,12.867584],[108.826663,12.867971],[108.829445,12.867457],[108.830727,12.865794],[108.831725,12.865543],[108.83257,12.863359],[108.832787,12.861647],[108.834591,12.86184],[108.836014,12.861172],[108.837476,12.861307],[108.83781,12.860011],[108.839455,12.859288],[108.84015,12.857109],[108.84091,12.856691],[108.843493,12.856471],[108.845844,12.85706],[108.847696,12.85523],[108.848773,12.855271],[108.849958,12.854735],[108.851552,12.853064],[108.852035,12.851239],[108.850061,12.850371],[108.84967,12.848653],[108.848333,12.847515],[108.848387,12.845661],[108.847751,12.844629],[108.8499,12.841439],[108.85009,12.840582],[108.849314,12.839027],[108.850278,12.835515],[108.850249,12.833318],[108.853179,12.833228],[108.853244,12.831028],[108.854274,12.8294],[108.855504,12.828331],[108.857229,12.827511],[108.858301,12.826001],[108.861203,12.826876],[108.862098,12.824763],[108.863826,12.825231],[108.865491,12.823839],[108.865313,12.8223],[108.866148,12.820187],[108.865902,12.818593],[108.867011,12.817174],[108.868515,12.816112],[108.869872,12.816368],[108.874905,12.816353],[108.878347,12.814672],[108.880241,12.814061],[108.882365,12.81511],[108.884044,12.815049],[108.885742,12.815784],[108.886871,12.817095],[108.889033,12.815609],[108.891398,12.815186],[108.894255,12.815473],[108.896108,12.815281],[108.897027,12.8148],[108.900331,12.814339],[108.902322,12.813696],[108.903732,12.814532],[108.905904,12.812534],[108.907519,12.811964],[108.908856,12.810386],[108.911011,12.808689],[108.912876,12.809181],[108.915169,12.810954],[108.91659,12.811252],[108.917481,12.810959],[108.925068,12.810797],[108.928081,12.810507],[108.938263,12.810431],[108.939534,12.806372],[108.939928,12.806028],[108.940858,12.807121],[108.941791,12.807054],[108.944959,12.80553],[108.945586,12.805641],[108.946685,12.807168],[108.946753,12.809087],[108.947718,12.810976],[108.948854,12.811499],[108.951427,12.81053],[108.953891,12.810502],[108.958059,12.812256],[108.962626,12.81539],[108.964267,12.815985],[108.970902,12.816246],[108.971893,12.813303],[108.972031,12.810721],[108.971935,12.808248],[108.973317,12.807286],[108.973912,12.805588],[108.973613,12.804019],[108.972009,12.801697],[108.970494,12.80053],[108.971646,12.799535],[108.973045,12.800476],[108.974012,12.8006],[108.975639,12.798686],[108.97588,12.795922],[108.974921,12.794281],[108.973834,12.793628],[108.973705,12.79208],[108.972459,12.791554],[108.97188,12.790512],[108.972627,12.789978],[108.975371,12.789994],[108.975643,12.788489],[108.974753,12.787792],[108.974631,12.786715],[108.97589,12.786531],[108.976719,12.785652],[108.976994,12.784547],[108.978065,12.784858],[108.980609,12.786776],[108.98135,12.785253],[108.980704,12.782866],[108.984036,12.782617],[108.984909,12.783438],[108.986047,12.783068],[108.987947,12.781408],[108.98835,12.77771],[108.987939,12.777077],[108.987431,12.774034],[108.986604,12.773378],[108.987056,12.772021],[108.986066,12.77183],[108.98593,12.770709],[108.987187,12.769421],[108.987418,12.767367],[108.988676,12.76691],[108.989889,12.765441],[108.989888,12.763259],[108.991389,12.761749],[108.990937,12.758682],[108.991907,12.756704],[108.991622,12.754425],[108.990417,12.752857],[108.98868,12.75136],[108.988588,12.746988],[108.984343,12.744283],[108.984144,12.742368],[108.985137,12.737729],[108.986607,12.735681],[108.986428,12.733865],[108.986996,12.728009],[108.988184,12.726531],[108.988119,12.725456],[108.989815,12.724866],[108.990061,12.723719],[108.992668,12.72294],[108.994948,12.72081],[108.994015,12.720098],[108.993509,12.718991],[108.994267,12.716545],[108.994932,12.716153],[108.995549,12.714839],[108.99483,12.713636],[108.992972,12.712037],[108.993387,12.710988],[108.99219,12.709254],[108.992647,12.707406],[108.992122,12.706853],[108.991393,12.704796],[109.004316,12.714186],[109.005005,12.716457],[109.005674,12.717139],[109.007435,12.717996],[109.008768,12.71909],[109.011058,12.718938],[109.011731,12.719212],[109.013396,12.718338],[109.01408,12.719039],[109.013964,12.720843],[109.015137,12.721548],[109.016242,12.721477],[109.017803,12.722582],[109.018967,12.722126],[109.019605,12.723035],[109.017358,12.723826],[109.016523,12.725019],[109.016139,12.726555],[109.01461,12.727938],[109.014719,12.728751],[109.015937,12.729924],[109.020895,12.73184],[109.021267,12.732831],[109.022855,12.734173],[109.024771,12.736268],[109.025743,12.735376],[109.028011,12.734753],[109.029636,12.735282],[109.031272,12.734897],[109.032412,12.73527],[109.033306,12.736588],[109.035544,12.736648],[109.038564,12.737077],[109.039297,12.739223],[109.038625,12.74056],[109.038514,12.741835],[109.037536,12.742776],[109.037243,12.74407],[109.038514,12.745718],[109.040131,12.745721],[109.040826,12.74476],[109.042087,12.744198],[109.043104,12.744396],[109.045252,12.746926],[109.047851,12.747235],[109.048401,12.747607],[109.052,12.747024],[109.053106,12.745857],[109.054184,12.746106],[109.055713,12.747099],[109.056265,12.746183],[109.05826,12.745358],[109.059186,12.744203],[109.060378,12.744918],[109.060865,12.746758],[109.061858,12.747207],[109.062313,12.748254],[109.061898,12.749176],[109.06363,12.751321],[109.065186,12.751641],[109.065945,12.752892],[109.068107,12.753713],[109.06958,12.751897],[109.070896,12.751428],[109.072735,12.749415],[109.073619,12.746848],[109.076607,12.745132],[109.07867,12.744222],[109.081279,12.743589],[109.08465,12.743214],[109.086107,12.74392],[109.088938,12.746294],[109.089852,12.74729],[109.089794,12.749657],[109.092866,12.751739],[109.091605,12.753781],[109.090886,12.756158],[109.09122,12.758855],[109.090543,12.759904],[109.090628,12.761691],[109.091032,12.762677],[109.092253,12.763716],[109.09419,12.763907],[109.095783,12.764404],[109.09666,12.76565],[109.097789,12.76606],[109.098703,12.766953],[109.099632,12.766942],[109.10159,12.768459],[109.101111,12.769314],[109.102072,12.770611],[109.10187,12.772009],[109.103042,12.772401],[109.106173,12.772433],[109.104806,12.775197],[109.106778,12.776873],[109.106966,12.778083],[109.108215,12.780078],[109.109302,12.780796],[109.109026,12.782606],[109.109369,12.783627],[109.108782,12.784873],[109.111309,12.78533],[109.113049,12.786757],[109.114714,12.789238],[109.114682,12.790928],[109.115287,12.793153],[109.114276,12.794069],[109.114209,12.795899],[109.115123,12.796863],[109.115218,12.798071],[109.114316,12.797951],[109.113062,12.796931],[109.111517,12.796886],[109.109481,12.798327],[109.108095,12.800013],[109.107119,12.802634],[109.106062,12.803216],[109.105252,12.804458],[109.103101,12.804386],[109.100952,12.80497],[109.099997,12.80567],[109.099692,12.807427],[109.098729,12.810008],[109.09827,12.810555],[109.098318,12.814268],[109.097661,12.816097],[109.097707,12.817274],[109.096425,12.819408],[109.094024,12.820636],[109.093823,12.82188],[109.092883,12.822133],[109.091812,12.823553],[109.091953,12.824877],[109.0909,12.82706],[109.091991,12.830052],[109.09203,12.830873],[109.092959,12.833179],[109.09269,12.833833],[109.093214,12.835675],[109.094448,12.837845],[109.095582,12.838976],[109.096117,12.840607],[109.097677,12.842711],[109.098702,12.843274],[109.099368,12.845849],[109.099176,12.846437],[109.097021,12.847041],[109.094788,12.846683],[109.093642,12.847153],[109.093811,12.848356],[109.094572,12.84942],[109.093994,12.850414],[109.094455,12.851842],[109.093113,12.854201],[109.091941,12.855416],[109.090947,12.855711],[109.087646,12.854896],[109.087184,12.854583],[109.083767,12.850598],[109.081797,12.850456],[109.080145,12.849915],[109.078552,12.850155],[109.077542,12.850813],[109.076935,12.852055],[109.07524,12.852294],[109.073269,12.853721],[109.07271,12.854759],[109.071755,12.855403],[109.071594,12.858298],[109.072505,12.860203],[109.068486,12.859616],[109.067768,12.86026],[109.064364,12.859641],[109.06212,12.85811],[109.060303,12.857572],[109.058741,12.858031],[109.055297,12.854942],[109.054307,12.853191],[109.052978,12.852415],[109.05244,12.851337],[109.049698,12.851479],[109.049516,12.85222],[109.04758,12.851023],[109.04611,12.851894],[109.044974,12.855375],[109.043199,12.85763],[109.041837,12.858675],[109.041706,12.859638],[109.038604,12.860115],[109.036953,12.859306],[109.035483,12.858195],[109.034095,12.859005],[109.034544,12.860782],[109.033112,12.86317],[109.032367,12.863089],[109.028903,12.864742],[109.026174,12.866244],[109.024264,12.865396],[109.023771,12.865935],[109.021686,12.866833],[109.019341,12.86861],[109.017649,12.869429],[109.015332,12.86963],[109.014392,12.870392],[109.011816,12.870354],[109.010421,12.869507],[109.007919,12.869466],[109.006374,12.868549],[109.004477,12.869544],[109.003433,12.870462],[109.003336,12.871719],[109.001717,12.871214],[109.00034,12.871774],[109.000726,12.874964],[109.000349,12.876313],[109.001018,12.877191],[109.001235,12.882156],[109.002108,12.88247],[109.002439,12.883669],[109.001066,12.885436],[109.001467,12.885952],[109.001331,12.887547],[109.000125,12.888329],[108.998312,12.891517],[108.999627,12.892689],[109.00197,12.893672],[109.004136,12.896758],[109.004012,12.89882],[109.00125,12.903429],[109.000019,12.905132],[108.997086,12.907685],[108.994682,12.910104],[108.989699,12.91477],[108.984491,12.919197],[108.9809,12.922012],[108.974397,12.926664],[108.967638,12.930953],[108.963429,12.929703],[108.958304,12.928464],[108.952895,12.92748],[108.94926,12.927],[108.943542,12.926901],[108.942103,12.927419],[108.938984,12.930611],[108.937381,12.933686],[108.935297,12.934418],[108.932296,12.93406],[108.930455,12.934391],[108.929592,12.935103],[108.927968,12.937266],[108.926103,12.938483],[108.923594,12.939388],[108.919226,12.940494],[108.915222,12.942159],[108.91361,12.943683],[108.912474,12.945376],[108.911502,12.948387],[108.909548,12.952013],[108.90941,12.953058],[108.909987,12.954027],[108.911413,12.954546],[108.913634,12.954322],[108.91804,12.955044],[108.921417,12.954101],[108.923266,12.95414],[108.924289,12.954577],[108.925564,12.95586],[108.926014,12.957026],[108.934695,12.963155],[108.943863,12.966927],[108.94259,12.969684],[108.942728,12.972358],[108.941846,12.97332],[108.942588,12.974862],[108.944314,12.976739],[108.943235,12.978373],[108.94415,12.980441],[108.944834,12.981002],[108.942484,12.983542],[108.940766,12.985655],[108.941205,12.987062],[108.944796,12.988711],[108.946568,12.989332],[108.948057,12.990218],[108.950263,12.992235],[108.950982,12.993825],[108.95088,12.995682],[108.951476,12.997148],[108.953669,13.000089],[108.950255,13.002081],[108.950452,13.000943],[108.949973,13.000089],[108.947165,12.999285],[108.945247,12.999148],[108.944045,12.998722],[108.942975,12.999179],[108.94121,12.998291],[108.938794,12.998748],[108.937232,12.998386],[108.934776,12.998416],[108.933123,12.999566],[108.929347,12.998927],[108.929189,13.000154],[108.93013,13.00162],[108.925222,13.005],[108.923906,13.004609],[108.923637,13.005645],[108.922716,13.006633],[108.921118,13.007506],[108.917202,13.008321],[108.914968,13.009779],[108.913189,13.009578],[108.91033,13.009766],[108.908013,13.010741],[108.905893,13.010276],[108.9047,13.009356],[108.904609,13.008256],[108.902407,13.00892],[108.901245,13.009785],[108.900458,13.011758],[108.89681,13.012747],[108.892536,13.0143],[108.891059,13.011184],[108.888938,13.008443],[108.887239,13.006894],[108.886169,13.004652],[108.885367,13.003746],[108.884517,13.003728],[108.882435,13.002315],[108.882049,13.001301],[108.879562,13.002723],[108.879204,13.00368],[108.877563,13.004032],[108.875939,13.00221],[108.875878,13.001504],[108.873247,13.00059],[108.871415,12.999318],[108.869512,12.998333],[108.86952,12.996537],[108.866642,12.993524],[108.864498,12.99368],[108.861999,12.992859],[108.860843,12.992998],[108.856619,12.99428],[108.855503,12.993584],[108.853427,12.990806],[108.852708,12.990722],[108.851064,12.991501],[108.849546,12.991313],[108.847722,12.992233],[108.846247,12.9924],[108.844133,12.991698],[108.841682,12.98981],[108.839418,12.987732],[108.837935,12.985412],[108.838234,12.982892],[108.840427,12.978612],[108.841913,12.977351],[108.840477,12.975897],[108.841236,12.97444],[108.843144,12.974389],[108.84336,12.97372],[108.845333,12.973698],[108.845984,12.974239],[108.846125,12.975722],[108.848245,12.975826],[108.849062,12.976153],[108.851524,12.97576],[108.852835,12.976174],[108.855396,12.976029],[108.859024,12.974157],[108.860291,12.974314],[108.861476,12.972277],[108.860339,12.972338],[108.858048,12.967941],[108.859432,12.967339],[108.860385,12.965879],[108.861731,12.964789],[108.863638,12.960828],[108.863679,12.958138],[108.863139,12.956142],[108.862412,12.955439],[108.861362,12.955628],[108.861243,12.957123],[108.860092,12.95746],[108.8595,12.958665],[108.857111,12.959605],[108.857321,12.958571],[108.856601,12.95674],[108.857472,12.953645],[108.857506,12.951476],[108.856916,12.950789],[108.855382,12.950982],[108.85407,12.949936],[108.854075,12.947696],[108.854417,12.945528],[108.853451,12.945229],[108.852006,12.945927],[108.850749,12.946085],[108.848772,12.945714],[108.848718,12.944853],[108.84735,12.944374],[108.846177,12.943425],[108.844474,12.942865],[108.843969,12.942233],[108.844399,12.940802],[108.843039,12.939055],[108.841731,12.939387],[108.841141,12.937943],[108.841056,12.935811],[108.841397,12.933609],[108.843663,12.931304],[108.84387,12.929274],[108.845906,12.926793],[108.844983,12.925743],[108.84576,12.924934],[108.845699,12.923176],[108.846914,12.921522],[108.846528,12.919809],[108.843855,12.918673],[108.843169,12.918925],[108.841892,12.920436],[108.843444,12.921312],[108.843257,12.922119],[108.840622,12.921903],[108.839938,12.920942],[108.84005,12.919557],[108.839549,12.91895],[108.839419,12.916321],[108.83808,12.915921],[108.838624,12.912352],[108.838584,12.911145],[108.837501,12.909722],[108.83583,12.908303],[108.835539,12.906805],[108.834112,12.907766],[108.831525,12.905565],[108.830144,12.905972],[108.828485,12.904635],[108.826943,12.9044],[108.827022,12.903567],[108.824987,12.902404],[108.823087,12.902417],[108.822629,12.899983],[108.823043,12.897457],[108.822396,12.896349],[108.822838,12.893673],[108.822549,12.892658],[108.82233,12.888566],[108.820012,12.887105],[108.818278,12.886905],[108.816648,12.885646],[108.815471,12.885525],[108.815469,12.883265],[108.814929,12.880757],[108.81448,12.876341],[108.815138,12.874997]]]},"properties":{"@id":"relation/19343152","admin_level":"6","boundary":"administrative","name":"Xã Sông Hinh","type":"boundary"},"id":"relation/19343152"},
{"type":"Feature","geometry":{"type":"Polygon","coordinates":[[[109.001331,12.887547],[109.001483,12.888919],[109.002052,12.88959],[109.002575,12.891622],[109.003903,12.891098],[109.005536,12.891931],[109.005806,12.892752],[109.007976,12.893884],[109.008659,12.895418],[109.008414,12.896871],[109.007672,12.897733],[109.008088,12.898814],[109.010511,12.900293],[109.010452,12.901025],[109.011263,12.902243],[109.013128,12.901532],[109.014858,12.901208],[109.016523,12.902324],[109.017964,12.907019],[109.019717,12.909521],[109.020261,12.909568],[109.022296,12.911977],[109.023407,12.912443],[109.02319,12.914992],[109.022676,12.916063],[109.022872,12.917294],[109.022119,12.91831],[109.022247,12.919216],[109.020376,12.921385],[109.02073,12.922573],[109.020433,12.924062],[109.019466,12.924642],[109.019245,12.925477],[109.019962,12.92623],[109.020811,12.929287],[109.021964,12.930524],[109.021907,12.93239],[109.023433,12.934371],[109.022521,12.936068],[109.023649,12.937473],[109.02591,12.94093],[109.026631,12.942811],[109.025886,12.944888],[109.026924,12.946273],[109.028357,12.94689],[109.027962,12.948194],[109.029689,12.94898],[109.030572,12.949786],[109.030315,12.953585],[109.030829,12.954713],[109.030363,12.955852],[109.029398,12.95662],[109.027698,12.958892],[109.027841,12.961073],[109.026555,12.966442],[109.026872,12.969508],[109.027725,12.971575],[109.029731,12.972378],[109.030205,12.974571],[109.030724,12.975605],[109.031708,12.976283],[109.033901,12.976363],[109.035015,12.977168],[109.035434,12.979634],[109.037043,12.980349],[109.038357,12.983944],[109.038775,12.985875],[109.038288,12.989454],[109.037955,12.990534],[109.036749,12.99219],[109.03711,12.993599],[109.039048,12.995291],[109.040841,12.99606],[109.041189,12.997227],[109.040693,12.99939],[109.041559,12.999906],[109.043707,12.999316],[109.044996,13.000099],[109.045146,13.001586],[109.044124,13.002681],[109.044237,13.004234],[109.046952,13.00674],[109.045855,13.010417],[109.04489,13.011407],[109.043442,13.012099],[109.043341,13.013262],[109.045145,13.015138],[109.045586,13.016181],[109.045669,13.018544],[109.046285,13.019773],[109.049584,13.021812],[109.050552,13.023292],[109.05163,13.023922],[109.054295,13.023504],[109.057293,13.024221],[109.058737,13.025287],[109.061451,13.028161],[109.05871,13.026852],[109.056207,13.026155],[109.054254,13.024843],[109.053039,13.025331],[109.051917,13.027248],[109.050148,13.028297],[109.049114,13.029373],[109.046679,13.029372],[109.044975,13.029852],[109.043251,13.029676],[109.041496,13.02894],[109.04011,13.028735],[109.037375,13.029554],[109.035841,13.029796],[109.034492,13.029464],[109.032847,13.028588],[109.031671,13.028641],[109.029809,13.030031],[109.028492,13.030691],[109.026628,13.030942],[109.024337,13.030901],[109.021499,13.031897],[109.01926,13.034996],[109.017864,13.037401],[109.015784,13.038457],[109.014044,13.038838],[109.011699,13.041216],[109.0103,13.043764],[109.008741,13.044838],[109.007498,13.044902],[109.004479,13.043405],[109.001577,13.043273],[109.000291,13.042805],[108.998207,13.040822],[108.996926,13.038745],[108.996036,13.035544],[108.995373,13.033854],[108.994044,13.032313],[108.99346,13.030988],[108.993031,13.028188],[108.992194,13.026254],[108.989992,13.024959],[108.984262,13.024532],[108.981085,13.025113],[108.979128,13.025727],[108.977611,13.026892],[108.976245,13.028753],[108.971904,13.03513],[108.969664,13.037299],[108.968524,13.03872],[108.966869,13.039688],[108.962676,13.039792],[108.960685,13.040516],[108.959473,13.041498],[108.957817,13.043486],[108.954852,13.044746],[108.953087,13.044896],[108.951548,13.04597],[108.950054,13.046001],[108.949231,13.046432],[108.945624,13.050336],[108.942754,13.052577],[108.941747,13.053611],[108.938445,13.057686],[108.936538,13.059654],[108.933615,13.062156],[108.931701,13.06429],[108.931139,13.06583],[108.930826,13.067833],[108.929998,13.069509],[108.928154,13.070707],[108.925293,13.070952],[108.92291,13.070209],[108.920725,13.068605],[108.91985,13.067323],[108.91931,13.065802],[108.919194,13.063711],[108.918664,13.060259],[108.917551,13.059781],[108.916853,13.058693],[108.916939,13.057551],[108.916287,13.055578],[108.914625,13.05319],[108.912914,13.04931],[108.913519,13.047526],[108.915347,13.044695],[108.916693,13.041692],[108.917881,13.037751],[108.917974,13.035259],[108.919902,13.031031],[108.91983,13.029517],[108.919154,13.02864],[108.916829,13.027282],[108.914549,13.027136],[108.911608,13.026676],[108.910198,13.025519],[108.909486,13.023842],[108.908051,13.021686],[108.905319,13.01958],[108.90285,13.018078],[108.898118,13.015894],[108.895361,13.014985],[108.892536,13.0143],[108.89681,13.012747],[108.900458,13.011758],[108.901245,13.009785],[108.902407,13.00892],[108.904609,13.008256],[108.9047,13.009356],[108.905893,13.010276],[108.908013,13.010741],[108.91033,13.009766],[108.913189,13.009578],[108.914968,13.009779],[108.917202,13.008321],[108.921118,13.007506],[108.922716,13.006633],[108.923637,13.005645],[108.923906,13.004609],[108.925222,13.005],[108.93013,13.00162],[108.929189,13.000154],[108.929347,12.998927],[108.933123,12.999566],[108.934776,12.998416],[108.937232,12.998386],[108.938794,12.998748],[108.94121,12.998291],[108.942975,12.999179],[108.944045,12.998722],[108.945247,12.999148],[108.947165,12.999285],[108.949973,13.000089],[108.950452,13.000943],[108.950255,13.002081],[108.953669,13.000089],[108.951476,12.997148],[108.95088,12.995682],[108.950982,12.993825],[108.950263,12.992235],[108.948057,12.990218],[108.946568,12.989332],[108.944796,12.988711],[108.941205,12.987062],[108.940766,12.985655],[108.942484,12.983542],[108.944834,12.981002],[108.94415,12.980441],[108.943235,12.978373],[108.944314,12.976739],[108.942588,12.974862],[108.941846,12.97332],[108.942728,12.972358],[108.94259,12.969684],[108.943863,12.966927],[108.934695,12.963155],[108.926014,12.957026],[108.925564,12.95586],[108.924289,12.954577],[108.923266,12.95414],[108.921417,12.954101],[108.91804,12.955044],[108.913634,12.954322],[108.911413,12.954546],[108.909987,12.954027],[108.90941,12.953058],[108.909548,12.952013],[108.911502,12.948387],[108.912474,12.945376],[108.91361,12.943683],[108.915222,12.942159],[108.919226,12.940494],[108.923594,12.939388],[108.926103,12.938483],[108.927968,12.937266],[108.929592,12.935103],[108.930455,12.934391],[108.932296,12.93406],[108.935297,12.934418],[108.937381,12.933686],[108.938984,12.930611],[108.942103,12.927419],[108.943542,12.926901],[108.94926,12.927],[108.952895,12.92748],[108.958304,12.928464],[108.963429,12.929703],[108.967638,12.930953],[108.974397,12.926664],[108.9809,12.922012],[108.984491,12.919197],[108.989699,12.91477],[108.994682,12.910104],[108.997086,12.907685],[109.000019,12.905132],[109.00125,12.903429],[109.004012,12.89882],[109.004136,12.896758],[109.00197,12.893672],[108.999627,12.892689],[108.998312,12.891517],[109.000125,12.888329],[109.001331,12.887547]]]},"properties":{"@id":"relation/19343153","admin_level":"6","boundary":"administrative","name":"Xã Đức Bình","type":"boundary"},"id":"relation/19343153"},
{"type":"Feature","geometry":{"type":"Polygon","coordinates":[[[108.815138,12.874997],[108.81448,12.876341],[108.814929,12.880757],[108.815469,12.883265],[108.815471,12.885525],[108.816648,12.885646],[108.818278,12.886905],[108.820012,12.887105],[108.82233,12.888566],[108.822549,12.892658],[108.822838,12.893673],[108.822396,12.896349],[108.823043,12.897457],[108.822629,12.899983],[108.823087,12.902417],[108.824987,12.902404],[108.827022,12.903567],[108.826943,12.9044],[108.828485,12.904635],[108.830144,12.905972],[108.831525,12.905565],[108.834112,12.907766],[108.835539,12.906805],[108.83583,12.908303],[108.837501,12.909722],[108.838584,12.911145],[108.838624,12.912352],[108.83808,12.915921],[108.839419,12.916321],[108.839549,12.91895],[108.84005,12.919557],[108.839938,12.920942],[108.840622,12.921903],[108.843257,12.922119],[108.843444,12.921312],[108.841892,12.920436],[108.843169,12.918925],[108.843855,12.918673],[108.846528,12.919809],[108.846914,12.921522],[108.845699,12.923176],[108.84576,12.924934],[108.844983,12.925743],[108.845906,12.926793],[108.84387,12.929274],[108.843663,12.931304],[108.841397,12.933609],[108.841056,12.935811],[108.841141,12.937943],[108.841731,12.939387],[108.843039,12.939055],[108.844399,12.940802],[108.843969,12.942233],[108.844474,12.942865],[108.846177,12.943425],[108.84735,12.944374],[108.848718,12.944853],[108.848772,12.945714],[108.850749,12.946085],[108.852006,12.945927],[108.853451,12.945229],[108.854417,12.945528],[108.854075,12.947696],[108.85407,12.949936],[108.855382,12.950982],[108.856916,12.950789],[108.857506,12.951476],[108.857472,12.953645],[108.856601,12.95674],[108.857321,12.958571],[108.857111,12.959605],[108.8595,12.958665],[108.860092,12.95746],[108.861243,12.957123],[108.861362,12.955628],[108.862412,12.955439],[108.863139,12.956142],[108.863679,12.958138],[108.863638,12.960828],[108.861731,12.964789],[108.860385,12.965879],[108.859432,12.967339],[108.858048,12.967941],[108.860339,12.972338],[108.861476,12.972277],[108.860291,12.974314],[108.859024,12.974157],[108.855396,12.976029],[108.852835,12.976174],[108.851524,12.97576],[108.849062,12.976153],[108.848245,12.975826],[108.846125,12.975722],[108.845984,12.974239],[108.845333,12.973698],[108.84336,12.97372],[108.843144,12.974389],[108.841236,12.97444],[108.840477,12.975897],[108.841913,12.977351],[108.840427,12.978612],[108.838234,12.982892],[108.837935,12.985412],[108.839418,12.987732],[108.841682,12.98981],[108.844133,12.991698],[108.846247,12.9924],[108.847722,12.992233],[108.849546,12.991313],[108.851064,12.991501],[108.852708,12.990722],[108.853427,12.990806],[108.855503,12.993584],[108.856619,12.99428],[108.860843,12.992998],[108.861999,12.992859],[108.864498,12.99368],[108.866642,12.993524],[108.86952,12.996537],[108.869512,12.998333],[108.871415,12.999318],[108.873247,13.00059],[108.875878,13.001504],[108.875939,13.00221],[108.877563,13.004032],[108.879204,13.00368],[108.879562,13.002723],[108.882049,13.001301],[108.882435,13.002315],[108.884517,13.003728],[108.885367,13.003746],[108.886169,13.004652],[108.887239,13.006894],[108.888938,13.008443],[108.891059,13.011184],[108.892536,13.0143],[108.887924,13.013684],[108.885597,13.013601],[108.881639,13.013804],[108.879319,13.014181],[108.874864,13.015638],[108.871731,13.017346],[108.869561,13.018881],[108.865604,13.022404],[108.862097,13.026184],[108.857476,13.030739],[108.855083,13.032657],[108.850411,13.035621],[108.843401,13.039116],[108.838584,13.04188],[108.836467,13.043407],[108.833412,13.046232],[108.830505,13.049847],[108.828095,13.052483],[108.82576,13.05448],[108.823535,13.056023],[108.819918,13.058026],[108.817884,13.059674],[108.815333,13.057681],[108.815372,13.055207],[108.813928,13.054605],[108.812572,13.052018],[108.811774,13.052263],[108.810906,13.051437],[108.809935,13.051754],[108.808946,13.05127],[108.806366,13.051245],[108.805115,13.051488],[108.803076,13.050646],[108.801757,13.050513],[108.800334,13.049663],[108.799485,13.047545],[108.79743,13.046518],[108.796041,13.043811],[108.792976,13.041539],[108.790487,13.041769],[108.787422,13.041437],[108.786055,13.040929],[108.785291,13.041903],[108.783626,13.040583],[108.781512,13.040955],[108.780196,13.042487],[108.779896,13.039071],[108.779322,13.037588],[108.778382,13.036501],[108.77853,13.035356],[108.779516,13.035674],[108.779948,13.034161],[108.780881,13.032818],[108.779733,13.031464],[108.781289,13.030037],[108.783842,13.029117],[108.786077,13.027794],[108.78656,13.026925],[108.785693,13.024069],[108.78667,13.023391],[108.78754,13.021674],[108.787465,13.019661],[108.788056,13.018578],[108.789041,13.018569],[108.788796,13.017029],[108.78768,13.016192],[108.787356,13.014954],[108.783875,13.014886],[108.783224,13.012912],[108.784059,13.011535],[108.783746,13.009348],[108.784937,13.00859],[108.78406,13.008],[108.78368,13.006663],[108.782451,13.005281],[108.783535,13.003964],[108.783389,13.002336],[108.782526,13.001743],[108.782378,13.000598],[108.780597,12.999608],[108.780187,12.998385],[108.779877,12.995836],[108.776555,12.99565],[108.776154,12.993249],[108.776949,12.992175],[108.778658,12.991331],[108.782083,12.988406],[108.784135,12.987206],[108.784965,12.985988],[108.784438,12.983412],[108.785644,12.98198],[108.785946,12.981057],[108.787226,12.979693],[108.787433,12.978416],[108.789247,12.976317],[108.790236,12.97406],[108.790081,12.971662],[108.792071,12.966138],[108.792157,12.965134],[108.787302,12.964867],[108.786254,12.964326],[108.787508,12.962555],[108.787468,12.960322],[108.786772,12.960408],[108.786314,12.956179],[108.786387,12.955163],[108.787189,12.953863],[108.786447,12.951343],[108.788335,12.950985],[108.789073,12.948044],[108.788405,12.94601],[108.791172,12.943388],[108.792653,12.944101],[108.793501,12.942982],[108.792506,12.941242],[108.793323,12.937965],[108.793244,12.936767],[108.792468,12.936725],[108.791859,12.935555],[108.790545,12.935238],[108.788363,12.934232],[108.786804,12.934119],[108.784888,12.934822],[108.784261,12.932498],[108.783295,12.931499],[108.784423,12.930774],[108.784792,12.929819],[108.7834,12.928903],[108.782099,12.928496],[108.778772,12.928836],[108.780546,12.923974],[108.782,12.922181],[108.784371,12.921273],[108.786726,12.919379],[108.787327,12.917471],[108.788059,12.916684],[108.790709,12.915667],[108.790653,12.914859],[108.789368,12.912005],[108.78508,12.911396],[108.785333,12.910023],[108.787945,12.907772],[108.787721,12.907007],[108.785739,12.906742],[108.785505,12.90572],[108.782759,12.902865],[108.774393,12.898916],[108.776067,12.898413],[108.7772,12.898555],[108.780651,12.896579],[108.780831,12.895132],[108.782376,12.893882],[108.782583,12.892342],[108.783267,12.891],[108.784717,12.890142],[108.783343,12.886691],[108.784432,12.885588],[108.784718,12.881613],[108.785596,12.880434],[108.78609,12.877362],[108.787903,12.875631],[108.789362,12.874569],[108.78924,12.871178],[108.791737,12.870052],[108.792994,12.869137],[108.793552,12.868095],[108.795215,12.867216],[108.797125,12.868148],[108.796433,12.868885],[108.796524,12.870019],[108.797953,12.871121],[108.798882,12.871323],[108.801615,12.870971],[108.803364,12.873396],[108.80508,12.873921],[108.807569,12.873021],[108.81195,12.87532],[108.813406,12.874762],[108.815138,12.874997]]]},"properties":{"@id":"relation/19343154","admin_level":"6","boundary":"administrative","name":"Xã Ea Bá","type":"boundary"},"id":"relation/19343154"},
{"type":"Feature","geometry":{"type":"Polygon","coordinates":[[[108.756535,13.101478],[108.750887,13.091674],[108.756531,13.032666],[108.745589,13.02894],[108.731561,13.023206],[108.713762,13.017583],[108.692905,13.016751],[108.691934,13.014053],[108.690714,13.012014],[108.688879,13.008122],[108.685488,13.00341],[108.681713,13.001082],[108.681858,12.998863],[108.680711,12.997545],[108.678941,12.996904],[108.675451,12.996166],[108.67288,12.99446],[108.672556,12.993848],[108.672865,12.992333],[108.674208,12.989627],[108.676597,12.987134],[108.67741,12.98599],[108.677906,12.983817],[108.678925,12.982886],[108.681908,12.981569],[108.688152,12.98159],[108.690856,12.980675],[108.692074,12.978772],[108.692283,12.977107],[108.691987,12.973822],[108.692138,12.972839],[108.693305,12.971676],[108.695099,12.971082],[108.699248,12.96899],[108.702083,12.967781],[108.704646,12.966094],[108.705559,12.964559],[108.705731,12.963336],[108.705314,12.958936],[108.704883,12.956918],[108.704466,12.953538],[108.703545,12.951162],[108.702379,12.950083],[108.700476,12.949112],[108.700366,12.948277],[108.701236,12.946712],[108.702723,12.945141],[108.704143,12.942845],[108.705413,12.9421],[108.707006,12.942123],[108.708708,12.943073],[108.710333,12.943191],[108.711039,12.945715],[108.712458,12.946313],[108.713207,12.94509],[108.71549,12.946124],[108.71632,12.947229],[108.717876,12.947879],[108.718366,12.948827],[108.718756,12.951029],[108.719489,12.952166],[108.718732,12.954425],[108.720015,12.954144],[108.721263,12.952942],[108.722662,12.952689],[108.723763,12.951827],[108.725471,12.952278],[108.730945,12.951951],[108.732283,12.952561],[108.733511,12.952002],[108.735595,12.948295],[108.736751,12.947781],[108.737773,12.948091],[108.739002,12.947848],[108.740496,12.948202],[108.743036,12.947596],[108.743957,12.948533],[108.747922,12.946758],[108.747334,12.945973],[108.750014,12.945154],[108.750633,12.945656],[108.751473,12.944677],[108.753017,12.944611],[108.753604,12.942615],[108.753483,12.941654],[108.754639,12.939449],[108.75482,12.937781],[108.754543,12.936944],[108.755357,12.93601],[108.755671,12.934086],[108.756402,12.93358],[108.75764,12.933929],[108.760673,12.931955],[108.761725,12.930964],[108.760922,12.929518],[108.760636,12.927752],[108.76165,12.924705],[108.762299,12.923571],[108.762789,12.921672],[108.764015,12.920297],[108.765814,12.919312],[108.76634,12.91839],[108.767316,12.918186],[108.767699,12.917166],[108.770533,12.916191],[108.77084,12.914218],[108.770652,12.913403],[108.771423,12.91194],[108.772007,12.909735],[108.773064,12.907803],[108.773254,12.905521],[108.773827,12.902457],[108.773839,12.901084],[108.774459,12.900213],[108.774393,12.898916],[108.782759,12.902865],[108.785505,12.90572],[108.785739,12.906742],[108.787721,12.907007],[108.787945,12.907772],[108.785333,12.910023],[108.78508,12.911396],[108.789368,12.912005],[108.790653,12.914859],[108.790709,12.915667],[108.788059,12.916684],[108.787327,12.917471],[108.786726,12.919379],[108.784371,12.921273],[108.782,12.922181],[108.780546,12.923974],[108.778772,12.928836],[108.782099,12.928496],[108.7834,12.928903],[108.784792,12.929819],[108.784423,12.930774],[108.783295,12.931499],[108.784261,12.932498],[108.784888,12.934822],[108.786804,12.934119],[108.788363,12.934232],[108.790545,12.935238],[108.791859,12.935555],[108.792468,12.936725],[108.793244,12.936767],[108.793323,12.937965],[108.792506,12.941242],[108.793501,12.942982],[108.792653,12.944101],[108.791172,12.943388],[108.788405,12.94601],[108.789073,12.948044],[108.788335,12.950985],[108.786447,12.951343],[108.787189,12.953863],[108.786387,12.955163],[108.786314,12.956179],[108.786772,12.960408],[108.787468,12.960322],[108.787508,12.962555],[108.786254,12.964326],[108.787302,12.964867],[108.792157,12.965134],[108.792071,12.966138],[108.790081,12.971662],[108.790236,12.97406],[108.789247,12.976317],[108.787433,12.978416],[108.787226,12.979693],[108.785946,12.981057],[108.785644,12.98198],[108.784438,12.983412],[108.784965,12.985988],[108.784135,12.987206],[108.782083,12.988406],[108.778658,12.991331],[108.776949,12.992175],[108.776154,12.993249],[108.776555,12.99565],[108.779877,12.995836],[108.780187,12.998385],[108.780597,12.999608],[108.782378,13.000598],[108.782526,13.001743],[108.783389,13.002336],[108.783535,13.003964],[108.782451,13.005281],[108.78368,13.006663],[108.78406,13.008],[108.784937,13.00859],[108.783746,13.009348],[108.784059,13.011535],[108.783224,13.012912],[108.783875,13.014886],[108.787356,13.014954],[108.78768,13.016192],[108.788796,13.017029],[108.789041,13.018569],[108.788056,13.018578],[108.787465,13.019661],[108.78754,13.021674],[108.78667,13.023391],[108.785693,13.024069],[108.78656,13.026925],[108.786077,13.027794],[108.783842,13.029117],[108.781289,13.030037],[108.779733,13.031464],[108.780881,13.032818],[108.779948,13.034161],[108.779516,13.035674],[108.77853,13.035356],[108.778382,13.036501],[108.779322,13.037588],[108.779896,13.039071],[108.780196,13.042487],[108.781512,13.040955],[108.783626,13.040583],[108.785291,13.041903],[108.786055,13.040929],[108.787422,13.041437],[108.790487,13.041769],[108.792976,13.041539],[108.796041,13.043811],[108.79743,13.046518],[108.799485,13.047545],[108.800334,13.049663],[108.801757,13.050513],[108.803076,13.050646],[108.805115,13.051488],[108.806366,13.051245],[108.808946,13.05127],[108.809935,13.051754],[108.810906,13.051437],[108.811774,13.052263],[108.812572,13.052018],[108.813928,13.054605],[108.815372,13.055207],[108.815333,13.057681],[108.817884,13.059674],[108.816426,13.061825],[108.815839,13.063449],[108.815323,13.065892],[108.814386,13.068418],[108.811402,13.074054],[108.809476,13.078699],[108.808287,13.081057],[108.80628,13.084367],[108.803169,13.087934],[108.79979,13.090565],[108.797289,13.091969],[108.793258,13.093497],[108.788941,13.094389],[108.786071,13.095398],[108.783818,13.09665],[108.780855,13.097807],[108.778049,13.098235],[108.775919,13.098172],[108.772593,13.097385],[108.768816,13.095923],[108.766877,13.095563],[108.764764,13.095857],[108.761769,13.097145],[108.758919,13.099187],[108.756535,13.101478]]]},"properties":{"@id":"relation/19343155","admin_level":"6","boundary":"administrative","name":"Xã Ea Ly","type":"boundary"},"id":"relation/19343155"},
{"type":"Feature","geometry":{"type":"Polygon","coordinates":[[[109.126342,13.620317],[109.123292,13.620369],[109.122728,13.619755],[109.120523,13.61889],[109.119655,13.619149],[109.118271,13.618554],[109.117283,13.617545],[109.116362,13.615333],[109.115106,13.61439],[109.115781,13.611908],[109.114972,13.610648],[109.115093,13.609063],[109.115583,13.6076],[109.117016,13.604738],[109.118048,13.603948],[109.117196,13.602044],[109.115245,13.600598],[109.115256,13.598633],[109.113368,13.596615],[109.113164,13.594769],[109.113636,13.591468],[109.115317,13.589474],[109.117859,13.587251],[109.118174,13.58567],[109.117085,13.584346],[109.116938,13.582282],[109.116158,13.580837],[109.11585,13.577225],[109.116749,13.575621],[109.116394,13.573838],[109.116725,13.572505],[109.116371,13.571376],[109.106628,13.547712],[109.105422,13.546809],[109.103932,13.546199],[109.101284,13.545838],[109.101639,13.544528],[109.101166,13.543851],[109.100716,13.541232],[109.100858,13.539945],[109.105446,13.53019],[109.118286,13.510297],[109.118002,13.508694],[109.120201,13.50691],[109.121289,13.504042],[109.121313,13.503004],[109.120745,13.501039],[109.120627,13.499188],[109.120225,13.498375],[109.120509,13.497042],[109.118806,13.494175],[109.119114,13.492594],[109.118782,13.490268],[109.11838,13.489727],[109.118215,13.486294],[109.116252,13.485323],[109.115874,13.484488],[109.114455,13.482952],[109.112634,13.482704],[109.111641,13.48083],[109.110341,13.480988],[109.10904,13.479385],[109.108945,13.477646],[109.106652,13.47724],[109.105682,13.475614],[109.106368,13.474327],[109.104169,13.474462],[109.102537,13.473333],[109.101875,13.472272],[109.100811,13.471866],[109.100007,13.472385],[109.097335,13.472091],[109.095349,13.471075],[109.094663,13.469924],[109.094852,13.467982],[109.092984,13.467372],[109.092133,13.466627],[109.090667,13.466063],[109.091163,13.464843],[109.091991,13.464211],[109.09322,13.464166],[109.094639,13.462834],[109.096484,13.462743],[109.097902,13.460869],[109.099061,13.460869],[109.100906,13.459108],[109.101,13.45843],[109.10301,13.458114],[109.104334,13.455021],[109.105517,13.455043],[109.107314,13.455924],[109.108283,13.45414],[109.110199,13.452447],[109.111783,13.453056],[109.113793,13.45326],[109.114597,13.451092],[109.115756,13.449511],[109.11708,13.448586],[109.119303,13.446553],[109.118924,13.445153],[109.120627,13.443934],[109.121289,13.442692],[109.122046,13.438537],[109.122661,13.438131],[109.12363,13.436392],[109.122944,13.435466],[109.123441,13.434834],[109.12285,13.43366],[109.123819,13.430815],[109.123512,13.429799],[109.126562,13.43025],[109.127484,13.430815],[109.128052,13.42937],[109.129092,13.428828],[109.130842,13.42596],[109.133443,13.425667],[109.132947,13.424741],[109.134626,13.423431],[109.136825,13.422709],[109.135879,13.420857],[109.135548,13.41957],[109.136447,13.418464],[109.138173,13.414241],[109.138244,13.41257],[109.139497,13.413293],[109.140088,13.412977],[109.141956,13.413248],[109.143919,13.412231],[109.145882,13.412051],[109.147229,13.411215],[109.151935,13.411125],[109.154087,13.414738],[109.153709,13.416025],[109.155175,13.416409],[109.1556,13.417357],[109.156759,13.417831],[109.157989,13.416206],[109.159337,13.414919],[109.160519,13.415393],[109.161015,13.414783],[109.161559,13.412548],[109.163569,13.412435],[109.164397,13.410199],[109.16539,13.409138],[109.167069,13.411328],[109.169741,13.409432],[109.171988,13.408438],[109.171562,13.407783],[109.173028,13.403899],[109.174376,13.403245],[109.174683,13.402183],[109.174589,13.399541],[109.175629,13.399022],[109.175582,13.397667],[109.176055,13.39708],[109.175038,13.394935],[109.174896,13.393625],[109.176173,13.393106],[109.176409,13.391729],[109.174754,13.391232],[109.173052,13.390013],[109.173548,13.38798],[109.171609,13.386693],[109.17019,13.385248],[109.170332,13.384345],[109.172271,13.382832],[109.171136,13.380845],[109.170829,13.379106],[109.168535,13.376555],[109.168204,13.375719],[109.169457,13.373778],[109.17168,13.37319],[109.172815,13.37249],[109.174612,13.372355],[109.177497,13.373055],[109.180902,13.373529],[109.179909,13.371068],[109.182297,13.369849],[109.182085,13.368132],[109.18121,13.368155],[109.180098,13.366665],[109.182156,13.364339],[109.182487,13.363007],[109.182203,13.361787],[109.184118,13.360229],[109.186246,13.35892],[109.187831,13.358446],[109.188989,13.357407],[109.189344,13.360026],[109.190456,13.360297],[109.190881,13.358784],[109.195114,13.359462],[109.197148,13.358107],[109.198164,13.358265],[109.199276,13.359213],[109.199158,13.360455],[109.199914,13.36172],[109.198992,13.362307],[109.196958,13.36452],[109.197195,13.365491],[109.195847,13.365445],[109.196391,13.366574],[109.197621,13.367997],[109.200411,13.368426],[109.206157,13.367568],[109.205991,13.368336],[109.206866,13.369668],[109.20786,13.369307],[109.208947,13.370594],[109.208711,13.371113],[109.21039,13.371903],[109.211761,13.371542],[109.211619,13.372694],[109.2137,13.372671],[109.21415,13.373529],[109.215545,13.372378],[109.217247,13.370345],[109.218288,13.370232],[109.219257,13.369284],[109.218075,13.368607],[109.21921,13.367523],[109.218761,13.365716],[109.218075,13.3654],[109.218808,13.364136],[109.219636,13.364045],[109.220747,13.363075],[109.222142,13.363165],[109.223561,13.363707],[109.224034,13.364813],[109.22628,13.365491],[109.227297,13.366462],[109.228196,13.365604],[109.229827,13.365897],[109.230253,13.366529],[109.231601,13.366891],[109.233351,13.36741],[109.240397,13.37012],[109.240421,13.380935],[109.239452,13.382561],[109.239664,13.383442],[109.233303,13.383713],[109.231199,13.383916],[109.226801,13.384051],[109.225358,13.383758],[109.222024,13.384639],[109.220132,13.384458],[109.217224,13.385271],[109.215308,13.38448],[109.21467,13.384571],[109.214197,13.385993],[109.213156,13.38579],[109.211217,13.386016],[109.212021,13.392655],[109.212518,13.394958],[109.213227,13.400309],[109.21292,13.402274],[109.212873,13.410177],[109.213346,13.413225],[109.214433,13.421489],[109.215497,13.425147],[109.217436,13.433231],[109.217224,13.439328],[109.216869,13.442353],[109.212187,13.443708],[109.210011,13.446102],[109.209538,13.448202],[109.206275,13.455337],[109.207339,13.456692],[109.203887,13.460011],[109.202137,13.461095],[109.203579,13.46315],[109.20339,13.463917],[109.204454,13.464775],[109.204313,13.465385],[109.205187,13.468637],[109.20741,13.472904],[109.208025,13.473311],[109.206795,13.475817],[109.20793,13.477962],[109.208971,13.478843],[109.20942,13.479972],[109.209136,13.482546],[109.210839,13.484217],[109.211525,13.487288],[109.211028,13.487943],[109.209751,13.488123],[109.207978,13.487875],[109.207056,13.489433],[109.20637,13.489343],[109.205708,13.490878],[109.206086,13.493475],[109.20462,13.494152],[109.204975,13.49632],[109.205802,13.498036],[109.205117,13.500204],[109.205235,13.501491],[109.202823,13.501039],[109.200836,13.501875],[109.201049,13.504268],[109.200647,13.506007],[109.199962,13.506842],[109.200529,13.50822],[109.200742,13.512442],[109.201499,13.513278],[109.201688,13.51531],[109.200978,13.51759],[109.201593,13.518719],[109.203201,13.519103],[109.203485,13.52109],[109.204785,13.522919],[109.203059,13.523506],[109.202232,13.524432],[109.201901,13.526419],[109.201215,13.527887],[109.201309,13.532132],[109.198495,13.531929],[109.19755,13.531409],[109.196107,13.531838],[109.194003,13.531274],[109.193057,13.5301],[109.191827,13.52949],[109.19029,13.529219],[109.189297,13.528],[109.188067,13.525245],[109.186885,13.524364],[109.18705,13.523145],[109.186341,13.521294],[109.186317,13.51969],[109.186814,13.517297],[109.186341,13.516461],[109.184024,13.516484],[109.183835,13.517997],[109.182416,13.518042],[109.181895,13.519374],[109.179318,13.520774],[109.177946,13.522648],[109.178183,13.523348],[109.176457,13.525155],[109.175842,13.525448],[109.174849,13.527074],[109.174329,13.528858],[109.173075,13.531342],[109.170403,13.530619],[109.169765,13.531161],[109.170167,13.532109],[109.169481,13.533058],[109.168157,13.532787],[109.167329,13.534503],[109.166762,13.538251],[109.166194,13.540464],[109.16539,13.541006],[109.163688,13.541096],[109.162221,13.540803],[109.161772,13.542293],[109.161323,13.545657],[109.16033,13.547328],[109.16007,13.548932],[109.159029,13.549857],[109.158249,13.551144],[109.158651,13.552973],[109.157729,13.553809],[109.157208,13.555299],[109.155695,13.556631],[109.152692,13.561667],[109.148625,13.568283],[109.147277,13.568486],[109.145243,13.571196],[109.141885,13.572167],[109.141365,13.573567],[109.141507,13.574876],[109.140537,13.575689],[109.141294,13.577292],[109.141341,13.578512],[109.142027,13.580792],[109.141649,13.58156],[109.140277,13.582079],[109.140679,13.584134],[109.139592,13.58585],[109.139804,13.588582],[109.138764,13.59066],[109.136588,13.591292],[109.136801,13.592489],[109.135193,13.592963],[109.132994,13.596237],[109.132592,13.596463],[109.132947,13.59845],[109.131906,13.600121],[109.131292,13.600505],[109.12992,13.603666],[109.130133,13.604072],[109.129116,13.606692],[109.129755,13.608137],[109.12862,13.609333],[109.128856,13.610733],[109.127863,13.611908],[109.127579,13.613375],[109.126799,13.613669],[109.126302,13.615453],[109.125427,13.616333],[109.125451,13.617959],[109.126515,13.619269],[109.126342,13.620317]]]},"properties":{"@id":"relation/19392091","admin_level":"6","boundary":"administrative","name":"Xã Xuân Thọ","type":"boundary"},"id":"relation/19392091"},
{"type":"Feature","geometry":{"type":"Polygon","coordinates":[[[109.008542,13.288108],[109.009156,13.286912],[109.010481,13.285986],[109.011947,13.281154],[109.012136,13.278828],[109.014099,13.27718],[109.014997,13.275125],[109.014666,13.273364],[109.015659,13.272686],[109.016392,13.271512],[109.018568,13.269954],[109.018804,13.268193],[109.01696,13.265415],[109.016558,13.263857],[109.016889,13.262841],[109.018852,13.262367],[109.019845,13.261487],[109.01975,13.260403],[109.018923,13.258619],[109.018781,13.256677],[109.020767,13.255503],[109.022422,13.2567],[109.022777,13.258506],[109.025449,13.256406],[109.025898,13.255141],[109.027956,13.255322],[109.02876,13.254193],[109.030509,13.252883],[109.031219,13.251077],[109.033347,13.251574],[109.034435,13.251213],[109.036185,13.249655],[109.036161,13.248661],[109.038762,13.245884],[109.039235,13.243468],[109.040134,13.242113],[109.042215,13.242226],[109.042427,13.240081],[109.045052,13.240284],[109.045525,13.240961],[109.048315,13.239877],[109.050633,13.239493],[109.051744,13.23999],[109.053068,13.239968],[109.05444,13.239313],[109.055268,13.239855],[109.057325,13.242745],[109.057585,13.243648],[109.059808,13.245838],[109.062574,13.250106],[109.065388,13.250513],[109.069314,13.249993],[109.071749,13.250242],[109.072293,13.248526],[109.073972,13.24769],[109.074871,13.247826],[109.077046,13.246697],[109.077637,13.247464],[109.080073,13.247735],[109.081586,13.2476],[109.083242,13.248006],[109.087569,13.247509],[109.088798,13.247848],[109.090477,13.247397],[109.09166,13.246403],[109.093433,13.246064],[109.093835,13.246697],[109.093977,13.247893],[109.095656,13.248006],[109.095538,13.248977],[109.09821,13.249293],[109.098304,13.252251],[109.09925,13.253471],[109.100835,13.253493],[109.102608,13.25478],[109.103341,13.254893],[109.104689,13.257332],[109.105588,13.258235],[109.107196,13.25907],[109.108094,13.260448],[109.109371,13.260741],[109.109986,13.261803],[109.110033,13.263677],[109.109158,13.264625],[109.109891,13.26668],[109.108993,13.269457],[109.108331,13.270835],[109.107976,13.272912],[109.106202,13.274109],[109.105919,13.278083],[109.106794,13.27928],[109.106604,13.280567],[109.106723,13.283751],[109.107645,13.283976],[109.107432,13.285354],[109.106817,13.286031],[109.107077,13.28926],[109.108023,13.289983],[109.106865,13.29075],[109.106723,13.291925],[109.104902,13.294115],[109.103625,13.294521],[109.103152,13.295289],[109.10379,13.297976],[109.10353,13.299195],[109.104429,13.300686],[109.104311,13.303237],[109.104618,13.304479],[109.105753,13.304931],[109.105138,13.307482],[109.104453,13.308047],[109.105257,13.310847],[109.106202,13.313353],[109.106439,13.315837],[109.110246,13.317056],[109.110955,13.318547],[109.112043,13.319856],[109.112611,13.321934],[109.113155,13.322634],[109.113036,13.323943],[109.111405,13.325546],[109.112209,13.327308],[109.110955,13.32742],[109.109253,13.32812],[109.110435,13.329633],[109.111145,13.331124],[109.112138,13.331395],[109.111665,13.334285],[109.11202,13.33713],[109.111523,13.338146],[109.111901,13.339162],[109.111286,13.340472],[109.109371,13.340449],[109.108851,13.341398],[109.109442,13.34264],[109.110388,13.343136],[109.109253,13.34431],[109.108141,13.34422],[109.107763,13.346365],[109.107834,13.348081],[109.10852,13.348759],[109.107125,13.34991],[109.107952,13.350588],[109.107243,13.351536],[109.107881,13.35332],[109.106202,13.353072],[109.104689,13.352078],[109.103743,13.350317],[109.10223,13.351717],[109.098683,13.353681],[109.095987,13.353184],[109.094261,13.354178],[109.093812,13.356323],[109.092014,13.356955],[109.091045,13.3577],[109.0892,13.358039],[109.088397,13.359168],[109.087593,13.358739],[109.085393,13.358717],[109.083171,13.359326],[109.082343,13.359846],[109.081279,13.359507],[109.080877,13.356391],[109.081563,13.353591],[109.080593,13.349843],[109.079884,13.348623],[109.077377,13.347607],[109.074705,13.345959],[109.072317,13.346094],[109.071087,13.345868],[109.069479,13.346185],[109.066547,13.345665],[109.065365,13.346546],[109.062314,13.347381],[109.060446,13.348894],[109.058578,13.349572],[109.058531,13.347585],[109.059217,13.34641],[109.059358,13.345191],[109.059004,13.343656],[109.059855,13.341375],[109.05846,13.341059],[109.057703,13.341375],[109.055126,13.340562],[109.054795,13.340065],[109.051508,13.338282],[109.051602,13.337062],[109.050917,13.336791],[109.048103,13.337649],[109.046305,13.338688],[109.044768,13.338665],[109.043728,13.338056],[109.042215,13.340314],[109.038242,13.341714],[109.03661,13.342956],[109.035854,13.342775],[109.033489,13.344672],[109.032165,13.344988],[109.031053,13.344581],[109.028878,13.342572],[109.028097,13.340517],[109.02805,13.33792],[109.026584,13.334962],[109.026868,13.334285],[109.026584,13.332343],[109.027317,13.331575],[109.029351,13.330898],[109.029303,13.329249],[109.029705,13.327556],[109.027719,13.326517],[109.02805,13.324846],[109.027435,13.32365],[109.028641,13.321324],[109.02805,13.318163],[109.02805,13.314166],[109.02753,13.312314],[109.027246,13.309763],[109.026253,13.308566],[109.025307,13.306692],[109.022895,13.305292],[109.022848,13.304389],[109.021713,13.303057],[109.020791,13.299895],[109.021358,13.298179],[109.02046,13.296982],[109.020247,13.295312],[109.018592,13.295199],[109.017125,13.29416],[109.0167,13.292105],[109.01294,13.291247],[109.011568,13.292083],[109.009535,13.291428],[109.009488,13.290186],[109.008542,13.288108]]]},"properties":{"@id":"relation/19392092","admin_level":"6","boundary":"administrative","name":"Xã Xuân Phước","type":"boundary"},"id":"relation/19392092"},
{"type":"Feature","geometry":{"type":"Polygon","coordinates":[[[109.253816,13.593901],[109.250408,13.597927],[109.247547,13.60175],[109.243117,13.608227],[109.240843,13.611748],[109.235877,13.61989],[109.23305,13.625133],[109.229505,13.632277],[109.227093,13.637977],[109.225569,13.642284],[109.225684,13.644089],[109.226686,13.645378],[109.227319,13.644984],[109.229488,13.645522],[109.230222,13.646352],[109.229123,13.648326],[109.229388,13.650487],[109.22848,13.65206],[109.229835,13.653276],[109.230982,13.653785],[109.232599,13.652643],[109.233291,13.654237],[109.233594,13.656182],[109.232707,13.658493],[109.230809,13.661664],[109.230678,13.662457],[109.231658,13.663537],[109.230286,13.664966],[109.23022,13.665982],[109.231822,13.666744],[109.231363,13.667802],[109.231648,13.669364],[109.232412,13.670343],[109.233785,13.670628],[109.232785,13.672238],[109.230961,13.673004],[109.230089,13.674338],[109.230605,13.675509],[109.227313,13.677972],[109.225924,13.678107],[109.223892,13.679021],[109.221666,13.679577],[109.220265,13.680781],[109.218484,13.681698],[109.216601,13.681787],[109.215378,13.68124],[109.214203,13.679415],[109.212587,13.679075],[109.209841,13.679998],[109.207544,13.681315],[109.207122,13.682517],[109.205472,13.685021],[109.205117,13.686041],[109.205368,13.68764],[109.20511,13.689021],[109.203645,13.691146],[109.203482,13.693535],[109.202213,13.694046],[109.200336,13.694093],[109.199746,13.695333],[109.196933,13.694371],[109.195527,13.694567],[109.19377,13.693936],[109.190728,13.693905],[109.190342,13.693144],[109.188808,13.691695],[109.187148,13.690704],[109.187024,13.68923],[109.187429,13.687958],[109.185978,13.688234],[109.183724,13.685828],[109.183497,13.684445],[109.182837,13.683528],[109.182032,13.683465],[109.179291,13.682457],[109.176448,13.682298],[109.171537,13.682532],[109.170502,13.683486],[109.169303,13.683215],[109.167345,13.680012],[109.167519,13.678782],[109.165011,13.67757],[109.163718,13.677377],[109.162796,13.676366],[109.16167,13.676661],[109.15962,13.676543],[109.158247,13.677445],[109.156331,13.677742],[109.156036,13.675668],[109.154854,13.674641],[109.156235,13.673437],[109.156549,13.672671],[109.156935,13.668977],[109.155822,13.667054],[109.15565,13.665832],[109.154636,13.664508],[109.155221,13.663387],[109.154384,13.661532],[109.15307,13.659373],[109.153432,13.657413],[109.1524,13.656422],[109.151418,13.656658],[109.151133,13.654648],[109.152453,13.650856],[109.152464,13.649834],[109.15403,13.647238],[109.153912,13.644381],[109.152901,13.64252],[109.15258,13.639815],[109.153429,13.635873],[109.152592,13.63407],[109.150824,13.632736],[109.149556,13.632266],[109.146364,13.632641],[109.145898,13.630712],[109.144621,13.630582],[109.14205,13.632279],[109.140434,13.633835],[109.140029,13.635112],[109.137442,13.63626],[109.135421,13.636457],[109.135158,13.6375],[109.134018,13.638543],[109.132572,13.639001],[109.131612,13.640758],[109.131028,13.640331],[109.129343,13.640998],[109.128217,13.64191],[109.12761,13.643177],[109.126607,13.643704],[109.125588,13.643323],[109.124091,13.644611],[109.122225,13.644397],[109.120535,13.642442],[109.119515,13.640736],[109.119794,13.639525],[109.119035,13.638523],[109.118702,13.635183],[109.119269,13.634414],[109.121146,13.634299],[109.121734,13.632878],[109.122901,13.631855],[109.122749,13.63114],[109.123453,13.629758],[109.125277,13.628413],[109.126646,13.626606],[109.126457,13.625134],[109.127152,13.623476],[109.126364,13.622795],[109.126342,13.620317],[109.126515,13.619269],[109.125451,13.617959],[109.125427,13.616333],[109.126302,13.615453],[109.126799,13.613669],[109.127579,13.613375],[109.127863,13.611908],[109.128856,13.610733],[109.12862,13.609333],[109.129755,13.608137],[109.129116,13.606692],[109.130133,13.604072],[109.12992,13.603666],[109.131292,13.600505],[109.131906,13.600121],[109.132947,13.59845],[109.132592,13.596463],[109.132994,13.596237],[109.135193,13.592963],[109.136801,13.592489],[109.136588,13.591292],[109.138764,13.59066],[109.139804,13.588582],[109.139592,13.58585],[109.140679,13.584134],[109.140277,13.582079],[109.141649,13.58156],[109.142027,13.580792],[109.141341,13.578512],[109.141294,13.577292],[109.140537,13.575689],[109.141507,13.574876],[109.141365,13.573567],[109.141885,13.572167],[109.145243,13.571196],[109.147277,13.568486],[109.148625,13.568283],[109.148885,13.569163],[109.150138,13.569818],[109.150516,13.571263],[109.149618,13.573476],[109.151108,13.573341],[109.151959,13.574492],[109.153283,13.574808],[109.154938,13.577699],[109.155269,13.579663],[109.155766,13.580724],[109.155364,13.583389],[109.156192,13.585511],[109.157681,13.586505],[109.159171,13.586776],[109.159857,13.587544],[109.161488,13.587973],[109.164846,13.583863],[109.165887,13.583095],[109.166785,13.580973],[109.168346,13.580363],[109.17045,13.57596],[109.170569,13.574899],[109.171467,13.573363],[109.171113,13.572054],[109.17246,13.569886],[109.173264,13.569389],[109.175653,13.570044],[109.177213,13.569615],[109.179389,13.571647],[109.181139,13.571896],[109.18296,13.572618],[109.184189,13.573815],[109.184402,13.575102],[109.185986,13.575441],[109.186554,13.577518],[109.187996,13.576186],[109.190408,13.575396],[109.19282,13.575644],[109.195067,13.57465],[109.200293,13.577112],[109.201309,13.578579],[109.201357,13.580024],[109.204478,13.582147],[109.207032,13.583276],[109.208947,13.585489],[109.212092,13.591269],[109.213322,13.592195],[109.213251,13.593098],[109.215899,13.597253],[109.21895,13.602447],[109.220109,13.60563],[109.223088,13.607121],[109.224341,13.608769],[109.226351,13.604343],[109.227794,13.602379],[109.230206,13.599895],[109.23302,13.59504],[109.235077,13.592963],[109.237205,13.591585],[109.239641,13.590592],[109.24061,13.589644],[109.241887,13.586957],[109.242667,13.584066],[109.244748,13.584608],[109.253816,13.593901]]]},"properties":{"@id":"relation/19392093","admin_level":"6","boundary":"administrative","name":"Xã Xuân Lộc","type":"boundary"},"id":"relation/19392093"},
{"type":"Feature","geometry":{"type":"Polygon","coordinates":[[[108.996127,13.415212],[108.995843,13.41686],[108.997664,13.417447],[108.99939,13.418464],[109.002654,13.416544],[109.005799,13.415957],[109.007359,13.41668],[109.009488,13.416951],[109.021051,13.423363],[109.023155,13.42368],[109.025946,13.426051],[109.025638,13.427609],[109.026017,13.428354],[109.027293,13.428986],[109.027246,13.430838],[109.025331,13.430702],[109.02455,13.431718],[109.023037,13.432328],[109.022422,13.434247],[109.02228,13.436257],[109.023155,13.43987],[109.024054,13.440976],[109.023794,13.442715],[109.023037,13.443302],[109.024574,13.444115],[109.026017,13.44416],[109.026939,13.445402],[109.029469,13.444747],[109.029847,13.444228],[109.031574,13.444792],[109.034837,13.443911],[109.035381,13.445628],[109.033371,13.449173],[109.0333,13.451092],[109.034198,13.452876],[109.035735,13.452989],[109.035995,13.453576],[109.038053,13.454637],[109.038928,13.455405],[109.041269,13.454772],[109.041742,13.45405],[109.043373,13.452943],[109.045596,13.452921],[109.047866,13.455134],[109.049025,13.456918],[109.05068,13.458182],[109.051768,13.457776],[109.051886,13.459401],[109.052879,13.460756],[109.05321,13.462585],[109.057301,13.463985],[109.058507,13.463308],[109.059713,13.464143],[109.06073,13.462946],[109.062267,13.462179],[109.063307,13.462224],[109.064868,13.460485],[109.065932,13.460756],[109.066689,13.459266],[109.066547,13.45825],[109.068391,13.457189],[109.06955,13.457505],[109.068912,13.459921],[109.069645,13.461366],[109.07052,13.462021],[109.074516,13.463917],[109.079505,13.47033],[109.080711,13.470014],[109.082674,13.468795],[109.084873,13.468682],[109.087049,13.467824],[109.088609,13.466582],[109.090667,13.466063],[109.092133,13.466627],[109.092984,13.467372],[109.094852,13.467982],[109.094663,13.469924],[109.095349,13.471075],[109.097335,13.472091],[109.100007,13.472385],[109.100811,13.471866],[109.101875,13.472272],[109.102537,13.473333],[109.104169,13.474462],[109.106368,13.474327],[109.105682,13.475614],[109.106652,13.47724],[109.108945,13.477646],[109.10904,13.479385],[109.110341,13.480988],[109.111641,13.48083],[109.112634,13.482704],[109.114455,13.482952],[109.115874,13.484488],[109.116252,13.485323],[109.118215,13.486294],[109.11838,13.489727],[109.118782,13.490268],[109.119114,13.492594],[109.118806,13.494175],[109.120509,13.497042],[109.120225,13.498375],[109.120627,13.499188],[109.120745,13.501039],[109.121313,13.503004],[109.121289,13.504042],[109.120201,13.50691],[109.118002,13.508694],[109.118286,13.510297],[109.105446,13.53019],[109.100858,13.539945],[109.100716,13.541232],[109.101166,13.543851],[109.101639,13.544528],[109.101284,13.545838],[109.103932,13.546199],[109.105422,13.546809],[109.106628,13.547712],[109.116371,13.571376],[109.116725,13.572505],[109.116394,13.573838],[109.116749,13.575621],[109.11585,13.577225],[109.116158,13.580837],[109.116938,13.582282],[109.117085,13.584346],[109.114709,13.584726],[109.112413,13.587062],[109.111286,13.587657],[109.11038,13.587333],[109.106287,13.584977],[109.104597,13.584544],[109.100305,13.584325],[109.099642,13.580866],[109.098634,13.578855],[109.096487,13.57753],[109.096267,13.575349],[109.09561,13.574237],[109.09355,13.572569],[109.088471,13.572399],[109.086982,13.571115],[109.085094,13.569079],[109.083171,13.56812],[109.078792,13.568165],[109.07501,13.568516],[109.062547,13.569025],[109.058781,13.569283],[109.053483,13.56937],[109.052826,13.569027],[109.052432,13.567273],[109.050986,13.565005],[109.050504,13.562651],[109.049715,13.561709],[109.046453,13.560747],[109.044789,13.559506],[109.044526,13.557922],[109.042774,13.555825],[109.041767,13.553942],[109.041197,13.549063],[109.040365,13.547865],[109.03719,13.545746],[109.035132,13.544934],[109.033687,13.543478],[109.033336,13.542665],[109.033489,13.538786],[109.032088,13.535322],[109.031037,13.533782],[109.028804,13.531516],[109.025826,13.529292],[109.021772,13.528384],[109.018816,13.525965],[109.014419,13.526272],[109.012456,13.524162],[109.011573,13.523912],[109.007961,13.523797],[109.006587,13.522991],[108.999855,13.523087],[108.998638,13.522896],[108.997382,13.521706],[108.997225,13.519134],[108.996401,13.518137],[108.994674,13.51687],[108.993614,13.516525],[108.987156,13.516736],[108.983427,13.516735],[108.969465,13.517252],[108.965076,13.517674],[108.962249,13.517789],[108.960522,13.515793],[108.959541,13.515217],[108.958108,13.515811],[108.956027,13.518613],[108.949054,13.52633],[108.949307,13.525516],[108.949047,13.52319],[108.950394,13.522039],[108.950418,13.520977],[108.949236,13.520797],[108.94907,13.519081],[108.94829,13.518336],[108.950158,13.516213],[108.95108,13.514068],[108.950513,13.512126],[108.950513,13.510997],[108.949496,13.509281],[108.949898,13.50822],[108.949425,13.506391],[108.949945,13.505081],[108.949922,13.503478],[108.950489,13.501829],[108.950324,13.500971],[108.953492,13.502597],[108.954604,13.502326],[108.955218,13.501242],[108.957559,13.499504],[108.959924,13.498555],[108.961887,13.499097],[108.962833,13.498217],[108.963211,13.494626],[108.962596,13.49142],[108.962478,13.489252],[108.965103,13.486656],[108.966711,13.483359],[108.967657,13.480356],[108.967751,13.478617],[108.966261,13.476833],[108.964724,13.47593],[108.96489,13.474237],[108.96418,13.473356],[108.964299,13.47103],[108.965103,13.467733],[108.96619,13.466559],[108.966592,13.465385],[108.966332,13.464098],[108.964984,13.46315],[108.964346,13.461705],[108.964843,13.460282],[108.966474,13.460259],[108.968461,13.46123],[108.969406,13.460214],[108.971369,13.458972],[108.972244,13.459311],[108.974018,13.458882],[108.974372,13.457843],[108.978321,13.455495],[108.978132,13.454682],[108.978747,13.453305],[108.9787,13.451611],[108.980118,13.450144],[108.981372,13.449511],[108.981939,13.44775],[108.983831,13.446982],[108.983784,13.444386],[108.983334,13.443076],[108.984044,13.44197],[108.985344,13.441924],[108.986361,13.439937],[108.986219,13.439012],[108.986503,13.436076],[108.985297,13.434834],[108.984517,13.433096],[108.985581,13.430634],[108.987662,13.429279],[108.98927,13.426321],[108.990003,13.424041],[108.992698,13.420699],[108.994448,13.416093],[108.996127,13.415212]]]},"properties":{"@id":"relation/19392094","admin_level":"6","boundary":"administrative","name":"Xã Xuân Lãnh","type":"boundary"},"id":"relation/19392094"},
{"type":"Feature","geometry":{"type":"MultiPolygon","coordinates":[[[[109.279958,13.379914],[109.280308,13.379432],[109.281781,13.379845],[109.282131,13.38122],[109.280238,13.380395],[109.279958,13.379914]]],[[[109.228262,13.417343],[109.229062,13.417186],[109.229675,13.418202],[109.229506,13.420106],[109.228292,13.420435],[109.227579,13.419686],[109.228262,13.417343]]],[[[109.242106,13.394048],[109.244742,13.395597],[109.245667,13.395652],[109.246991,13.396869],[109.24666,13.397612],[109.245451,13.39758],[109.244347,13.39666],[109.241501,13.396224],[109.242106,13.394048]]],[[[109.216869,13.442353],[109.217224,13.439328],[109.217436,13.433231],[109.215497,13.425147],[109.214433,13.421489],[109.213346,13.413225],[109.212873,13.410177],[109.21292,13.402274],[109.213227,13.400309],[109.212518,13.394958],[109.212021,13.392655],[109.211217,13.386016],[109.213156,13.38579],[109.214197,13.385993],[109.21467,13.384571],[109.215308,13.38448],[109.217224,13.385271],[109.220132,13.384458],[109.222024,13.384639],[109.225358,13.383758],[109.226801,13.384051],[109.231199,13.383916],[109.233303,13.383713],[109.239664,13.383442],[109.239452,13.382561],[109.240421,13.380935],[109.240397,13.37012],[109.233351,13.36741],[109.231601,13.366891],[109.232026,13.364791],[109.232665,13.363458],[109.232925,13.361065],[109.235408,13.361133],[109.237773,13.361629],[109.240705,13.363504],[109.241556,13.363775],[109.243566,13.364271],[109.245221,13.364271],[109.249028,13.363345],[109.250069,13.362668],[109.252363,13.358649],[109.254717,13.360785],[109.25378,13.362143],[109.249767,13.366541],[109.247743,13.371147],[109.245948,13.376642],[109.245078,13.380391],[109.244191,13.386357],[109.244346,13.38858],[109.243184,13.388159],[109.241891,13.389905],[109.239028,13.390865],[109.23826,13.38952],[109.237184,13.390178],[109.236458,13.391713],[109.236668,13.392467],[109.23528,13.393306],[109.23316,13.392724],[109.230989,13.392429],[109.227534,13.391257],[109.227037,13.390133],[109.225997,13.389104],[109.223353,13.389213],[109.221034,13.391179],[109.220056,13.391656],[109.218735,13.393108],[109.21764,13.393825],[109.215514,13.394147],[109.215576,13.395041],[109.217216,13.396815],[109.217247,13.398477],[109.219764,13.398397],[109.220329,13.396917],[109.221419,13.396485],[109.226893,13.396693],[109.227992,13.397698],[109.227678,13.399765],[109.226585,13.400395],[109.226928,13.401309],[109.227819,13.40167],[109.228425,13.403821],[109.229578,13.404952],[109.230092,13.406878],[109.229568,13.407641],[109.229976,13.410053],[109.231154,13.411489],[109.230291,13.412372],[109.230441,13.413422],[109.228645,13.413567],[109.227771,13.414574],[109.226541,13.413681],[109.223937,13.414528],[109.222872,13.413928],[109.221939,13.414697],[109.219503,13.415593],[109.219179,13.417179],[109.219472,13.418189],[109.222228,13.419977],[109.222875,13.419623],[109.225659,13.42015],[109.225153,13.421038],[109.225642,13.424695],[109.226803,13.42583],[109.228463,13.426276],[109.229579,13.425481],[109.230526,13.425388],[109.231196,13.424391],[109.232941,13.424869],[109.234394,13.426234],[109.235226,13.427496],[109.237223,13.427683],[109.238704,13.429591],[109.237182,13.431109],[109.234787,13.431625],[109.23108,13.430349],[109.229036,13.430938],[109.227236,13.432187],[109.227939,13.432825],[109.227098,13.434445],[109.227099,13.436686],[109.226225,13.438223],[109.224439,13.439538],[109.223941,13.440647],[109.223157,13.440276],[109.222594,13.441453],[109.222319,13.445383],[109.222607,13.446636],[109.219494,13.447547],[109.216538,13.447908],[109.215521,13.445673],[109.21571,13.444544],[109.216869,13.442353]]]]},"properties":{"@id":"relation/19392095","UArea":"13.4","admin_level":"6","boundary":"administrative","name":"Phường Xuân Đài","population":"21574","type":"boundary"},"id":"relation/19392095"},
{"type":"Feature","geometry":{"type":"MultiPolygon","coordinates":[[[[109.272458,13.522604],[109.271178,13.524365],[109.270227,13.523475],[109.271129,13.52253],[109.272458,13.522604]]],[[[109.253816,13.593901],[109.244748,13.584608],[109.242667,13.584066],[109.241887,13.586957],[109.24061,13.589644],[109.239641,13.590592],[109.237205,13.591585],[109.235077,13.592963],[109.23302,13.59504],[109.230206,13.599895],[109.227794,13.602379],[109.226351,13.604343],[109.224341,13.608769],[109.223088,13.607121],[109.220109,13.60563],[109.21895,13.602447],[109.215899,13.597253],[109.213251,13.593098],[109.213322,13.592195],[109.212092,13.591269],[109.208947,13.585489],[109.207032,13.583276],[109.204478,13.582147],[109.201357,13.580024],[109.201309,13.578579],[109.200293,13.577112],[109.195067,13.57465],[109.19282,13.575644],[109.190408,13.575396],[109.187996,13.576186],[109.186554,13.577518],[109.185986,13.575441],[109.184402,13.575102],[109.184189,13.573815],[109.18296,13.572618],[109.181139,13.571896],[109.179389,13.571647],[109.177213,13.569615],[109.175653,13.570044],[109.173264,13.569389],[109.17246,13.569886],[109.171113,13.572054],[109.171467,13.573363],[109.170569,13.574899],[109.17045,13.57596],[109.168346,13.580363],[109.166785,13.580973],[109.165887,13.583095],[109.164846,13.583863],[109.161488,13.587973],[109.159857,13.587544],[109.159171,13.586776],[109.157681,13.586505],[109.156192,13.585511],[109.155364,13.583389],[109.155766,13.580724],[109.155269,13.579663],[109.154938,13.577699],[109.153283,13.574808],[109.151959,13.574492],[109.151108,13.573341],[109.149618,13.573476],[109.150516,13.571263],[109.150138,13.569818],[109.148885,13.569163],[109.148625,13.568283],[109.152692,13.561667],[109.155695,13.556631],[109.157208,13.555299],[109.157729,13.553809],[109.158651,13.552973],[109.158249,13.551144],[109.159029,13.549857],[109.16007,13.548932],[109.16033,13.547328],[109.161323,13.545657],[109.161772,13.542293],[109.162221,13.540803],[109.163688,13.541096],[109.16539,13.541006],[109.166194,13.540464],[109.166762,13.538251],[109.167329,13.534503],[109.168157,13.532787],[109.169481,13.533058],[109.170167,13.532109],[109.169765,13.531161],[109.170403,13.530619],[109.173075,13.531342],[109.174329,13.528858],[109.174849,13.527074],[109.175842,13.525448],[109.176457,13.525155],[109.178183,13.523348],[109.177946,13.522648],[109.179318,13.520774],[109.181895,13.519374],[109.182416,13.518042],[109.183835,13.517997],[109.184024,13.516484],[109.186341,13.516461],[109.186814,13.517297],[109.186317,13.51969],[109.186341,13.521294],[109.18705,13.523145],[109.186885,13.524364],[109.188067,13.525245],[109.189297,13.528],[109.19029,13.529219],[109.191827,13.52949],[109.193057,13.5301],[109.194003,13.531274],[109.196107,13.531838],[109.19755,13.531409],[109.198495,13.531929],[109.201309,13.532132],[109.203934,13.532335],[109.204478,13.531951],[109.206937,13.531432],[109.208167,13.530822],[109.212778,13.5308],[109.216254,13.530122],[109.217318,13.529151],[109.218761,13.528926],[109.21999,13.52818],[109.222379,13.528971],[109.223963,13.530416],[109.222993,13.532019],[109.223135,13.533351],[109.224081,13.535451],[109.225902,13.536964],[109.226351,13.537732],[109.226328,13.539109],[109.228196,13.537235],[109.228219,13.536129],[109.228881,13.535564],[109.230773,13.53518],[109.231932,13.535429],[109.232192,13.536761],[109.23354,13.537732],[109.236141,13.53719],[109.236969,13.538229],[109.23808,13.537958],[109.240657,13.537958],[109.242597,13.538906],[109.243424,13.53728],[109.246191,13.536942],[109.247681,13.537845],[109.24787,13.5385],[109.249643,13.538319],[109.251275,13.537461],[109.253323,13.537486],[109.253544,13.540596],[109.252494,13.542139],[109.252074,13.543788],[109.253055,13.545576],[109.253756,13.54592],[109.254456,13.54774],[109.255833,13.549167],[109.26,13.551667],[109.262222,13.552778],[109.264167,13.553196],[109.26736,13.552486],[109.26911,13.550564],[109.270185,13.550012],[109.271542,13.550152],[109.273894,13.549921],[109.274328,13.547832],[109.273548,13.546934],[109.271543,13.545637],[109.270139,13.545069],[109.270367,13.543965],[109.271229,13.543366],[109.27241,13.543754],[109.273672,13.543479],[109.275284,13.541142],[109.275495,13.53853],[109.274197,13.536015],[109.269736,13.533724],[109.268611,13.532778],[109.26951,13.532323],[109.27225,13.531935],[109.274861,13.529469],[109.276319,13.528998],[109.277609,13.52713],[109.279481,13.526196],[109.280626,13.526562],[109.282614,13.525585],[109.28332,13.528205],[109.285142,13.529308],[109.287185,13.528399],[109.286952,13.529932],[109.284722,13.532075],[109.283984,13.531458],[109.283057,13.532833],[109.281271,13.532575],[109.280598,13.53174],[109.279379,13.532512],[109.278477,13.534493],[109.276292,13.544308],[109.276269,13.546356],[109.277278,13.54762],[109.278182,13.547491],[109.278932,13.549165],[109.278792,13.551121],[109.278142,13.551761],[109.278397,13.553605],[109.279089,13.555582],[109.280201,13.556814],[109.283716,13.556147],[109.285735,13.557037],[109.28597,13.558953],[109.286773,13.559298],[109.28774,13.558743],[109.288684,13.559495],[109.289682,13.561811],[109.289853,13.563097],[109.288121,13.565104],[109.28961,13.567194],[109.291162,13.568658],[109.292506,13.569182],[109.293962,13.568066],[109.296027,13.567621],[109.297174,13.567038],[109.298517,13.567594],[109.296929,13.569957],[109.296466,13.571502],[109.295829,13.572156],[109.291702,13.573127],[109.289818,13.575037],[109.28857,13.575279],[109.288648,13.573173],[109.287087,13.572375],[109.285541,13.571984],[109.282184,13.572251],[109.2799,13.573025],[109.275366,13.575126],[109.271878,13.577392],[109.269703,13.578993],[109.265355,13.582638],[109.26056,13.586828],[109.257844,13.589454],[109.253816,13.593901]]]]},"properties":{"@id":"relation/19392096","admin_level":"6","boundary":"administrative","name":"Xã Xuân Cảnh","type":"boundary"},"id":"relation/19392096"},
{"type":"Feature","geometry":{"type":"Polygon","coordinates":[[[109.018781,13.256677],[109.017835,13.255345],[109.017882,13.252116],[109.01845,13.251145],[109.01819,13.249722],[109.020223,13.246877],[109.020909,13.245455],[109.020909,13.243151],[109.02046,13.241074],[109.019112,13.236558],[109.018308,13.235655],[109.016463,13.234503],[109.016345,13.233261],[109.018119,13.231139],[109.01871,13.229919],[109.021098,13.228226],[109.021713,13.22721],[109.021666,13.225291],[109.022446,13.224297],[109.024669,13.223597],[109.024882,13.221542],[109.026324,13.220729],[109.026442,13.219171],[109.025449,13.216575],[109.025993,13.214768],[109.025638,13.212736],[109.026206,13.211833],[109.02675,13.209484],[109.024811,13.207655],[109.023439,13.208807],[109.022682,13.208626],[109.023155,13.205036],[109.024361,13.202078],[109.024314,13.201401],[109.025189,13.198736],[109.02474,13.197449],[109.026135,13.196885],[109.024385,13.194717],[109.023084,13.194424],[109.022328,13.193724],[109.021382,13.191353],[109.021358,13.189907],[109.020743,13.189591],[109.020885,13.187017],[109.021524,13.184804],[109.022541,13.182433],[109.023699,13.180921],[109.026277,13.17873],[109.028523,13.176088],[109.030297,13.175072],[109.033962,13.176269],[109.037485,13.174147],[109.038857,13.174056],[109.040346,13.172272],[109.040819,13.171301],[109.042475,13.169676],[109.044154,13.168863],[109.044154,13.167079],[109.044603,13.166131],[109.044201,13.16464],[109.045076,13.162473],[109.04439,13.161276],[109.044012,13.158995],[109.046613,13.15694],[109.049781,13.15615],[109.050893,13.154208],[109.052359,13.153937],[109.053896,13.151815],[109.054322,13.150641],[109.05645,13.14827],[109.057916,13.148337],[109.058673,13.146644],[109.05976,13.147367],[109.059571,13.149421],[109.061274,13.150595],[109.063142,13.150866],[109.064821,13.150754],[109.065648,13.149308],[109.067871,13.147367],[109.067162,13.146531],[109.06605,13.141925],[109.063213,13.142896],[109.061487,13.140954],[109.058436,13.140615],[109.056757,13.140096],[109.054487,13.13987],[109.054393,13.13838],[109.053849,13.137409],[109.055078,13.136076],[109.053849,13.135196],[109.053116,13.133841],[109.052099,13.13296],[109.050396,13.132531],[109.050136,13.129935],[109.050325,13.12876],[109.052643,13.127112],[109.053116,13.126277],[109.052217,13.124719],[109.053234,13.122844],[109.05191,13.122483],[109.053541,13.120948],[109.053305,13.120045],[109.055386,13.117335],[109.055031,13.116319],[109.056284,13.115393],[109.056237,13.114377],[109.058578,13.113632],[109.059618,13.112571],[109.061037,13.112593],[109.06203,13.111058],[109.063118,13.111554],[109.065483,13.11099],[109.066949,13.109883],[109.068179,13.110493],[109.069834,13.109116],[109.072128,13.10819],[109.072364,13.106451],[109.073192,13.103832],[109.075887,13.103087],[109.07863,13.102748],[109.079624,13.101529],[109.080593,13.101439],[109.081468,13.100377],[109.083785,13.103471],[109.086221,13.103945],[109.08842,13.103877],[109.091021,13.102951],[109.092298,13.103629],[109.092085,13.1053],[109.093008,13.107332],[109.094592,13.108054],[109.096365,13.109251],[109.100338,13.110132],[109.101142,13.111125],[109.10301,13.110425],[109.104902,13.106971],[109.111594,13.105119],[109.112563,13.106045],[109.112753,13.107829],[109.114573,13.108596],[109.114881,13.109183],[109.114242,13.110629],[109.113675,13.115122],[109.111145,13.115483],[109.113391,13.119886],[109.113959,13.121919],[109.113959,13.123973],[109.113509,13.125893],[109.11254,13.127835],[109.111972,13.13086],[109.11384,13.131154],[109.114621,13.132238],[109.115732,13.132486],[109.124363,13.132102],[109.124458,13.132667],[109.126657,13.132554],[109.127579,13.131402],[109.130866,13.132193],[109.13245,13.130386],[109.133822,13.130251],[109.13472,13.129641],[109.13569,13.130206],[109.136588,13.132373],[109.137747,13.132802],[109.139119,13.134157],[109.138953,13.136889],[109.139497,13.13856],[109.139308,13.139734],[109.140608,13.141247],[109.140561,13.142625],[109.141365,13.143325],[109.142524,13.142963],[109.142429,13.145447],[109.143493,13.146644],[109.146307,13.145967],[109.147064,13.147141],[109.149334,13.14845],[109.150256,13.147931],[109.151793,13.150234],[109.152526,13.150505],[109.152432,13.152041],[109.154986,13.155405],[109.153874,13.157257],[109.151935,13.156579],[109.150516,13.158499],[109.148601,13.160192],[109.147915,13.16586],[109.146757,13.165656],[109.147182,13.167305],[109.146686,13.168434],[109.145409,13.168705],[109.144912,13.168863],[109.145527,13.170692],[109.145149,13.171392],[109.143635,13.171979],[109.142973,13.173221],[109.142878,13.17453],[109.143328,13.176066],[109.142737,13.176359],[109.141389,13.17584],[109.139592,13.177398],[109.139119,13.17925],[109.137487,13.179746],[109.137132,13.180853],[109.138338,13.183201],[109.139615,13.183788],[109.139095,13.184782],[109.137582,13.184375],[109.137558,13.186927],[109.136849,13.187537],[109.134768,13.187695],[109.13368,13.188666],[109.132947,13.190404],[109.133231,13.191601],[109.131859,13.194965],[109.131055,13.195191],[109.130913,13.19623],[109.129447,13.196614],[109.129896,13.198691],[109.130653,13.199956],[109.129684,13.200881],[109.129045,13.202575],[109.128028,13.202665],[109.126491,13.205759],[109.12512,13.206301],[109.126444,13.207678],[109.125214,13.208852],[109.122779,13.209575],[109.121596,13.209213],[109.120225,13.211517],[109.120461,13.212826],[109.121194,13.213188],[109.120816,13.215333],[109.116938,13.217613],[109.1163,13.217229],[109.114219,13.220729],[109.111192,13.224771],[109.110648,13.226149],[109.110908,13.2287],[109.109016,13.231997],[109.106392,13.2336],[109.104263,13.234277],[109.104689,13.235],[109.103932,13.236445],[109.102845,13.237552],[109.100858,13.240126],[109.098777,13.240013],[109.099108,13.241097],[109.098186,13.241616],[109.098494,13.242677],[109.097477,13.243264],[109.096176,13.24288],[109.09542,13.245071],[109.09445,13.245161],[109.093835,13.246697],[109.093433,13.246064],[109.09166,13.246403],[109.090477,13.247397],[109.088798,13.247848],[109.087569,13.247509],[109.083242,13.248006],[109.081586,13.2476],[109.080073,13.247735],[109.077637,13.247464],[109.077046,13.246697],[109.074871,13.247826],[109.073972,13.24769],[109.072293,13.248526],[109.071749,13.250242],[109.069314,13.249993],[109.065388,13.250513],[109.062574,13.250106],[109.059808,13.245838],[109.057585,13.243648],[109.057325,13.242745],[109.055268,13.239855],[109.05444,13.239313],[109.053068,13.239968],[109.051744,13.23999],[109.050633,13.239493],[109.048315,13.239877],[109.045525,13.240961],[109.045052,13.240284],[109.042427,13.240081],[109.042215,13.242226],[109.040134,13.242113],[109.039235,13.243468],[109.038762,13.245884],[109.036161,13.248661],[109.036185,13.249655],[109.034435,13.251213],[109.033347,13.251574],[109.031219,13.251077],[109.030509,13.252883],[109.02876,13.254193],[109.027956,13.255322],[109.025898,13.255141],[109.025449,13.256406],[109.022777,13.258506],[109.022422,13.2567],[109.020767,13.255503],[109.018781,13.256677]]]},"properties":{"@id":"relation/19392097","admin_level":"6","boundary":"administrative","name":"Xã Vân Hòa","type":"boundary"},"id":"relation/19392097"},
{"type":"Feature","geometry":{"type":"Polygon","coordinates":[[[109.307565,13.116618],[109.302136,13.112599],[109.296482,13.109102],[109.293575,13.1075],[109.290522,13.10639],[109.284049,13.101597],[109.275844,13.094371],[109.273928,13.094461],[109.27381,13.096177],[109.272793,13.096223],[109.271611,13.097126],[109.271233,13.096335],[109.269033,13.096945],[109.268088,13.097758],[109.266905,13.097781],[109.267898,13.09611],[109.266976,13.095297],[109.265392,13.095523],[109.264683,13.094913],[109.264683,13.093761],[109.261396,13.095342],[109.261656,13.097622],[109.261183,13.097871],[109.259717,13.095297],[109.256501,13.095274],[109.256619,13.09349],[109.257683,13.082855],[109.259504,13.072559],[109.260592,13.067501],[109.262554,13.059801],[109.266574,13.050069],[109.273716,13.036475],[109.275276,13.037853],[109.275205,13.040133],[109.276151,13.040472],[109.277925,13.041917],[109.279887,13.046478],[109.280384,13.047404],[109.282583,13.049662],[109.284498,13.052372],[109.288187,13.053501],[109.289819,13.054675],[109.293059,13.055307],[109.294785,13.056504],[109.295352,13.05822],[109.295447,13.060185],[109.297362,13.06172],[109.299467,13.064385],[109.300578,13.065378],[109.304906,13.068404],[109.306206,13.069059],[109.308902,13.069871],[109.311266,13.07161],[109.313395,13.074658],[109.315712,13.076691],[109.316658,13.078633],[109.317154,13.081771],[109.322451,13.08412],[109.330454,13.087301],[109.328648,13.091198],[109.327362,13.091857],[109.324687,13.094747],[109.320432,13.0997],[109.314132,13.10795],[109.313219,13.108955],[109.307565,13.116618]]]},"properties":{"@id":"relation/19392098","UArea":"33.77","admin_level":"6","boundary":"administrative","name":"Phường Tuy Hòa","population":"126118","type":"boundary"},"id":"relation/19392098"},
{"type":"Feature","geometry":{"type":"Polygon","coordinates":[[[109.093835,13.246697],[109.09445,13.245161],[109.09542,13.245071],[109.096176,13.24288],[109.097477,13.243264],[109.098494,13.242677],[109.098186,13.241616],[109.099108,13.241097],[109.098777,13.240013],[109.100858,13.240126],[109.102845,13.237552],[109.103932,13.236445],[109.104689,13.235],[109.104263,13.234277],[109.106392,13.2336],[109.109016,13.231997],[109.110908,13.2287],[109.110648,13.226149],[109.111192,13.224771],[109.114219,13.220729],[109.1163,13.217229],[109.116938,13.217613],[109.120816,13.215333],[109.121194,13.213188],[109.120461,13.212826],[109.120225,13.211517],[109.121596,13.209213],[109.122779,13.209575],[109.125214,13.208852],[109.126444,13.207678],[109.12512,13.206301],[109.126491,13.205759],[109.128028,13.202665],[109.129045,13.202575],[109.129684,13.200881],[109.130653,13.199956],[109.129896,13.198691],[109.129447,13.196614],[109.130913,13.19623],[109.131055,13.195191],[109.131859,13.194965],[109.133231,13.191601],[109.132947,13.190404],[109.13368,13.188666],[109.134768,13.187695],[109.136849,13.187537],[109.137558,13.186927],[109.137582,13.184375],[109.139095,13.184782],[109.139615,13.183788],[109.138338,13.183201],[109.137132,13.180853],[109.137487,13.179746],[109.139119,13.17925],[109.139592,13.177398],[109.141389,13.17584],[109.142737,13.176359],[109.143328,13.176066],[109.142878,13.17453],[109.142973,13.173221],[109.143635,13.171979],[109.145149,13.171392],[109.145527,13.170692],[109.144912,13.168863],[109.145409,13.168705],[109.146473,13.168795],[109.147821,13.169518],[109.150729,13.169156],[109.153117,13.169879],[109.155931,13.168795],[109.156901,13.169224],[109.157114,13.170285],[109.158225,13.171279],[109.157847,13.172272],[109.158178,13.173876],[109.160661,13.177082],[109.163735,13.176201],[109.166099,13.176246],[109.168464,13.176924],[109.169221,13.17794],[109.171396,13.177466],[109.172224,13.178843],[109.174163,13.180175],[109.176362,13.179746],[109.177923,13.18144],[109.179011,13.18144],[109.180737,13.182908],[109.182297,13.183314],[109.183764,13.185391],[109.184804,13.185685],[109.185726,13.186746],[109.185703,13.188191],[109.186459,13.189207],[109.186176,13.190427],[109.186814,13.192324],[109.187027,13.194672],[109.187452,13.195598],[109.188942,13.196298],[109.19029,13.198872],[109.194925,13.198894],[109.198164,13.201378],[109.200836,13.203952],[109.200789,13.205081],[109.200127,13.207407],[109.200458,13.209959],[109.20138,13.211697],[109.200576,13.21303],[109.201049,13.215175],[109.200529,13.217229],[109.201617,13.224049],[109.202823,13.224907],[109.203579,13.226149],[109.197762,13.240668],[109.196509,13.248977],[109.195232,13.249496],[109.194783,13.250219],[109.194972,13.251461],[109.195918,13.252929],[109.196911,13.252838],[109.199299,13.254735],[109.198827,13.255435],[109.20112,13.256858],[109.201593,13.2567],[109.202775,13.258099],[109.203532,13.258145],[109.204856,13.259816],[109.206157,13.259725],[109.206015,13.261057],[109.207032,13.262841],[109.210484,13.266228],[109.209184,13.266138],[109.208687,13.266748],[109.20689,13.267899],[109.206157,13.27027],[109.205566,13.271106],[109.202775,13.276976],[109.200907,13.280228],[109.200032,13.279009],[109.198732,13.278693],[109.198188,13.277089],[109.196107,13.276028],[109.194074,13.276435],[109.191709,13.276435],[109.190385,13.27578],[109.191401,13.275012],[109.190006,13.272122],[109.189391,13.271783],[109.188327,13.273883],[109.185372,13.275802],[109.184449,13.275599],[109.183953,13.274696],[109.182203,13.276751],[109.181139,13.279799],[109.182865,13.280747],[109.183503,13.280296],[109.184237,13.281944],[109.183243,13.283773],[109.183527,13.284428],[109.185348,13.284992],[109.186909,13.287047],[109.187854,13.287296],[109.189935,13.28935],[109.190739,13.290863],[109.190692,13.291563],[109.187878,13.293008],[109.187784,13.295853],[109.18627,13.29757],[109.183291,13.298044],[109.182463,13.299195],[109.18095,13.299376],[109.176244,13.298586],[109.174967,13.304569],[109.172862,13.305021],[109.172957,13.306037],[109.171467,13.305744],[109.170025,13.305969],[109.168441,13.307279],[109.167164,13.306602],[109.162623,13.310621],[109.161985,13.312089],[109.160637,13.313105],[109.159431,13.31455],[109.157705,13.317259],[109.156121,13.31875],[109.155033,13.320917],[109.154182,13.321775],[109.152786,13.322385],[109.151722,13.322566],[109.149854,13.322046],[109.148577,13.320421],[109.148625,13.31893],[109.146662,13.318817],[109.144203,13.318321],[109.143399,13.319314],[109.14198,13.319834],[109.141223,13.321324],[109.140041,13.320759],[109.137487,13.320488],[109.135217,13.321166],[109.133774,13.322588],[109.133183,13.322159],[109.131906,13.32295],[109.130866,13.325772],[109.13018,13.325456],[109.12869,13.322995],[109.127059,13.322927],[109.12415,13.321166],[109.12188,13.321121],[109.119326,13.323559],[109.119374,13.325366],[109.117222,13.324282],[109.116158,13.323446],[109.114455,13.323401],[109.11332,13.321685],[109.112611,13.321934],[109.112043,13.319856],[109.110955,13.318547],[109.110246,13.317056],[109.106439,13.315837],[109.106202,13.313353],[109.105257,13.310847],[109.104453,13.308047],[109.105138,13.307482],[109.105753,13.304931],[109.104618,13.304479],[109.104311,13.303237],[109.104429,13.300686],[109.10353,13.299195],[109.10379,13.297976],[109.103152,13.295289],[109.103625,13.294521],[109.104902,13.294115],[109.106723,13.291925],[109.106865,13.29075],[109.108023,13.289983],[109.107077,13.28926],[109.106817,13.286031],[109.107432,13.285354],[109.107645,13.283976],[109.106723,13.283751],[109.106604,13.280567],[109.106794,13.27928],[109.105919,13.278083],[109.106202,13.274109],[109.107976,13.272912],[109.108331,13.270835],[109.108993,13.269457],[109.109891,13.26668],[109.109158,13.264625],[109.110033,13.263677],[109.109986,13.261803],[109.109371,13.260741],[109.108094,13.260448],[109.107196,13.25907],[109.105588,13.258235],[109.104689,13.257332],[109.103341,13.254893],[109.102608,13.25478],[109.100835,13.253493],[109.09925,13.253471],[109.098304,13.252251],[109.09821,13.249293],[109.095538,13.248977],[109.095656,13.248006],[109.093977,13.247893],[109.093835,13.246697]]]},"properties":{"@id":"relation/19392099","admin_level":"6","boundary":"administrative","name":"Xã Tuy An Tây","type":"boundary"},"id":"relation/19392099"},
{"type":"Feature","geometry":{"type":"MultiPolygon","coordinates":[[[[109.312968,13.17371],[109.313393,13.174421],[109.312593,13.175871],[109.31245,13.178162],[109.313434,13.179685],[109.311937,13.180324],[109.310229,13.17968],[109.30977,13.178648],[109.309857,13.177135],[109.308492,13.17593],[109.310759,13.174559],[109.311451,13.173556],[109.312968,13.17371]]],[[[109.200576,13.21303],[109.20138,13.211697],[109.200458,13.209959],[109.200127,13.207407],[109.200789,13.205081],[109.200836,13.203952],[109.198164,13.201378],[109.194925,13.198894],[109.19029,13.198872],[109.188942,13.196298],[109.187452,13.195598],[109.187027,13.194672],[109.186814,13.192324],[109.186176,13.190427],[109.186459,13.189207],[109.185703,13.188191],[109.185726,13.186746],[109.184804,13.185685],[109.183764,13.185391],[109.182297,13.183314],[109.180737,13.182908],[109.179011,13.18144],[109.177923,13.18144],[109.176362,13.179746],[109.174163,13.180175],[109.172224,13.178843],[109.171396,13.177466],[109.169221,13.17794],[109.168464,13.176924],[109.166099,13.176246],[109.163735,13.176201],[109.160661,13.177082],[109.158178,13.173876],[109.157847,13.172272],[109.158225,13.171279],[109.157114,13.170285],[109.156901,13.169224],[109.155931,13.168795],[109.153117,13.169879],[109.150729,13.169156],[109.147821,13.169518],[109.146473,13.168795],[109.145409,13.168705],[109.146686,13.168434],[109.147182,13.167305],[109.146757,13.165656],[109.147915,13.16586],[109.148601,13.160192],[109.150516,13.158499],[109.151935,13.156579],[109.153874,13.157257],[109.154986,13.155405],[109.155246,13.150483],[109.15605,13.14845],[109.157539,13.14766],[109.158036,13.146463],[109.159455,13.144454],[109.16111,13.143076],[109.168701,13.143167],[109.176197,13.14337],[109.178325,13.153621],[109.179933,13.154592],[109.18173,13.158228],[109.183007,13.166266],[109.184355,13.166898],[109.186554,13.168434],[109.188824,13.168298],[109.192371,13.16674],[109.196013,13.166831],[109.199654,13.164685],[109.200718,13.164415],[109.204596,13.162518],[109.206299,13.161208],[109.209468,13.157302],[109.20987,13.156331],[109.211879,13.154908],[109.21396,13.154095],[109.215332,13.154028],[109.218737,13.15475],[109.221173,13.155857],[109.223277,13.157528],[109.224152,13.156986],[109.227486,13.156534],[109.23056,13.154818],[109.231932,13.15326],[109.232523,13.153215],[109.236188,13.154118],[109.237465,13.155315],[109.239641,13.156331],[109.24113,13.15755],[109.242951,13.159515],[109.242289,13.160847],[109.242242,13.161976],[109.24113,13.163286],[109.24359,13.16385],[109.244181,13.164256],[109.244725,13.166695],[109.244843,13.172543],[109.245316,13.173695],[109.246025,13.174034],[109.247089,13.173379],[109.250471,13.173672],[109.251606,13.167802],[109.253427,13.167734],[109.25468,13.16884],[109.260923,13.171753],[109.262554,13.172747],[109.264895,13.172227],[109.265557,13.17146],[109.267757,13.171934],[109.268821,13.170827],[109.27206,13.170195],[109.274307,13.168976],[109.276671,13.16875],[109.276482,13.170918],[109.277263,13.171798],[109.278067,13.174553],[109.281164,13.176924],[109.281164,13.178482],[109.282488,13.179204],[109.283222,13.178572],[109.285633,13.177376],[109.286154,13.179814],[109.287454,13.179069],[109.288944,13.177421],[109.290552,13.176653],[109.290599,13.176021],[109.292538,13.17584],[109.293319,13.175185],[109.29339,13.173627],[109.294885,13.171603],[109.295828,13.174504],[109.296892,13.178927],[109.298571,13.18242],[109.301052,13.186419],[109.302085,13.187539],[109.304989,13.186795],[109.305363,13.187985],[109.304574,13.188969],[109.303479,13.18919],[109.302532,13.190219],[109.301082,13.192425],[109.30101,13.193548],[109.298877,13.195019],[109.297377,13.199156],[109.295828,13.202848],[109.294766,13.20611],[109.293481,13.210728],[109.293114,13.215041],[109.293167,13.216867],[109.293744,13.218346],[109.294811,13.218812],[109.293366,13.220142],[109.288518,13.222378],[109.287596,13.224026],[109.286272,13.224591],[109.282228,13.225268],[109.278705,13.224003],[109.269365,13.221113],[109.266811,13.215604],[109.264068,13.212194],[109.261821,13.212126],[109.259717,13.210772],[109.259267,13.209462],[109.256761,13.206955],[109.255271,13.205849],[109.253143,13.205397],[109.253096,13.206685],[109.250944,13.206188],[109.24664,13.207114],[109.245812,13.206368],[109.242762,13.204991],[109.238766,13.206617],[109.235573,13.209191],[109.234462,13.209281],[109.233493,13.208717],[109.231364,13.206436],[109.229307,13.204743],[109.22881,13.20402],[109.225831,13.203252],[109.225051,13.202372],[109.225287,13.201152],[109.225051,13.198036],[109.222189,13.197743],[109.217531,13.196885],[109.216278,13.196027],[109.214528,13.198669],[109.213582,13.19824],[109.212329,13.199188],[109.210886,13.198894],[109.208522,13.200204],[109.208616,13.201807],[109.209326,13.202756],[109.207907,13.205556],[109.207339,13.207881],[109.206346,13.210749],[109.205519,13.211133],[109.204218,13.212488],[109.203485,13.213797],[109.201711,13.212939],[109.200576,13.21303]]]]},"properties":{"@id":"relation/19392100","admin_level":"6","boundary":"administrative","name":"Xã Tuy An Nam","type":"boundary"},"id":"relation/19392100"},
{"type":"Feature","geometry":{"type":"Polygon","coordinates":[[[109.284976,13.313394],[109.283639,13.317326],[109.283013,13.320046],[109.282651,13.322989],[109.282837,13.32687],[109.283457,13.329715],[109.285162,13.333238],[109.28667,13.335079],[109.288786,13.33654],[109.292442,13.335639],[109.293184,13.33399],[109.298034,13.333127],[109.299295,13.334531],[109.299614,13.335961],[109.298156,13.33728],[109.298577,13.339687],[109.299015,13.34068],[109.297841,13.342221],[109.295177,13.342152],[109.295107,13.343939],[109.291589,13.346878],[109.290801,13.350142],[109.290879,13.352405],[109.291482,13.353573],[109.295144,13.354838],[109.295795,13.354574],[109.296813,13.355671],[109.296911,13.356754],[109.295586,13.358927],[109.294064,13.361897],[109.294922,13.363366],[109.294261,13.364438],[109.293113,13.363972],[109.292225,13.365418],[109.291106,13.365591],[109.287788,13.365555],[109.286846,13.364359],[109.285931,13.364583],[109.283801,13.363462],[109.282695,13.364199],[109.281348,13.364397],[109.280633,13.363724],[109.279562,13.363739],[109.277853,13.364727],[109.276122,13.365127],[109.276222,13.366022],[109.273421,13.364684],[109.271894,13.365044],[109.269859,13.364688],[109.269548,13.363961],[109.269825,13.362122],[109.270553,13.360702],[109.270034,13.359866],[109.267916,13.358403],[109.266123,13.357654],[109.264721,13.356296],[109.260225,13.357598],[109.257276,13.35888],[109.254717,13.360785],[109.252363,13.358649],[109.250069,13.362668],[109.249028,13.363345],[109.245221,13.364271],[109.243566,13.364271],[109.241556,13.363775],[109.239026,13.360433],[109.23756,13.359326],[109.236283,13.35892],[109.234486,13.3577],[109.234367,13.356504],[109.235053,13.355917],[109.234202,13.353072],[109.231932,13.351626],[109.2303,13.351175],[109.227723,13.34982],[109.226659,13.348149],[109.226611,13.345101],[109.225973,13.34413],[109.224247,13.342481],[109.222024,13.341352],[109.220534,13.339659],[109.219943,13.33774],[109.219754,13.335007],[109.215947,13.328933],[109.214268,13.327443],[109.216609,13.325095],[109.21798,13.320714],[109.21824,13.318388],[109.21921,13.316672],[109.220676,13.315521],[109.222024,13.314008],[109.222922,13.310056],[109.224341,13.30685],[109.225949,13.307527],[109.230939,13.308995],[109.233469,13.308453],[109.234911,13.307279],[109.235597,13.307279],[109.237512,13.309266],[109.238577,13.309424],[109.24035,13.308566],[109.241485,13.308521],[109.2421,13.310079],[109.244275,13.310214],[109.246522,13.311953],[109.25066,13.310485],[109.253356,13.309131],[109.255129,13.309131],[109.255768,13.310147],[109.258274,13.309831],[109.259551,13.309221],[109.261443,13.307685],[109.264635,13.306127],[109.267189,13.300211],[109.266787,13.29827],[109.267733,13.296666],[109.26778,13.295447],[109.278894,13.294747],[109.279509,13.293234],[109.281259,13.292805],[109.283245,13.289283],[109.286272,13.284247],[109.288447,13.283389],[109.290481,13.28427],[109.291994,13.287679],[109.290032,13.291021],[109.289961,13.292195],[109.288589,13.293595],[109.287643,13.296305],[109.286839,13.297615],[109.286792,13.298811],[109.285799,13.302447],[109.283907,13.306105],[109.283222,13.309853],[109.282347,13.312269],[109.284976,13.313394]]]},"properties":{"@id":"relation/19392101","admin_level":"6","boundary":"administrative","name":"Xã Tuy An Đông","type":"boundary"},"id":"relation/19392101"},
{"type":"Feature","geometry":{"type":"Polygon","coordinates":[[[109.188989,13.357407],[109.189675,13.354901],[109.190621,13.354381],[109.190716,13.352846],[109.191591,13.351965],[109.191165,13.350475],[109.189415,13.348556],[109.188067,13.347562],[109.185774,13.346388],[109.183503,13.342888],[109.18173,13.34063],[109.181801,13.339772],[109.180831,13.339456],[109.179082,13.337559],[109.178372,13.337198],[109.17648,13.334624],[109.175937,13.333088],[109.175984,13.331982],[109.176811,13.329453],[109.176244,13.327466],[109.174305,13.327601],[109.173288,13.326991],[109.174116,13.325908],[109.176055,13.325208],[109.178467,13.324688],[109.178916,13.324169],[109.177119,13.32173],[109.1757,13.322814],[109.175345,13.321527],[109.173643,13.32155],[109.171467,13.320466],[109.170427,13.320443],[109.169008,13.321279],[109.16863,13.323175],[109.167968,13.32435],[109.16636,13.323875],[109.163711,13.323988],[109.163948,13.324733],[109.162411,13.325298],[109.161205,13.32505],[109.159691,13.324101],[109.156523,13.322746],[109.155033,13.323243],[109.152786,13.322385],[109.154182,13.321775],[109.155033,13.320917],[109.156121,13.31875],[109.157705,13.317259],[109.159431,13.31455],[109.160637,13.313105],[109.161985,13.312089],[109.162623,13.310621],[109.167164,13.306602],[109.168441,13.307279],[109.170025,13.305969],[109.171467,13.305744],[109.172957,13.306037],[109.172862,13.305021],[109.174967,13.304569],[109.176244,13.298586],[109.18095,13.299376],[109.182463,13.299195],[109.183291,13.298044],[109.18627,13.29757],[109.187784,13.295853],[109.187878,13.293008],[109.190692,13.291563],[109.190739,13.290863],[109.189935,13.28935],[109.187854,13.287296],[109.186909,13.287047],[109.185348,13.284992],[109.183527,13.284428],[109.183243,13.283773],[109.184237,13.281944],[109.183503,13.280296],[109.182865,13.280747],[109.181139,13.279799],[109.182203,13.276751],[109.183953,13.274696],[109.184449,13.275599],[109.185372,13.275802],[109.188327,13.273883],[109.189391,13.271783],[109.190006,13.272122],[109.191401,13.275012],[109.190385,13.27578],[109.191709,13.276435],[109.194074,13.276435],[109.196107,13.276028],[109.198188,13.277089],[109.198732,13.278693],[109.200032,13.279009],[109.200907,13.280228],[109.202775,13.276976],[109.205566,13.271106],[109.206157,13.27027],[109.20689,13.267899],[109.208687,13.266748],[109.210271,13.268193],[109.212589,13.268057],[109.215024,13.26537],[109.21616,13.26659],[109.218193,13.266973],[109.219234,13.268915],[109.220842,13.270744],[109.220298,13.272483],[109.219707,13.275689],[109.218761,13.27657],[109.222733,13.278218],[109.225571,13.277518],[109.227108,13.278783],[109.228952,13.279664],[109.228527,13.283118],[109.228929,13.284405],[109.230371,13.286912],[109.232405,13.288921],[109.234013,13.293234],[109.234486,13.29495],[109.233114,13.296192],[109.232523,13.297592],[109.231246,13.297931],[109.229709,13.299715],[109.229165,13.301069],[109.230182,13.302673],[109.230324,13.303553],[109.226919,13.304366],[109.224341,13.30685],[109.222922,13.310056],[109.222024,13.314008],[109.220676,13.315521],[109.21921,13.316672],[109.21824,13.318388],[109.21798,13.320714],[109.216609,13.325095],[109.214268,13.327443],[109.215947,13.328933],[109.219754,13.335007],[109.219943,13.33774],[109.220534,13.339659],[109.222024,13.341352],[109.224247,13.342481],[109.225973,13.34413],[109.226611,13.345101],[109.226659,13.348149],[109.227723,13.34982],[109.2303,13.351175],[109.231932,13.351626],[109.234202,13.353072],[109.235053,13.355917],[109.234367,13.356504],[109.234486,13.3577],[109.236283,13.35892],[109.23756,13.359326],[109.239026,13.360433],[109.241556,13.363775],[109.240705,13.363504],[109.237773,13.361629],[109.235408,13.361133],[109.232925,13.361065],[109.232665,13.363458],[109.232026,13.364791],[109.231601,13.366891],[109.230253,13.366529],[109.229827,13.365897],[109.228196,13.365604],[109.227297,13.366462],[109.22628,13.365491],[109.224034,13.364813],[109.223561,13.363707],[109.222142,13.363165],[109.220747,13.363075],[109.219636,13.364045],[109.218808,13.364136],[109.218075,13.3654],[109.218761,13.365716],[109.21921,13.367523],[109.218075,13.368607],[109.219257,13.369284],[109.218288,13.370232],[109.217247,13.370345],[109.215545,13.372378],[109.21415,13.373529],[109.2137,13.372671],[109.211619,13.372694],[109.211761,13.371542],[109.21039,13.371903],[109.208711,13.371113],[109.208947,13.370594],[109.20786,13.369307],[109.206866,13.369668],[109.205991,13.368336],[109.206157,13.367568],[109.200411,13.368426],[109.197621,13.367997],[109.196391,13.366574],[109.195847,13.365445],[109.197195,13.365491],[109.196958,13.36452],[109.198992,13.362307],[109.199914,13.36172],[109.199158,13.360455],[109.199276,13.359213],[109.198164,13.358265],[109.197148,13.358107],[109.195114,13.359462],[109.190881,13.358784],[109.190456,13.360297],[109.189344,13.360026],[109.188989,13.357407]]]},"properties":{"@id":"relation/19392102","admin_level":"6","boundary":"administrative","name":"Xã Tuy An Bắc","type":"boundary"},"id":"relation/19392102"},
{"type":"Feature","geometry":{"type":"Polygon","coordinates":[[[108.840685,13.167126],[108.84065,13.168682],[108.841785,13.169201],[108.84337,13.169066],[108.84389,13.170263],[108.846184,13.172724],[108.847106,13.17313],[108.850203,13.17374],[108.851031,13.172769],[108.852213,13.172656],[108.852994,13.171347],[108.854531,13.170421],[108.856494,13.171414],[108.857841,13.17146],[108.859118,13.173356],[108.860206,13.173605],[108.861246,13.173085],[108.862003,13.17383],[108.863304,13.172792],[108.865314,13.172498],[108.866236,13.17015],[108.869074,13.170466],[108.871036,13.169156],[108.873235,13.166853],[108.875647,13.167982],[108.876711,13.169247],[108.880424,13.172001],[108.880968,13.173108],[108.883687,13.17453],[108.885082,13.173785],[108.885697,13.173966],[108.887258,13.175569],[108.888653,13.175547],[108.889623,13.176246],[108.890001,13.178369],[108.891869,13.179272],[108.893477,13.17873],[108.895321,13.179972],[108.896693,13.177827],[108.898656,13.179859],[108.899885,13.179543],[108.90102,13.180582],[108.903479,13.181756],[108.905939,13.18214],[108.908516,13.18153],[108.910384,13.182546],[108.910621,13.183856],[108.911969,13.184104],[108.914546,13.185888],[108.916225,13.187288],[108.918803,13.188146],[108.920552,13.187243],[108.921971,13.187108],[108.922752,13.185053],[108.921948,13.184443],[108.921333,13.183201],[108.918873,13.179656],[108.919157,13.179046],[108.923177,13.17724],[108.924005,13.176653],[108.928852,13.17505],[108.930484,13.174237],[108.931146,13.17724],[108.932352,13.177285],[108.935521,13.176811],[108.937412,13.17715],[108.938618,13.176743],[108.940416,13.176834],[108.942804,13.176608],[108.943324,13.177263],[108.945807,13.178166],[108.947391,13.177534],[108.949803,13.179069],[108.953587,13.177285],[108.955502,13.179114],[108.955479,13.179927],[108.956992,13.180808],[108.957772,13.179159],[108.959144,13.178505],[108.959853,13.176946],[108.960988,13.17855],[108.962147,13.179408],[108.963542,13.179543],[108.964819,13.178459],[108.965339,13.17654],[108.966687,13.177985],[108.968366,13.178392],[108.968839,13.179204],[108.970305,13.179543],[108.970896,13.178346],[108.970258,13.176427],[108.971133,13.174576],[108.973332,13.17383],[108.974207,13.17313],[108.976382,13.173447],[108.97773,13.172137],[108.978179,13.170037],[108.979929,13.17015],[108.980591,13.170985],[108.982388,13.170669],[108.984138,13.169472],[108.984304,13.168072],[108.985557,13.165882],[108.98707,13.165476],[108.990168,13.164166],[108.991067,13.162834],[108.992438,13.162134],[108.995465,13.162811],[108.996269,13.162744],[108.997735,13.161705],[108.999958,13.162495],[109.001022,13.162315],[109.00211,13.162947],[109.002654,13.164482],[109.00438,13.163669],[109.005326,13.164482],[109.006934,13.164211],[109.009558,13.165769],[109.010788,13.164347],[109.010954,13.162744],[109.01294,13.163534],[109.015115,13.164708],[109.015801,13.166424],[109.01774,13.165611],[109.019797,13.166447],[109.020767,13.165927],[109.023439,13.165905],[109.023557,13.166469],[109.026395,13.165837],[109.028121,13.166582],[109.029043,13.166221],[109.030817,13.16744],[109.031928,13.169653],[109.033678,13.170963],[109.035097,13.172611],[109.037485,13.174147],[109.033962,13.176269],[109.030297,13.175072],[109.028523,13.176088],[109.026277,13.17873],[109.023699,13.180921],[109.022541,13.182433],[109.021524,13.184804],[109.020885,13.187017],[109.020743,13.189591],[109.021358,13.189907],[109.021382,13.191353],[109.022328,13.193724],[109.023084,13.194424],[109.024385,13.194717],[109.026135,13.196885],[109.02474,13.197449],[109.025189,13.198736],[109.024314,13.201401],[109.024361,13.202078],[109.023155,13.205036],[109.022682,13.208626],[109.023439,13.208807],[109.024811,13.207655],[109.02675,13.209484],[109.026206,13.211833],[109.025638,13.212736],[109.025993,13.214768],[109.025449,13.216575],[109.026442,13.219171],[109.026324,13.220729],[109.024882,13.221542],[109.024669,13.223597],[109.022446,13.224297],[109.021666,13.225291],[109.021713,13.22721],[109.021098,13.228226],[109.01871,13.229919],[109.018119,13.231139],[109.016345,13.233261],[109.016463,13.234503],[109.018308,13.235655],[109.019112,13.236558],[109.02046,13.241074],[109.020909,13.243151],[109.020909,13.245455],[109.020223,13.246877],[109.01819,13.249722],[109.01845,13.251145],[109.017882,13.252116],[109.017835,13.255345],[109.018781,13.256677],[109.018923,13.258619],[109.01975,13.260403],[109.019845,13.261487],[109.018852,13.262367],[109.016889,13.262841],[109.016558,13.263857],[109.01696,13.265415],[109.018804,13.268193],[109.018568,13.269954],[109.016392,13.271512],[109.015659,13.272686],[109.014666,13.273364],[109.014997,13.275125],[109.014099,13.27718],[109.012136,13.278828],[109.011947,13.281154],[109.010481,13.285986],[109.009156,13.286912],[109.008542,13.288108],[109.007336,13.28935],[109.006413,13.291586],[109.005302,13.292331],[109.003245,13.292602],[109.003458,13.294137],[109.003387,13.296734],[109.002299,13.298563],[109.002228,13.299624],[109.001471,13.302018],[108.999627,13.303915],[108.997428,13.305269],[108.997475,13.306398],[108.996056,13.308453],[108.995441,13.310327],[108.993148,13.312766],[108.990665,13.317327],[108.990901,13.31893],[108.991871,13.319269],[108.989199,13.322498],[108.988868,13.323943],[108.988276,13.324033],[108.987969,13.326608],[108.987,13.326811],[108.985794,13.327917],[108.985061,13.329769],[108.982223,13.329769],[108.980899,13.32873],[108.979504,13.326833],[108.978345,13.327127],[108.977115,13.328888],[108.976264,13.329137],[108.975011,13.330446],[108.97397,13.329543],[108.971866,13.328956],[108.969785,13.330559],[108.968271,13.330062],[108.966616,13.327285],[108.96593,13.32663],[108.96489,13.326811],[108.963329,13.327759],[108.9599,13.326721],[108.960894,13.325253],[108.960066,13.323379],[108.958434,13.322092],[108.957016,13.321414],[108.955549,13.321753],[108.955171,13.320805],[108.954273,13.320353],[108.953208,13.320782],[108.952877,13.319585],[108.952168,13.319382],[108.951104,13.320466],[108.94829,13.319766],[108.945571,13.318479],[108.943915,13.316379],[108.942307,13.315905],[108.942189,13.314527],[108.940179,13.313421],[108.937176,13.312766],[108.935899,13.313872],[108.934622,13.313963],[108.932612,13.315453],[108.930933,13.315724],[108.92916,13.316943],[108.927055,13.32033],[108.92689,13.321392],[108.92566,13.322588],[108.925542,13.324304],[108.924289,13.325208],[108.922846,13.325366],[108.922113,13.326179],[108.917407,13.328956],[108.915374,13.328888],[108.913624,13.330988],[108.910313,13.332456],[108.90783,13.332772],[108.905064,13.335075],[108.903858,13.336656],[108.901966,13.338575],[108.90024,13.339049],[108.899152,13.340246],[108.897379,13.341398],[108.895298,13.341759],[108.891514,13.344062],[108.890899,13.345078],[108.890734,13.346794],[108.890001,13.349233],[108.888653,13.350249],[108.888204,13.351581],[108.889031,13.354313],[108.88993,13.355036],[108.890403,13.357994],[108.891467,13.359055],[108.889102,13.360839],[108.886525,13.361426],[108.886809,13.362013],[108.885768,13.364204],[108.880873,13.365174],[108.879667,13.367297],[108.878201,13.369081],[108.876735,13.370368],[108.876097,13.371768],[108.874583,13.372829],[108.874394,13.374026],[108.871438,13.375426],[108.868766,13.374613],[108.866874,13.373597],[108.863327,13.373078],[108.861648,13.374003],[108.858031,13.371587],[108.857368,13.37021],[108.855855,13.369487],[108.855524,13.367884],[108.853656,13.36732],[108.85096,13.369013],[108.849683,13.36811],[108.849423,13.369352],[108.848714,13.37012],[108.847342,13.373032],[108.8459,13.37371],[108.844978,13.373597],[108.842944,13.372603],[108.840579,13.371068],[108.839326,13.370797],[108.837576,13.372694],[108.835826,13.373755],[108.835732,13.375065],[108.835164,13.375945],[108.834242,13.375923],[108.833604,13.37739],[108.832681,13.377932],[108.834029,13.379219],[108.83287,13.381523],[108.830931,13.381523],[108.828851,13.382335],[108.828945,13.384142],[108.827503,13.385406],[108.827384,13.386874],[108.826226,13.388838],[108.826155,13.390035],[108.824949,13.391006],[108.824949,13.391842],[108.822348,13.393851],[108.821875,13.395771],[108.8223,13.39708],[108.819439,13.399045],[108.817429,13.398277],[108.815632,13.398706],[108.813031,13.397825],[108.809224,13.398006],[108.807234,13.39996],[108.807391,13.397325],[108.807191,13.39513],[108.807665,13.393619],[108.806994,13.393368],[108.804305,13.390937],[108.804958,13.389501],[108.805011,13.384964],[108.805299,13.383486],[108.804937,13.380792],[108.805211,13.379449],[108.805917,13.378623],[108.806859,13.376601],[108.807114,13.373154],[108.806543,13.370079],[108.806378,13.36768],[108.80665,13.366533],[108.808253,13.364443],[108.809658,13.362192],[108.810173,13.360423],[108.809958,13.359381],[108.808904,13.357329],[108.810252,13.354479],[108.814706,13.353787],[108.814733,13.350766],[108.816888,13.349733],[108.818153,13.347737],[108.819291,13.347454],[108.820412,13.34624],[108.821691,13.344086],[108.824718,13.344144],[108.82595,13.342007],[108.827362,13.340404],[108.82748,13.336629],[108.831287,13.33294],[108.831992,13.331612],[108.833504,13.331618],[108.834272,13.329963],[108.835999,13.328893],[108.83769,13.327084],[108.838198,13.325964],[108.839319,13.324878],[108.840668,13.322903],[108.840977,13.32199],[108.840887,13.320181],[108.840423,13.318911],[108.843528,13.315775],[108.843931,13.314008],[108.84558,13.31135],[108.846062,13.310175],[108.846498,13.307479],[108.848249,13.305821],[108.848952,13.304522],[108.850022,13.30154],[108.850909,13.299623],[108.854238,13.293981],[108.856371,13.293644],[108.857269,13.293207],[108.859332,13.29153],[108.859668,13.28844],[108.860222,13.286747],[108.861192,13.28662],[108.864142,13.288255],[108.866612,13.288738],[108.868485,13.288438],[108.869028,13.287184],[108.871717,13.283387],[108.873318,13.279684],[108.871721,13.277798],[108.871422,13.273989],[108.871385,13.271076],[108.871064,13.269472],[108.871431,13.268204],[108.869865,13.266428],[108.868217,13.261949],[108.868517,13.260859],[108.87028,13.257915],[108.871058,13.254006],[108.870463,13.246649],[108.867893,13.238774],[108.866241,13.23407],[108.864186,13.227732],[108.863525,13.226026],[108.861996,13.225374],[108.860035,13.223813],[108.856652,13.223566],[108.855282,13.221561],[108.855148,13.219428],[108.85377,13.218379],[108.852048,13.218392],[108.85035,13.217729],[108.84971,13.216958],[108.849855,13.21606],[108.851249,13.213896],[108.851709,13.209873],[108.850228,13.207331],[108.848468,13.206017],[108.847742,13.20406],[108.848191,13.201751],[108.84929,13.200311],[108.851785,13.198591],[108.854338,13.195986],[108.855198,13.193795],[108.854596,13.192525],[108.853208,13.191832],[108.851335,13.191752],[108.84992,13.191156],[108.849095,13.19025],[108.848872,13.188918],[108.849899,13.185765],[108.850132,13.181998],[108.849396,13.179788],[108.848343,13.179564],[108.846648,13.182554],[108.845546,13.18225],[108.844484,13.18095],[108.844288,13.180075],[108.844729,13.17711],[108.844431,13.175825],[108.842616,13.173324],[108.840865,13.172487],[108.838982,13.170813],[108.83904,13.169009],[108.840685,13.167126]]]},"properties":{"@id":"relation/19392103","admin_level":"6","boundary":"administrative","name":"Xã Tây Sơn","type":"boundary"},"id":"relation/19392103"},
{"type":"Feature","geometry":{"type":"Polygon","coordinates":[[[109.273716,13.036475],[109.27206,13.035369],[109.269294,13.033043],[109.266953,13.031937],[109.253379,13.022769],[109.251795,13.022024],[109.250282,13.020286],[109.248839,13.019224],[109.247042,13.018998],[109.24489,13.019179],[109.242407,13.019676],[109.238624,13.021031],[109.233729,13.022182],[109.231483,13.022002],[109.229638,13.021369],[109.22628,13.019089],[109.224649,13.017486],[109.223537,13.016898],[109.221267,13.016379],[109.217909,13.015182],[109.214291,13.013624],[109.211359,13.011886],[109.207978,13.01017],[109.205448,13.010395],[109.202846,13.010283],[109.200269,13.010712],[109.195114,13.013308],[109.192962,13.013873],[109.191023,13.014008],[109.188611,13.013579],[109.185442,13.011615],[109.184,13.009899],[109.182841,13.006715],[109.181777,13.005879],[109.181493,12.995063],[109.182676,12.992106],[109.179791,12.989193],[109.180453,12.987319],[109.181754,12.987499],[109.182723,12.986844],[109.182558,12.985264],[109.183078,12.98357],[109.184307,12.981786],[109.183953,12.980906],[109.182487,12.979844],[109.182629,12.978896],[109.185679,12.978332],[109.189297,12.977316],[109.190668,12.97639],[109.192395,12.97569],[109.197195,12.976164],[109.198874,12.976886],[109.197999,12.978377],[109.201617,12.979709],[109.203911,12.979709],[109.204738,12.980228],[109.206677,12.979122],[109.209231,12.979732],[109.210863,12.978535],[109.213748,12.977338],[109.213866,12.975825],[109.214386,12.976841],[109.21422,12.978128],[109.212187,12.980657],[109.211572,12.982509],[109.212045,12.983141],[109.211927,12.986054],[109.212754,12.98558],[109.213322,12.986912],[109.212518,12.988064],[109.213511,12.98917],[109.21571,12.989125],[109.215876,12.989644],[109.219612,12.988944],[109.219659,12.990389],[109.221031,12.990164],[109.224885,12.990073],[109.224814,12.987996],[109.227865,12.987815],[109.23101,12.987409],[109.234509,12.989418],[109.236094,12.987996],[109.236992,12.989238],[109.238837,12.98777],[109.240397,12.98707],[109.243968,12.984564],[109.245812,12.983841],[109.249052,12.981222],[109.249714,12.981606],[109.251133,12.98348],[109.252221,12.982599],[109.252717,12.979574],[109.253521,12.979438],[109.253663,12.978174],[109.254656,12.976706],[109.255815,12.976886],[109.256619,12.977835],[109.25844,12.978332],[109.259433,12.976457],[109.259078,12.975848],[109.259859,12.974561],[109.260686,12.974087],[109.260686,12.971987],[109.264753,12.970925],[109.265014,12.972167],[109.26577,12.972348],[109.267496,12.971287],[109.267213,12.968848],[109.266787,12.968035],[109.265463,12.967245],[109.264872,12.966003],[109.265841,12.964422],[109.266787,12.964016],[109.267426,12.963],[109.267757,12.961193],[109.267851,12.954193],[109.268111,12.951506],[109.270239,12.950919],[109.271658,12.949994],[109.273077,12.950242],[109.273266,12.946539],[109.271942,12.946223],[109.270807,12.943626],[109.26849,12.944778],[109.267165,12.9441],[109.266953,12.942361],[109.264541,12.943016],[109.263618,12.940916],[109.263429,12.935655],[109.264612,12.935723],[109.265203,12.93272],[109.266905,12.93132],[109.267426,12.929829],[109.268584,12.929152],[109.271067,12.929604],[109.271138,12.928136],[109.272391,12.927978],[109.273053,12.92852],[109.275915,12.92712],[109.279083,12.927459],[109.280597,12.926962],[109.281448,12.927617],[109.283222,12.928068],[109.283931,12.929559],[109.284664,12.930146],[109.288116,12.930417],[109.289724,12.929626],[109.290552,12.928091],[109.2919,12.926871],[109.292751,12.926601],[109.295683,12.928181],[109.298119,12.927888],[109.300413,12.929039],[109.3015,12.929468],[109.303983,12.933104],[109.306986,12.936355],[109.306632,12.938026],[109.307317,12.938433],[109.309138,12.940713],[109.308429,12.942971],[109.307696,12.943039],[109.306372,12.945094],[109.305047,12.945748],[109.303321,12.947736],[109.301973,12.947803],[109.299892,12.946381],[109.299774,12.944394],[109.298426,12.944281],[109.297362,12.944913],[109.295802,12.94419],[109.293933,12.9427],[109.288755,12.940781],[109.283458,12.937439],[109.282181,12.937597],[109.281661,12.939291],[109.28088,12.940171],[109.279485,12.943671],[109.278114,12.943987],[109.276931,12.94471],[109.275749,12.948232],[109.275655,12.949903],[109.274969,12.952906],[109.275844,12.954939],[109.274685,12.958845],[109.273999,12.960606],[109.274023,12.962232],[109.273243,12.966071],[109.273928,12.966522],[109.273124,12.967629],[109.272108,12.972258],[109.273645,12.973387],[109.276269,12.976187],[109.27608,12.97788],[109.273763,12.978941],[109.273503,12.979686],[109.273857,12.981493],[109.273361,12.984293],[109.27433,12.98488],[109.276482,12.984699],[109.276908,12.988109],[109.277475,12.989102],[109.276435,12.990796],[109.277996,12.993212],[109.278327,12.995244],[109.277404,12.997976],[109.275536,13.002402],[109.279131,13.00335],[109.279887,13.003734],[109.281472,13.00195],[109.283245,13.004186],[109.283789,13.00396],[109.284759,13.005089],[109.290339,13.006602],[109.291498,13.005879],[109.291545,13.009221],[109.291167,13.010779],[109.292467,13.010734],[109.292586,13.012947],[109.291096,13.012473],[109.290434,13.012834],[109.290457,13.02146],[109.290292,13.024124],[109.291214,13.02435],[109.290978,13.026269],[109.28892,13.02636],[109.288471,13.026947],[109.289275,13.02794],[109.288069,13.03065],[109.2884,13.033156],[109.286981,13.034895],[109.285941,13.035392],[109.285373,13.037514],[109.284286,13.039975],[109.279887,13.046478],[109.277925,13.041917],[109.276151,13.040472],[109.275205,13.040133],[109.275276,13.037853],[109.273716,13.036475]]]},"properties":{"@id":"relation/19392104","admin_level":"6","boundary":"administrative","name":"Xã Tây Hòa","type":"boundary"},"id":"relation/19392104"},
{"type":"Feature","geometry":{"type":"Polygon","coordinates":[[[108.892536,13.0143],[108.895361,13.014985],[108.898118,13.015894],[108.90285,13.018078],[108.905319,13.01958],[108.908051,13.021686],[108.909486,13.023842],[108.910198,13.025519],[108.911608,13.026676],[108.914549,13.027136],[108.916829,13.027282],[108.919154,13.02864],[108.91983,13.029517],[108.919902,13.031031],[108.917974,13.035259],[108.917881,13.037751],[108.916693,13.041692],[108.915347,13.044695],[108.913519,13.047526],[108.912914,13.04931],[108.914625,13.05319],[108.916287,13.055578],[108.916939,13.057551],[108.916853,13.058693],[108.917551,13.059781],[108.918664,13.060259],[108.919194,13.063711],[108.91931,13.065802],[108.91985,13.067323],[108.920725,13.068605],[108.92291,13.070209],[108.921475,13.071384],[108.920079,13.073913],[108.920812,13.075404],[108.922066,13.076217],[108.923106,13.077526],[108.923035,13.079852],[108.924265,13.08141],[108.92514,13.083352],[108.924785,13.083894],[108.92618,13.084865],[108.925447,13.085452],[108.926157,13.086716],[108.927623,13.088184],[108.928379,13.087755],[108.929136,13.088794],[108.930815,13.089178],[108.931477,13.090442],[108.931312,13.091571],[108.929893,13.091819],[108.928663,13.093016],[108.927481,13.093581],[108.926015,13.096652],[108.92462,13.097532],[108.922089,13.096945],[108.919985,13.097893],[108.917549,13.097668],[108.917597,13.09961],[108.915421,13.09988],[108.913955,13.100513],[108.912158,13.1018],[108.911259,13.102003],[108.910479,13.103922],[108.911448,13.106903],[108.911212,13.107535],[108.909817,13.108325],[108.908232,13.108551],[108.907476,13.109274],[108.90757,13.111351],[108.907287,13.112638],[108.906459,13.113135],[108.905631,13.114512],[108.904236,13.113993],[108.90329,13.113203],[108.900736,13.113519],[108.899247,13.112683],[108.898348,13.112593],[108.896906,13.113993],[108.896882,13.115506],[108.894801,13.116748],[108.894565,13.118509],[108.895038,13.120045],[108.894896,13.122844],[108.896078,13.124086],[108.896433,13.12508],[108.89771,13.126028],[108.898537,13.127993],[108.90076,13.12928],[108.902534,13.131809],[108.903172,13.132193],[108.901966,13.133615],[108.901044,13.133389],[108.898159,13.136099],[108.897071,13.136889],[108.89674,13.137725],[108.897639,13.139283],[108.897615,13.140863],[108.898916,13.141631],[108.897733,13.144454],[108.897686,13.145334],[108.898632,13.14687],[108.898892,13.148473],[108.895865,13.150347],[108.895085,13.148292],[108.893619,13.147818],[108.891491,13.147999],[108.890214,13.148518],[108.886052,13.151476],[108.886619,13.152199],[108.887849,13.154863],[108.887518,13.156308],[108.886383,13.156963],[108.885626,13.155857],[108.883734,13.158792],[108.881937,13.157753],[108.874843,13.157302],[108.874347,13.156895],[108.873046,13.157776],[108.874962,13.15825],[108.876853,13.159989],[108.877515,13.162156],[108.878769,13.162337],[108.878225,13.163737],[108.876617,13.164753],[108.875529,13.164979],[108.873235,13.166853],[108.871036,13.169156],[108.869074,13.170466],[108.866236,13.17015],[108.865314,13.172498],[108.863304,13.172792],[108.862003,13.17383],[108.861246,13.173085],[108.860206,13.173605],[108.859118,13.173356],[108.857841,13.17146],[108.856494,13.171414],[108.854531,13.170421],[108.852994,13.171347],[108.852213,13.172656],[108.851031,13.172769],[108.850203,13.17374],[108.847106,13.17313],[108.846184,13.172724],[108.84389,13.170263],[108.84337,13.169066],[108.841785,13.169201],[108.84065,13.168682],[108.840685,13.167126],[108.842022,13.166315],[108.842658,13.165242],[108.842387,13.164577],[108.839562,13.162392],[108.837459,13.161689],[108.835492,13.162188],[108.834077,13.162868],[108.833035,13.164388],[108.8305,13.165374],[108.829444,13.165187],[108.827224,13.164027],[108.82563,13.162027],[108.825456,13.160317],[108.824774,13.158177],[108.824844,13.155745],[108.824321,13.153823],[108.822691,13.153669],[108.821125,13.156398],[108.820149,13.157176],[108.817595,13.157578],[108.815864,13.158864],[108.814671,13.15917],[108.813531,13.158917],[108.810373,13.155118],[108.809121,13.154901],[108.808135,13.154121],[108.807147,13.15249],[108.806114,13.148345],[108.805445,13.146432],[108.804865,13.145838],[108.803789,13.146067],[108.80287,13.14771],[108.803873,13.149975],[108.803429,13.151691],[108.802297,13.151956],[108.799447,13.151894],[108.797499,13.15232],[108.79646,13.1514],[108.796753,13.149563],[108.796675,13.146084],[108.796165,13.142148],[108.795113,13.141224],[108.793846,13.141325],[108.792541,13.142565],[108.791724,13.145761],[108.791148,13.147127],[108.79052,13.147354],[108.78724,13.142161],[108.786522,13.141437],[108.783903,13.141804],[108.782226,13.143326],[108.781716,13.145236],[108.780869,13.146323],[108.779041,13.147114],[108.776755,13.146878],[108.77553,13.144867],[108.776272,13.143382],[108.777486,13.138959],[108.777335,13.137835],[108.774697,13.136074],[108.771461,13.135134],[108.767457,13.134722],[108.766177,13.134786],[108.764575,13.136182],[108.763966,13.136258],[108.762123,13.13533],[108.761525,13.133731],[108.760622,13.132833],[108.759218,13.130565],[108.758611,13.128991],[108.759124,13.125781],[108.76004,13.124743],[108.762442,13.123522],[108.764295,13.123495],[108.766064,13.124093],[108.767156,13.123925],[108.768177,13.123027],[108.768876,13.121575],[108.769034,13.119665],[108.768507,13.117107],[108.767438,13.116607],[108.766309,13.116681],[108.764557,13.118014],[108.763635,13.118092],[108.763117,13.117303],[108.761236,13.115946],[108.760024,13.115972],[108.758975,13.113231],[108.757644,13.10844],[108.7569,13.107487],[108.755804,13.102286],[108.756535,13.101478],[108.758919,13.099187],[108.761769,13.097145],[108.764764,13.095857],[108.766877,13.095563],[108.768816,13.095923],[108.772593,13.097385],[108.775919,13.098172],[108.778049,13.098235],[108.780855,13.097807],[108.783818,13.09665],[108.786071,13.095398],[108.788941,13.094389],[108.793258,13.093497],[108.797289,13.091969],[108.79979,13.090565],[108.803169,13.087934],[108.80628,13.084367],[108.808287,13.081057],[108.809476,13.078699],[108.811402,13.074054],[108.814386,13.068418],[108.815323,13.065892],[108.815839,13.063449],[108.816426,13.061825],[108.817884,13.059674],[108.819918,13.058026],[108.823535,13.056023],[108.82576,13.05448],[108.828095,13.052483],[108.830505,13.049847],[108.833412,13.046232],[108.836467,13.043407],[108.838584,13.04188],[108.843401,13.039116],[108.850411,13.035621],[108.855083,13.032657],[108.857476,13.030739],[108.862097,13.026184],[108.865604,13.022404],[108.869561,13.018881],[108.871731,13.017346],[108.874864,13.015638],[108.879319,13.014181],[108.881639,13.013804],[108.885597,13.013601],[108.887924,13.013684],[108.892536,13.0143]]]},"properties":{"@id":"relation/19392105","admin_level":"6","boundary":"administrative","name":"Xã Suối Trai","type":"boundary"},"id":"relation/19392105"},
{"type":"Feature","geometry":{"type":"MultiPolygon","coordinates":[[[[109.250358,13.448489],[109.25152,13.449126],[109.253983,13.451039],[109.253958,13.451814],[109.252608,13.452651],[109.253433,13.453538],[109.253533,13.455488],[109.252683,13.455563],[109.25182,13.454513],[109.251433,13.452351],[109.249871,13.451201],[109.249121,13.450089],[109.249208,13.448551],[109.250358,13.448489]]],[[[109.272986,13.454563],[109.274824,13.456875],[109.273799,13.459938],[109.272562,13.46115],[109.270924,13.459413],[109.271474,13.458275],[109.271849,13.455701],[109.272986,13.454563]]],[[[109.222607,13.446636],[109.223659,13.447403],[109.226118,13.455638],[109.225819,13.457402],[109.224506,13.458389],[109.224473,13.459472],[109.22819,13.465536],[109.230255,13.467854],[109.232863,13.470413],[109.233544,13.472304],[109.233279,13.474021],[109.232566,13.475908],[109.232237,13.477615],[109.230014,13.478101],[109.22912,13.479792],[109.229267,13.4807],[109.232157,13.484248],[109.233532,13.485028],[109.237751,13.48695],[109.238599,13.487556],[109.240185,13.486491],[109.241802,13.486467],[109.242952,13.487407],[109.242595,13.489533],[109.241188,13.491113],[109.24273,13.492419],[109.244062,13.492075],[109.244553,13.491457],[109.246656,13.491113],[109.247918,13.489669],[109.248388,13.488533],[109.249769,13.486784],[109.249979,13.485546],[109.251521,13.484309],[109.252082,13.482796],[109.254045,13.482796],[109.255377,13.481971],[109.257901,13.481284],[109.259653,13.480528],[109.262598,13.480803],[109.266173,13.479428],[109.26998,13.476465],[109.270541,13.47399],[109.272784,13.472478],[109.27369,13.4711],[109.274391,13.4711],[109.275373,13.469381],[109.275686,13.467495],[109.276497,13.465609],[109.2789,13.462927],[109.281013,13.461677],[109.282535,13.461912],[109.284093,13.463883],[109.287219,13.462651],[109.29008,13.460183],[109.290233,13.459592],[109.292148,13.457166],[109.292985,13.454939],[109.29346,13.452162],[109.292704,13.449588],[109.290741,13.446838],[109.289058,13.445738],[109.286955,13.445463],[109.284701,13.446554],[109.28374,13.446175],[109.283094,13.445007],[109.283107,13.443543],[109.282596,13.442941],[109.280545,13.443281],[109.279749,13.442403],[109.279549,13.440857],[109.278351,13.439437],[109.277014,13.436309],[109.277793,13.435564],[109.277354,13.434686],[109.27582,13.433818],[109.275633,13.434676],[109.274056,13.433872],[109.273685,13.433269],[109.271336,13.433004],[109.268237,13.433896],[109.267705,13.434384],[109.26546,13.434752],[109.263546,13.43385],[109.26179,13.432589],[109.261198,13.430907],[109.258708,13.42791],[109.258785,13.425996],[109.260454,13.424025],[109.266197,13.420385],[109.265483,13.419611],[109.265172,13.417268],[109.26552,13.41519],[109.267497,13.413832],[109.268005,13.412292],[109.269437,13.412188],[109.269852,13.413421],[109.271224,13.414954],[109.272971,13.415643],[109.273842,13.415011],[109.275961,13.415065],[109.277984,13.414599],[109.280131,13.414786],[109.281326,13.415389],[109.282713,13.414352],[109.28373,13.414341],[109.284837,13.415371],[109.286336,13.415495],[109.28815,13.414458],[109.288509,13.416913],[109.288991,13.41725],[109.291012,13.417016],[109.292741,13.41624],[109.29408,13.414486],[109.294566,13.412667],[109.292995,13.411571],[109.292699,13.410024],[109.2934,13.407481],[109.295282,13.405952],[109.297045,13.405625],[109.297886,13.404387],[109.30006,13.405693],[109.30006,13.406656],[109.298968,13.411665],[109.300468,13.41304],[109.301973,13.413341],[109.302268,13.415534],[109.30384,13.416352],[109.305168,13.415007],[109.308008,13.414686],[109.309364,13.413517],[109.310608,13.413299],[109.311703,13.414472],[109.311713,13.415401],[109.31002,13.41579],[109.309394,13.41816],[109.310413,13.418622],[109.311035,13.420261],[109.309788,13.420901],[109.310762,13.423295],[109.311755,13.426446],[109.311507,13.427599],[109.310633,13.42869],[109.311077,13.430402],[109.312181,13.431586],[109.311702,13.43255],[109.310475,13.43339],[109.310297,13.435099],[109.310652,13.436232],[109.310385,13.438134],[109.312454,13.43991],[109.312833,13.441469],[109.315685,13.442801],[109.317493,13.442552],[109.318802,13.442812],[109.319821,13.444269],[109.319123,13.444814],[109.319234,13.445978],[109.318477,13.447289],[109.317251,13.448312],[109.31636,13.450791],[109.315401,13.451909],[109.315547,13.456204],[109.316682,13.459652],[109.318017,13.461969],[109.319801,13.463774],[109.322113,13.465079],[109.324261,13.465326],[109.325192,13.464931],[109.325899,13.462526],[109.326515,13.461636],[109.327509,13.461951],[109.328653,13.461672],[109.330378,13.462303],[109.330607,13.464099],[109.329628,13.46483],[109.32885,13.466195],[109.32922,13.467837],[109.329989,13.469022],[109.327066,13.470598],[109.327113,13.473449],[109.324987,13.472863],[109.323833,13.473838],[109.323536,13.474876],[109.321786,13.475629],[109.321415,13.474708],[109.321952,13.473198],[109.32083,13.472591],[109.320428,13.471675],[109.318788,13.470895],[109.318607,13.469809],[109.319972,13.467513],[109.318852,13.466276],[109.316744,13.46549],[109.314229,13.464146],[109.311992,13.464055],[109.310364,13.464318],[109.305959,13.466174],[109.303293,13.467971],[109.301375,13.469676],[109.298951,13.472464],[109.295605,13.47729],[109.294833,13.479279],[109.293005,13.481803],[109.292295,13.484201],[109.291251,13.485885],[109.290739,13.487642],[109.289095,13.491289],[109.288536,13.4931],[109.287622,13.497324],[109.287547,13.50044],[109.287897,13.502428],[109.289183,13.505661],[109.290552,13.508177],[109.29279,13.510509],[109.295419,13.511994],[109.29686,13.512214],[109.298523,13.511484],[109.299929,13.508394],[109.300202,13.506803],[109.30128,13.506284],[109.302458,13.507255],[109.300946,13.507981],[109.301356,13.50854],[109.300363,13.516288],[109.301737,13.519043],[109.300096,13.519228],[109.300595,13.522424],[109.299215,13.522197],[109.298213,13.522679],[109.297698,13.524458],[109.295603,13.525204],[109.295618,13.526094],[109.29403,13.526283],[109.293569,13.527114],[109.291188,13.527492],[109.290564,13.526009],[109.290609,13.52439],[109.291273,13.523567],[109.293085,13.523604],[109.294055,13.521437],[109.294044,13.520416],[109.294944,13.519013],[109.295016,13.517212],[109.295606,13.514844],[109.294852,13.513438],[109.290877,13.510837],[109.289754,13.510263],[109.286693,13.509497],[109.283857,13.509547],[109.280739,13.510253],[109.277357,13.511405],[109.273437,13.51375],[109.269568,13.517306],[109.266232,13.518727],[109.262657,13.519209],[109.260764,13.519896],[109.257342,13.520447],[109.254312,13.521735],[109.253224,13.522666],[109.25226,13.521995],[109.251119,13.522378],[109.248284,13.523933],[109.247478,13.524909],[109.246962,13.526365],[109.248031,13.52789],[109.249019,13.528132],[109.248762,13.529761],[109.249954,13.531617],[109.250094,13.533061],[109.253056,13.536667],[109.253323,13.537486],[109.251275,13.537461],[109.249643,13.538319],[109.24787,13.5385],[109.247681,13.537845],[109.246191,13.536942],[109.243424,13.53728],[109.242597,13.538906],[109.240657,13.537958],[109.23808,13.537958],[109.236969,13.538229],[109.236141,13.53719],[109.23354,13.537732],[109.232192,13.536761],[109.231932,13.535429],[109.230773,13.53518],[109.228881,13.535564],[109.228219,13.536129],[109.228196,13.537235],[109.226328,13.539109],[109.226351,13.537732],[109.225902,13.536964],[109.224081,13.535451],[109.223135,13.533351],[109.222993,13.532019],[109.223963,13.530416],[109.222379,13.528971],[109.21999,13.52818],[109.218761,13.528926],[109.217318,13.529151],[109.216254,13.530122],[109.212778,13.5308],[109.208167,13.530822],[109.206937,13.531432],[109.204478,13.531951],[109.203934,13.532335],[109.201309,13.532132],[109.201215,13.527887],[109.201901,13.526419],[109.202232,13.524432],[109.203059,13.523506],[109.204785,13.522919],[109.203485,13.52109],[109.203201,13.519103],[109.201593,13.518719],[109.200978,13.51759],[109.201688,13.51531],[109.201499,13.513278],[109.200742,13.512442],[109.200529,13.50822],[109.199962,13.506842],[109.200647,13.506007],[109.201049,13.504268],[109.200836,13.501875],[109.202823,13.501039],[109.205235,13.501491],[109.205117,13.500204],[109.205802,13.498036],[109.204975,13.49632],[109.20462,13.494152],[109.206086,13.493475],[109.205708,13.490878],[109.20637,13.489343],[109.207056,13.489433],[109.207978,13.487875],[109.209751,13.488123],[109.211028,13.487943],[109.211525,13.487288],[109.210839,13.484217],[109.209136,13.482546],[109.20942,13.479972],[109.208971,13.478843],[109.20793,13.477962],[109.206795,13.475817],[109.208025,13.473311],[109.20741,13.472904],[109.205187,13.468637],[109.204313,13.465385],[109.204454,13.464775],[109.20339,13.463917],[109.203579,13.46315],[109.202137,13.461095],[109.203887,13.460011],[109.207339,13.456692],[109.206275,13.455337],[109.209538,13.448202],[109.210011,13.446102],[109.212187,13.443708],[109.216869,13.442353],[109.21571,13.444544],[109.215521,13.445673],[109.216538,13.447908],[109.219494,13.447547],[109.222607,13.446636]]]]},"properties":{"@id":"relation/19392106","admin_level":"6","boundary":"administrative","name":"Phường Sông Cầu","type":"boundary","wikidata":"Q138763429","wikipedia":"vi:Sông Cầu (phường)"},"id":"relation/19392106"},
{"type":"Feature","geometry":{"type":"Polygon","coordinates":[[[109.091941,12.855416],[109.093599,12.856421],[109.095514,12.857009],[109.09646,12.858228],[109.097926,12.859289],[109.099132,12.859018],[109.100929,12.859109],[109.103483,12.858567],[109.104618,12.858747],[109.107243,12.859876],[109.111003,12.860012],[109.112847,12.860621],[109.114384,12.863331],[109.115165,12.864144],[109.115685,12.865928],[109.116583,12.867124],[109.113793,12.867644],[109.111428,12.868412],[109.109773,12.869428],[109.111476,12.870805],[109.111736,12.872182],[109.111121,12.873831],[109.111759,12.875795],[109.113367,12.876563],[109.114739,12.878663],[109.114313,12.881011],[109.114881,12.882727],[109.117506,12.88476],[109.117742,12.88616],[109.116985,12.88914],[109.114053,12.888147],[109.110695,12.88914],[109.109702,12.888643],[109.107077,12.888914],[109.104382,12.89054],[109.10301,12.890224],[109.101804,12.889185],[109.099463,12.890088],[109.099652,12.891985],[109.098352,12.893837],[109.096105,12.895146],[109.095254,12.896027],[109.093788,12.898421],[109.092535,12.89973],[109.092606,12.90174],[109.093433,12.903704],[109.094355,12.905172],[109.094119,12.906233],[109.094379,12.909101],[109.093764,12.911901],[109.096105,12.912398],[109.097571,12.912014],[109.10022,12.913165],[109.10171,12.914385],[109.10275,12.914227],[109.106439,12.915762],[109.109655,12.919127],[109.107858,12.920301],[109.105706,12.924681],[109.105115,12.926488],[109.104571,12.930529],[109.10476,12.931907],[109.106888,12.933646],[109.109182,12.935858],[109.110908,12.936152],[109.113013,12.937236],[109.114904,12.937507],[109.116749,12.940307],[109.118049,12.941503],[109.118924,12.941368],[109.119492,12.939945],[109.120627,12.938229],[109.122992,12.937665],[109.12441,12.936468],[109.126089,12.937665],[109.12739,12.937055],[109.130133,12.937439],[109.132403,12.936536],[109.133207,12.936491],[109.134957,12.937958],[109.136423,12.940442],[109.137865,12.94042],[109.138457,12.940961],[109.140656,12.941074],[109.142666,12.938839],[109.144084,12.939133],[109.147631,12.938862],[109.149239,12.940758],[109.151131,12.941797],[109.151864,12.943332],[109.154371,12.944597],[109.154915,12.946019],[109.156121,12.946561],[109.157823,12.946719],[109.159549,12.946065],[109.161796,12.945681],[109.163002,12.946087],[109.164421,12.945884],[109.165768,12.944936],[109.168251,12.94559],[109.169812,12.945726],[109.17064,12.945071],[109.172011,12.947374],[109.173335,12.948074],[109.174683,12.949768],[109.176433,12.953087],[109.176078,12.954419],[109.175322,12.954871],[109.174329,12.956429],[109.173123,12.957264],[109.169008,12.962503],[109.169528,12.963316],[109.169954,12.965461],[109.169599,12.966274],[109.168228,12.967538],[109.169883,12.969977],[109.172106,12.96948],[109.172886,12.970541],[109.175582,12.969322],[109.176528,12.970248],[109.178396,12.968351],[109.179034,12.969796],[109.180406,12.97097],[109.18173,12.972867],[109.184,12.974245],[109.185253,12.974267],[109.186057,12.973725],[109.187263,12.973861],[109.188635,12.972754],[109.189817,12.974583],[109.190645,12.973996],[109.192395,12.97569],[109.190668,12.97639],[109.189297,12.977316],[109.185679,12.978332],[109.182629,12.978896],[109.182487,12.979844],[109.183953,12.980906],[109.184307,12.981786],[109.183078,12.98357],[109.182558,12.985264],[109.182723,12.986844],[109.181754,12.987499],[109.180453,12.987319],[109.179791,12.989193],[109.182676,12.992106],[109.181493,12.995063],[109.181777,13.005879],[109.181115,13.005405],[109.179956,13.003644],[109.178703,13.000821],[109.177119,12.999647],[109.17518,12.99897],[109.175582,12.997751],[109.174825,12.996847],[109.169647,12.99477],[109.166974,12.994386],[109.165035,12.993799],[109.162836,12.991722],[109.161205,12.990728],[109.157279,12.989689],[109.155506,12.989735],[109.152408,12.991631],[109.150564,12.993122],[109.147159,12.99398],[109.144794,12.994973],[109.140798,12.994364],[109.138953,12.994251],[109.135241,12.993641],[109.134176,12.993912],[109.131977,12.995131],[109.128336,12.996554],[109.125971,12.996757],[109.124103,12.998202],[109.121596,13.001115],[109.119586,13.001838],[109.117671,13.003328],[109.116891,13.005044],[109.114739,13.008702],[109.113462,13.011705],[109.112516,13.016131],[109.112682,13.017757],[109.113533,13.020286],[109.113817,13.022047],[109.113959,13.029092],[109.113438,13.031079],[109.111996,13.032095],[109.108685,13.032727],[109.106936,13.03214],[109.104831,13.030695],[109.102253,13.027579],[109.100267,13.026472],[109.098186,13.025885],[109.095491,13.026156],[109.094143,13.026766],[109.091944,13.029182],[109.089035,13.034466],[109.087332,13.038395],[109.087072,13.04212],[109.086576,13.044379],[109.084968,13.047449],[109.083147,13.048736],[109.081894,13.049098],[109.080404,13.04894],[109.078914,13.048059],[109.078039,13.047088],[109.075391,13.042933],[109.074634,13.039795],[109.073925,13.037808],[109.072553,13.035708],[109.070047,13.033201],[109.0678,13.03153],[109.061451,13.028161],[109.058737,13.025287],[109.057293,13.024221],[109.054295,13.023504],[109.05163,13.023922],[109.050552,13.023292],[109.049584,13.021812],[109.046285,13.019773],[109.045669,13.018544],[109.045586,13.016181],[109.045145,13.015138],[109.043341,13.013262],[109.043442,13.012099],[109.04489,13.011407],[109.045855,13.010417],[109.046952,13.00674],[109.044237,13.004234],[109.044124,13.002681],[109.045146,13.001586],[109.044996,13.000099],[109.043707,12.999316],[109.041559,12.999906],[109.040693,12.99939],[109.041189,12.997227],[109.040841,12.99606],[109.039048,12.995291],[109.03711,12.993599],[109.036749,12.99219],[109.037955,12.990534],[109.038288,12.989454],[109.038775,12.985875],[109.038357,12.983944],[109.037043,12.980349],[109.035434,12.979634],[109.035015,12.977168],[109.033901,12.976363],[109.031708,12.976283],[109.030724,12.975605],[109.030205,12.974571],[109.029731,12.972378],[109.027725,12.971575],[109.026872,12.969508],[109.026555,12.966442],[109.027841,12.961073],[109.027698,12.958892],[109.029398,12.95662],[109.030363,12.955852],[109.030829,12.954713],[109.030315,12.953585],[109.030572,12.949786],[109.029689,12.94898],[109.027962,12.948194],[109.028357,12.94689],[109.026924,12.946273],[109.025886,12.944888],[109.026631,12.942811],[109.02591,12.94093],[109.023649,12.937473],[109.022521,12.936068],[109.023433,12.934371],[109.021907,12.93239],[109.021964,12.930524],[109.020811,12.929287],[109.019962,12.92623],[109.019245,12.925477],[109.019466,12.924642],[109.020433,12.924062],[109.02073,12.922573],[109.020376,12.921385],[109.022247,12.919216],[109.022119,12.91831],[109.022872,12.917294],[109.022676,12.916063],[109.02319,12.914992],[109.023407,12.912443],[109.022296,12.911977],[109.020261,12.909568],[109.019717,12.909521],[109.017964,12.907019],[109.016523,12.902324],[109.014858,12.901208],[109.013128,12.901532],[109.011263,12.902243],[109.010452,12.901025],[109.010511,12.900293],[109.008088,12.898814],[109.007672,12.897733],[109.008414,12.896871],[109.008659,12.895418],[109.007976,12.893884],[109.005806,12.892752],[109.005536,12.891931],[109.003903,12.891098],[109.002575,12.891622],[109.002052,12.88959],[109.001483,12.888919],[109.001331,12.887547],[109.001467,12.885952],[109.001066,12.885436],[109.002439,12.883669],[109.002108,12.88247],[109.001235,12.882156],[109.001018,12.877191],[109.000349,12.876313],[109.000726,12.874964],[109.00034,12.871774],[109.001717,12.871214],[109.003336,12.871719],[109.003433,12.870462],[109.004477,12.869544],[109.006374,12.868549],[109.007919,12.869466],[109.010421,12.869507],[109.011816,12.870354],[109.014392,12.870392],[109.015332,12.86963],[109.017649,12.869429],[109.019341,12.86861],[109.021686,12.866833],[109.023771,12.865935],[109.024264,12.865396],[109.026174,12.866244],[109.028903,12.864742],[109.032367,12.863089],[109.033112,12.86317],[109.034544,12.860782],[109.034095,12.859005],[109.035483,12.858195],[109.036953,12.859306],[109.038604,12.860115],[109.041706,12.859638],[109.041837,12.858675],[109.043199,12.85763],[109.044974,12.855375],[109.04611,12.851894],[109.04758,12.851023],[109.049516,12.85222],[109.049698,12.851479],[109.05244,12.851337],[109.052978,12.852415],[109.054307,12.853191],[109.055297,12.854942],[109.058741,12.858031],[109.060303,12.857572],[109.06212,12.85811],[109.064364,12.859641],[109.067768,12.86026],[109.068486,12.859616],[109.072505,12.860203],[109.071594,12.858298],[109.071755,12.855403],[109.07271,12.854759],[109.073269,12.853721],[109.07524,12.852294],[109.076935,12.852055],[109.077542,12.850813],[109.078552,12.850155],[109.080145,12.849915],[109.081797,12.850456],[109.083767,12.850598],[109.087184,12.854583],[109.087646,12.854896],[109.090947,12.855711],[109.091941,12.855416]]]},"properties":{"@id":"relation/19392107","admin_level":"6","boundary":"administrative","name":"Xã Sơn Thành","type":"boundary"},"id":"relation/19392107"},
{"type":"Feature","geometry":{"type":"Polygon","coordinates":[[[109.083147,13.048736],[109.084708,13.053207],[109.083856,13.056007],[109.08291,13.056165],[109.081681,13.057475],[109.080499,13.057565],[109.08038,13.05883],[109.079174,13.060614],[109.080238,13.062036],[109.081279,13.06452],[109.082461,13.065401],[109.083549,13.067501],[109.083005,13.069036],[109.08284,13.071159],[109.084991,13.071362],[109.085748,13.07292],[109.08492,13.074862],[109.085062,13.075765],[109.08615,13.076804],[109.086387,13.079062],[109.086032,13.080597],[109.087332,13.0815],[109.088278,13.081523],[109.088657,13.080078],[109.090667,13.0801],[109.090383,13.081591],[109.091731,13.083397],[109.093528,13.083487],[109.095089,13.083984],[109.097453,13.08351],[109.099108,13.087936],[109.098872,13.088726],[109.101095,13.090239],[109.103341,13.089877],[109.10502,13.088432],[109.107456,13.089448],[109.10852,13.093558],[109.107196,13.095816],[109.107361,13.098232],[109.108827,13.099564],[109.110435,13.100197],[109.111476,13.100129],[109.111334,13.101551],[109.111783,13.102703],[109.111594,13.105119],[109.104902,13.106971],[109.10301,13.110425],[109.101142,13.111125],[109.100338,13.110132],[109.096365,13.109251],[109.094592,13.108054],[109.093008,13.107332],[109.092085,13.1053],[109.092298,13.103629],[109.091021,13.102951],[109.08842,13.103877],[109.086221,13.103945],[109.083785,13.103471],[109.081468,13.100377],[109.080593,13.101439],[109.079624,13.101529],[109.07863,13.102748],[109.075887,13.103087],[109.073192,13.103832],[109.072364,13.106451],[109.072128,13.10819],[109.069834,13.109116],[109.068179,13.110493],[109.066949,13.109883],[109.065483,13.11099],[109.063118,13.111554],[109.06203,13.111058],[109.061037,13.112593],[109.059618,13.112571],[109.058578,13.113632],[109.056237,13.114377],[109.056284,13.115393],[109.055031,13.116319],[109.055386,13.117335],[109.053305,13.120045],[109.053541,13.120948],[109.05191,13.122483],[109.053234,13.122844],[109.052217,13.124719],[109.053116,13.126277],[109.052643,13.127112],[109.050325,13.12876],[109.050136,13.129935],[109.050396,13.132531],[109.052099,13.13296],[109.053116,13.133841],[109.053849,13.135196],[109.055078,13.136076],[109.053849,13.137409],[109.054393,13.13838],[109.054487,13.13987],[109.056757,13.140096],[109.058436,13.140615],[109.061487,13.140954],[109.063213,13.142896],[109.06605,13.141925],[109.067162,13.146531],[109.067871,13.147367],[109.065648,13.149308],[109.064821,13.150754],[109.063142,13.150866],[109.061274,13.150595],[109.059571,13.149421],[109.05976,13.147367],[109.058673,13.146644],[109.057916,13.148337],[109.05645,13.14827],[109.054322,13.150641],[109.053896,13.151815],[109.052359,13.153937],[109.050893,13.154208],[109.049781,13.15615],[109.046613,13.15694],[109.044012,13.158995],[109.04439,13.161276],[109.045076,13.162473],[109.044201,13.16464],[109.044603,13.166131],[109.044154,13.167079],[109.044154,13.168863],[109.042475,13.169676],[109.040819,13.171301],[109.040346,13.172272],[109.038857,13.174056],[109.037485,13.174147],[109.035097,13.172611],[109.033678,13.170963],[109.031928,13.169653],[109.030817,13.16744],[109.029043,13.166221],[109.028121,13.166582],[109.026395,13.165837],[109.023557,13.166469],[109.023439,13.165905],[109.020767,13.165927],[109.019797,13.166447],[109.01774,13.165611],[109.015801,13.166424],[109.015115,13.164708],[109.01294,13.163534],[109.010954,13.162744],[109.010788,13.164347],[109.009558,13.165769],[109.006934,13.164211],[109.005326,13.164482],[109.00438,13.163669],[109.002654,13.164482],[109.00211,13.162947],[109.001022,13.162315],[108.999958,13.162495],[108.997735,13.161705],[108.996269,13.162744],[108.995465,13.162811],[108.992438,13.162134],[108.991067,13.162834],[108.990168,13.164166],[108.98707,13.165476],[108.985557,13.165882],[108.984304,13.168072],[108.984138,13.169472],[108.982388,13.170669],[108.980591,13.170985],[108.979929,13.17015],[108.978179,13.170037],[108.97773,13.172137],[108.976382,13.173447],[108.974207,13.17313],[108.973332,13.17383],[108.971133,13.174576],[108.970258,13.176427],[108.970896,13.178346],[108.970305,13.179543],[108.968839,13.179204],[108.968366,13.178392],[108.966687,13.177985],[108.965339,13.17654],[108.964819,13.178459],[108.963542,13.179543],[108.962147,13.179408],[108.960988,13.17855],[108.959853,13.176946],[108.959144,13.178505],[108.957772,13.179159],[108.956992,13.180808],[108.955479,13.179927],[108.955502,13.179114],[108.953587,13.177285],[108.949803,13.179069],[108.947391,13.177534],[108.945807,13.178166],[108.943324,13.177263],[108.942804,13.176608],[108.940416,13.176834],[108.938618,13.176743],[108.937412,13.17715],[108.935521,13.176811],[108.932352,13.177285],[108.931146,13.17724],[108.930484,13.174237],[108.928852,13.17505],[108.924005,13.176653],[108.923177,13.17724],[108.919157,13.179046],[108.918873,13.179656],[108.921333,13.183201],[108.921948,13.184443],[108.922752,13.185053],[108.921971,13.187108],[108.920552,13.187243],[108.918803,13.188146],[108.916225,13.187288],[108.914546,13.185888],[108.911969,13.184104],[108.910621,13.183856],[108.910384,13.182546],[108.908516,13.18153],[108.905939,13.18214],[108.903479,13.181756],[108.90102,13.180582],[108.899885,13.179543],[108.898656,13.179859],[108.896693,13.177827],[108.895321,13.179972],[108.893477,13.17873],[108.891869,13.179272],[108.890001,13.178369],[108.889623,13.176246],[108.888653,13.175547],[108.887258,13.175569],[108.885697,13.173966],[108.885082,13.173785],[108.883687,13.17453],[108.880968,13.173108],[108.880424,13.172001],[108.876711,13.169247],[108.875647,13.167982],[108.873235,13.166853],[108.875529,13.164979],[108.876617,13.164753],[108.878225,13.163737],[108.878769,13.162337],[108.877515,13.162156],[108.876853,13.159989],[108.874962,13.15825],[108.873046,13.157776],[108.874347,13.156895],[108.874843,13.157302],[108.881937,13.157753],[108.883734,13.158792],[108.885626,13.155857],[108.886383,13.156963],[108.887518,13.156308],[108.887849,13.154863],[108.886619,13.152199],[108.886052,13.151476],[108.890214,13.148518],[108.891491,13.147999],[108.893619,13.147818],[108.895085,13.148292],[108.895865,13.150347],[108.898892,13.148473],[108.898632,13.14687],[108.897686,13.145334],[108.897733,13.144454],[108.898916,13.141631],[108.897615,13.140863],[108.897639,13.139283],[108.89674,13.137725],[108.897071,13.136889],[108.898159,13.136099],[108.901044,13.133389],[108.901966,13.133615],[108.903172,13.132193],[108.902534,13.131809],[108.90076,13.12928],[108.898537,13.127993],[108.89771,13.126028],[108.896433,13.12508],[108.896078,13.124086],[108.894896,13.122844],[108.895038,13.120045],[108.894565,13.118509],[108.894801,13.116748],[108.896882,13.115506],[108.896906,13.113993],[108.898348,13.112593],[108.899247,13.112683],[108.900736,13.113519],[108.90329,13.113203],[108.904236,13.113993],[108.905631,13.114512],[108.906459,13.113135],[108.907287,13.112638],[108.90757,13.111351],[108.907476,13.109274],[108.908232,13.108551],[108.909817,13.108325],[108.911212,13.107535],[108.911448,13.106903],[108.910479,13.103922],[108.911259,13.102003],[108.912158,13.1018],[108.913955,13.100513],[108.915421,13.09988],[108.917597,13.09961],[108.917549,13.097668],[108.919985,13.097893],[108.922089,13.096945],[108.92462,13.097532],[108.926015,13.096652],[108.927481,13.093581],[108.928663,13.093016],[108.929893,13.091819],[108.931312,13.091571],[108.931477,13.090442],[108.930815,13.089178],[108.929136,13.088794],[108.928379,13.087755],[108.927623,13.088184],[108.926157,13.086716],[108.925447,13.085452],[108.92618,13.084865],[108.924785,13.083894],[108.92514,13.083352],[108.924265,13.08141],[108.923035,13.079852],[108.923106,13.077526],[108.922066,13.076217],[108.920812,13.075404],[108.920079,13.073913],[108.921475,13.071384],[108.92291,13.070209],[108.925293,13.070952],[108.928154,13.070707],[108.929998,13.069509],[108.930826,13.067833],[108.931139,13.06583],[108.931701,13.06429],[108.933615,13.062156],[108.936538,13.059654],[108.938445,13.057686],[108.941747,13.053611],[108.942754,13.052577],[108.945624,13.050336],[108.949231,13.046432],[108.950054,13.046001],[108.951548,13.04597],[108.953087,13.044896],[108.954852,13.044746],[108.957817,13.043486],[108.959473,13.041498],[108.960685,13.040516],[108.962676,13.039792],[108.966869,13.039688],[108.968524,13.03872],[108.969664,13.037299],[108.971904,13.03513],[108.976245,13.028753],[108.977611,13.026892],[108.979128,13.025727],[108.981085,13.025113],[108.984262,13.024532],[108.989992,13.024959],[108.992194,13.026254],[108.993031,13.028188],[108.99346,13.030988],[108.994044,13.032313],[108.995373,13.033854],[108.996036,13.035544],[108.996926,13.038745],[108.998207,13.040822],[109.000291,13.042805],[109.001577,13.043273],[109.004479,13.043405],[109.007498,13.044902],[109.008741,13.044838],[109.0103,13.043764],[109.011699,13.041216],[109.014044,13.038838],[109.015784,13.038457],[109.017864,13.037401],[109.01926,13.034996],[109.021499,13.031897],[109.024337,13.030901],[109.026628,13.030942],[109.028492,13.030691],[109.029809,13.030031],[109.031671,13.028641],[109.032847,13.028588],[109.034492,13.029464],[109.035841,13.029796],[109.037375,13.029554],[109.04011,13.028735],[109.041496,13.02894],[109.043251,13.029676],[109.044975,13.029852],[109.046679,13.029372],[109.049114,13.029373],[109.050148,13.028297],[109.051917,13.027248],[109.053039,13.025331],[109.054254,13.024843],[109.056207,13.026155],[109.05871,13.026852],[109.061451,13.028161],[109.0678,13.03153],[109.070047,13.033201],[109.072553,13.035708],[109.073925,13.037808],[109.074634,13.039795],[109.075391,13.042933],[109.078039,13.047088],[109.078914,13.048059],[109.080404,13.04894],[109.081894,13.049098],[109.083147,13.048736]]]},"properties":{"@id":"relation/19392108","admin_level":"6","boundary":"administrative","name":"Xã Sơn Hòa","type":"boundary"},"id":"relation/19392108"},
{"type":"Feature","geometry":{"type":"Polygon","coordinates":[[[109.329403,13.020647],[109.331022,13.02726],[109.332577,13.027712],[109.333352,13.028652],[109.336667,13.034234],[109.339006,13.030785],[109.356196,13.039544],[109.3495,13.051532],[109.348003,13.054447],[109.346502,13.056516],[109.341307,13.066535],[109.3373,13.073679],[109.335392,13.078228],[109.332895,13.082956],[109.332135,13.08385],[109.330454,13.087301],[109.322451,13.08412],[109.317154,13.081771],[109.316658,13.078633],[109.315712,13.076691],[109.313395,13.074658],[109.311266,13.07161],[109.308902,13.069871],[109.306206,13.069059],[109.304906,13.068404],[109.300578,13.065378],[109.299467,13.064385],[109.297362,13.06172],[109.295447,13.060185],[109.295352,13.05822],[109.294785,13.056504],[109.293059,13.055307],[109.289819,13.054675],[109.288187,13.053501],[109.284498,13.052372],[109.282583,13.049662],[109.280384,13.047404],[109.279887,13.046478],[109.284286,13.039975],[109.285373,13.037514],[109.285941,13.035392],[109.286981,13.034895],[109.2884,13.033156],[109.288069,13.03065],[109.289275,13.02794],[109.288471,13.026947],[109.28892,13.02636],[109.290978,13.026269],[109.291214,13.02435],[109.290292,13.024124],[109.290457,13.02146],[109.290434,13.012834],[109.291096,13.012473],[109.292586,13.012947],[109.292467,13.010734],[109.291167,13.010779],[109.291545,13.009221],[109.291498,13.005879],[109.293153,13.004886],[109.29592,13.005089],[109.296984,13.004841],[109.297835,13.005337],[109.298757,13.004999],[109.299845,13.005315],[109.30072,13.004525],[109.30247,13.004005],[109.303132,13.004547],[109.302801,13.005789],[109.303156,13.007528],[109.304125,13.008318],[109.307105,13.008408],[109.310297,13.007392],[109.31025,13.008024],[109.312189,13.00825],[109.313655,13.007979],[109.313773,13.010305],[109.315925,13.010463],[109.317817,13.010124],[109.318952,13.010463],[109.320087,13.012337],[109.327488,13.017576],[109.328765,13.018321],[109.329403,13.020647]]]},"properties":{"@id":"relation/19392109","UArea":"44.04","admin_level":"6","boundary":"administrative","name":"Phường Phú Yên","population":"61799","type":"boundary"},"id":"relation/19392109"},
{"type":"Feature","geometry":{"type":"Polygon","coordinates":[[[108.949054,13.52633],[108.948059,13.526773],[108.9448,13.525929],[108.944427,13.528738],[108.943514,13.529068],[108.942195,13.528605],[108.940029,13.529101],[108.937492,13.530488],[108.936375,13.532206],[108.935732,13.532636],[108.93266,13.531531],[108.932147,13.533101],[108.930388,13.534503],[108.928017,13.535034],[108.925263,13.536322],[108.922833,13.539646],[108.921155,13.540946],[108.919004,13.540515],[108.916898,13.540696],[108.915024,13.541306],[108.91337,13.541362],[108.911357,13.540637],[108.907747,13.542061],[108.907302,13.539903],[108.904322,13.538304],[108.902894,13.538276],[108.899707,13.539457],[108.898003,13.540718],[108.896698,13.540597],[108.894967,13.541187],[108.894103,13.539845],[108.89015,13.537788],[108.8879,13.537033],[108.882769,13.536384],[108.878661,13.536121],[108.871264,13.535163],[108.868336,13.5351],[108.86758,13.535561],[108.866714,13.537484],[108.866933,13.539792],[108.86775,13.54127],[108.869072,13.542532],[108.868772,13.544394],[108.869716,13.545379],[108.86981,13.546426],[108.868455,13.547625],[108.867242,13.549671],[108.863935,13.552562],[108.861636,13.553053],[108.859496,13.552344],[108.858205,13.552251],[108.857827,13.553174],[108.856473,13.553635],[108.856079,13.554696],[108.856266,13.55722],[108.855793,13.558728],[108.853919,13.560157],[108.852911,13.561757],[108.851869,13.566311],[108.85149,13.567296],[108.850329,13.56857],[108.849016,13.566504],[108.847606,13.565516],[108.844715,13.564389],[108.841529,13.563826],[108.838723,13.564393],[108.83779,13.564138],[108.833906,13.564151],[108.830679,13.564619],[108.826511,13.565039],[108.825597,13.566386],[108.824417,13.567245],[108.820212,13.569133],[108.817786,13.571381],[108.816012,13.572575],[108.814902,13.576555],[108.814281,13.577064],[108.809347,13.577209],[108.800948,13.577277],[108.792606,13.578228],[108.790292,13.577893],[108.788466,13.578016],[108.786788,13.577452],[108.785778,13.577697],[108.784203,13.576145],[108.78387,13.574936],[108.785173,13.574196],[108.784955,13.573621],[108.782059,13.57272],[108.781175,13.57194],[108.781176,13.569724],[108.780639,13.56871],[108.778917,13.568794],[108.777066,13.569727],[108.776084,13.57063],[108.775046,13.570244],[108.773815,13.569131],[108.770169,13.564462],[108.768659,13.561823],[108.766521,13.561275],[108.764934,13.562011],[108.763309,13.561894],[108.75854,13.56277],[108.755505,13.563867],[108.75365,13.565137],[108.752432,13.565236],[108.749586,13.566488],[108.748658,13.566118],[108.748156,13.563713],[108.748227,13.560946],[108.747833,13.555492],[108.747167,13.555067],[108.745017,13.555441],[108.743691,13.55666],[108.741097,13.556625],[108.739823,13.555198],[108.739608,13.553872],[108.740193,13.551544],[108.737307,13.550364],[108.736405,13.549333],[108.734759,13.543327],[108.734516,13.542079],[108.732951,13.54023],[108.732726,13.53855],[108.733338,13.537598],[108.735059,13.537168],[108.735068,13.536198],[108.734419,13.533937],[108.733577,13.532226],[108.732903,13.5283],[108.731548,13.527029],[108.73093,13.525699],[108.729999,13.524852],[108.727863,13.523915],[108.727201,13.523043],[108.727919,13.520795],[108.727409,13.519466],[108.725476,13.519659],[108.722904,13.519399],[108.719613,13.518688],[108.716464,13.51841],[108.714745,13.518735],[108.714084,13.517733],[108.714108,13.515216],[108.713504,13.512523],[108.713569,13.511265],[108.712805,13.509921],[108.713548,13.50648],[108.713633,13.501774],[108.713182,13.50122],[108.710083,13.499505],[108.708978,13.49814],[108.708725,13.495708],[108.709078,13.494025],[108.708857,13.49318],[108.707694,13.491609],[108.70614,13.490686],[108.705223,13.489414],[108.704917,13.487633],[108.703272,13.48638],[108.703726,13.48537],[108.705579,13.484583],[108.708039,13.482953],[108.708795,13.481314],[108.709271,13.478717],[108.70985,13.477268],[108.711367,13.47615],[108.713313,13.475933],[108.71461,13.47509],[108.71542,13.473784],[108.714881,13.470682],[108.713631,13.469664],[108.71298,13.468269],[108.712742,13.465629],[108.713773,13.464369],[108.716096,13.463047],[108.718283,13.462587],[108.719114,13.462954],[108.721109,13.464604],[108.722527,13.464422],[108.724615,13.463157],[108.72632,13.463687],[108.727985,13.463294],[108.728572,13.462173],[108.730654,13.460973],[108.731822,13.459832],[108.734144,13.459037],[108.735006,13.458219],[108.738139,13.45877],[108.739109,13.458138],[108.74044,13.458092],[108.74241,13.457409],[108.744211,13.457484],[108.747673,13.458936],[108.75008,13.4622],[108.751398,13.463629],[108.75231,13.463856],[108.755558,13.460044],[108.757113,13.459247],[108.757841,13.460019],[108.758679,13.462346],[108.760392,13.464708],[108.761093,13.464959],[108.762959,13.463723],[108.763926,13.463548],[108.765326,13.464472],[108.769263,13.464592],[108.770449,13.465018],[108.772281,13.466335],[108.773665,13.466872],[108.777452,13.467028],[108.778913,13.468122],[108.778985,13.467029],[108.780319,13.466247],[108.78171,13.467444],[108.783607,13.467564],[108.788357,13.468229],[108.78963,13.468796],[108.79003,13.470669],[108.791051,13.472169],[108.792954,13.474067],[108.794654,13.472891],[108.795281,13.471784],[108.795492,13.46853],[108.794789,13.466311],[108.795786,13.465],[108.795285,13.463895],[108.794073,13.462815],[108.792594,13.462888],[108.792229,13.46195],[108.792506,13.458218],[108.79075,13.45533],[108.789782,13.454093],[108.79052,13.453177],[108.792709,13.453116],[108.795955,13.452742],[108.796335,13.452036],[108.795438,13.450629],[108.796545,13.44952],[108.796561,13.447136],[108.799653,13.447157],[108.800187,13.446765],[108.801963,13.441353],[108.804118,13.440254],[108.804395,13.437885],[108.805851,13.436822],[108.806266,13.43512],[108.805841,13.433827],[108.804753,13.432118],[108.804722,13.43001],[108.805228,13.427271],[108.806128,13.424944],[108.805752,13.4231],[108.804839,13.422059],[108.805186,13.420925],[108.805094,13.417935],[108.805545,13.414362],[108.806896,13.411121],[108.806876,13.409177],[108.805457,13.407465],[108.805615,13.406561],[108.806686,13.405385],[108.807676,13.402128],[108.807234,13.39996],[108.809224,13.398006],[108.813031,13.397825],[108.815632,13.398706],[108.817429,13.398277],[108.819439,13.399045],[108.8223,13.39708],[108.821875,13.395771],[108.822348,13.393851],[108.824949,13.391842],[108.824949,13.391006],[108.826155,13.390035],[108.826226,13.388838],[108.827384,13.386874],[108.827503,13.385406],[108.828945,13.384142],[108.828851,13.382335],[108.830931,13.381523],[108.83287,13.381523],[108.834029,13.379219],[108.832681,13.377932],[108.833604,13.37739],[108.834242,13.375923],[108.835164,13.375945],[108.835732,13.375065],[108.835826,13.373755],[108.837576,13.372694],[108.839326,13.370797],[108.840579,13.371068],[108.842944,13.372603],[108.844978,13.373597],[108.8459,13.37371],[108.847342,13.373032],[108.848714,13.37012],[108.849423,13.369352],[108.849683,13.36811],[108.85096,13.369013],[108.853656,13.36732],[108.855524,13.367884],[108.855855,13.369487],[108.857368,13.37021],[108.858031,13.371587],[108.861648,13.374003],[108.863327,13.373078],[108.866874,13.373597],[108.868766,13.374613],[108.871438,13.375426],[108.874394,13.374026],[108.874583,13.372829],[108.876097,13.371768],[108.876735,13.370368],[108.878201,13.369081],[108.879667,13.367297],[108.880873,13.365174],[108.885768,13.364204],[108.886809,13.362013],[108.886525,13.361426],[108.889102,13.360839],[108.891467,13.359055],[108.890403,13.357994],[108.88993,13.355036],[108.889031,13.354313],[108.888204,13.351581],[108.888653,13.350249],[108.890001,13.349233],[108.890734,13.346794],[108.890899,13.345078],[108.891514,13.344062],[108.895298,13.341759],[108.897379,13.341398],[108.899152,13.340246],[108.90024,13.339049],[108.901966,13.338575],[108.903858,13.336656],[108.905064,13.335075],[108.90783,13.332772],[108.910313,13.332456],[108.913624,13.330988],[108.915374,13.328888],[108.917407,13.328956],[108.922113,13.326179],[108.922846,13.325366],[108.924289,13.325208],[108.925542,13.324304],[108.92566,13.322588],[108.92689,13.321392],[108.927055,13.32033],[108.92916,13.316943],[108.930933,13.315724],[108.932612,13.315453],[108.934622,13.313963],[108.935899,13.313872],[108.937176,13.312766],[108.940179,13.313421],[108.942189,13.314527],[108.942307,13.315905],[108.943915,13.316379],[108.945571,13.318479],[108.94829,13.319766],[108.951104,13.320466],[108.952168,13.319382],[108.952877,13.319585],[108.953208,13.320782],[108.954273,13.320353],[108.955171,13.320805],[108.955549,13.321753],[108.957016,13.321414],[108.958434,13.322092],[108.960066,13.323379],[108.960894,13.325253],[108.9599,13.326721],[108.963329,13.327759],[108.96489,13.326811],[108.96593,13.32663],[108.966616,13.327285],[108.968271,13.330062],[108.969785,13.330559],[108.971866,13.328956],[108.97397,13.329543],[108.975011,13.330446],[108.976264,13.329137],[108.977115,13.328888],[108.978345,13.327127],[108.979504,13.326833],[108.980899,13.32873],[108.982223,13.329769],[108.985061,13.329769],[108.985794,13.327917],[108.987,13.326811],[108.987969,13.326608],[108.988276,13.324033],[108.988868,13.323943],[108.989199,13.322498],[108.991871,13.319269],[108.990901,13.31893],[108.990665,13.317327],[108.993148,13.312766],[108.995441,13.310327],[108.996056,13.308453],[108.997475,13.306398],[108.997428,13.305269],[108.999627,13.303915],[109.001471,13.302018],[109.002228,13.299624],[109.002299,13.298563],[109.003387,13.296734],[109.003458,13.294137],[109.003245,13.292602],[109.005302,13.292331],[109.006413,13.291586],[109.007336,13.28935],[109.008542,13.288108],[109.009488,13.290186],[109.009535,13.291428],[109.011568,13.292083],[109.01294,13.291247],[109.0167,13.292105],[109.017125,13.29416],[109.018592,13.295199],[109.020247,13.295312],[109.02046,13.296982],[109.021358,13.298179],[109.020791,13.299895],[109.021713,13.303057],[109.022848,13.304389],[109.022895,13.305292],[109.025307,13.306692],[109.026253,13.308566],[109.027246,13.309763],[109.02753,13.312314],[109.02805,13.314166],[109.02805,13.318163],[109.028641,13.321324],[109.027435,13.32365],[109.02805,13.324846],[109.027719,13.326517],[109.029705,13.327556],[109.029303,13.329249],[109.029351,13.330898],[109.027317,13.331575],[109.026584,13.332343],[109.026868,13.334285],[109.026584,13.334962],[109.02805,13.33792],[109.028097,13.340517],[109.028878,13.342572],[109.031053,13.344581],[109.03032,13.346185],[109.028216,13.347878],[109.027246,13.348217],[109.026584,13.349233],[109.026395,13.351084],[109.024929,13.351514],[109.023321,13.352597],[109.02351,13.353975],[109.024787,13.353026],[109.025591,13.354426],[109.026821,13.355578],[109.026631,13.3563],[109.026939,13.358333],[109.026773,13.359597],[109.02403,13.35971],[109.02351,13.361449],[109.024243,13.362307],[109.023983,13.364294],[109.022872,13.365965],[109.023274,13.366687],[109.022848,13.368855],[109.021784,13.368923],[109.019797,13.372513],[109.019632,13.373642],[109.018379,13.375494],[109.017835,13.37721],[109.015045,13.3808],[109.014146,13.382403],[109.012443,13.383713],[109.011379,13.385293],[109.009984,13.385248],[109.008187,13.386558],[109.007265,13.387958],[109.006792,13.390148],[109.006886,13.391435],[109.006035,13.392361],[109.004687,13.3948],[109.003056,13.397171],[109.001731,13.398435],[109.0014,13.401348],[109.000005,13.403132],[108.999651,13.404712],[108.998799,13.406677],[108.999036,13.408212],[108.998421,13.410109],[108.998586,13.41117],[108.998208,13.412661],[108.996127,13.415212],[108.994448,13.416093],[108.992698,13.420699],[108.990003,13.424041],[108.98927,13.426321],[108.987662,13.429279],[108.985581,13.430634],[108.984517,13.433096],[108.985297,13.434834],[108.986503,13.436076],[108.986219,13.439012],[108.986361,13.439937],[108.985344,13.441924],[108.984044,13.44197],[108.983334,13.443076],[108.983784,13.444386],[108.983831,13.446982],[108.981939,13.44775],[108.981372,13.449511],[108.980118,13.450144],[108.9787,13.451611],[108.978747,13.453305],[108.978132,13.454682],[108.978321,13.455495],[108.974372,13.457843],[108.974018,13.458882],[108.972244,13.459311],[108.971369,13.458972],[108.969406,13.460214],[108.968461,13.46123],[108.966474,13.460259],[108.964843,13.460282],[108.964346,13.461705],[108.964984,13.46315],[108.966332,13.464098],[108.966592,13.465385],[108.96619,13.466559],[108.965103,13.467733],[108.964299,13.47103],[108.96418,13.473356],[108.96489,13.474237],[108.964724,13.47593],[108.966261,13.476833],[108.967751,13.478617],[108.967657,13.480356],[108.966711,13.483359],[108.965103,13.486656],[108.962478,13.489252],[108.962596,13.49142],[108.963211,13.494626],[108.962833,13.498217],[108.961887,13.499097],[108.959924,13.498555],[108.957559,13.499504],[108.955218,13.501242],[108.954604,13.502326],[108.953492,13.502597],[108.950324,13.500971],[108.950489,13.501829],[108.949922,13.503478],[108.949945,13.505081],[108.949425,13.506391],[108.949898,13.50822],[108.949496,13.509281],[108.950513,13.510997],[108.950513,13.512126],[108.95108,13.514068],[108.950158,13.516213],[108.94829,13.518336],[108.94907,13.519081],[108.949236,13.520797],[108.950418,13.520977],[108.950394,13.522039],[108.949047,13.52319],[108.949307,13.525516],[108.949054,13.52633]]]},"properties":{"@id":"relation/19392110","admin_level":"6","boundary":"administrative","name":"Xã Phú Mỡ","type":"boundary"},"id":"relation/19392110"},
{"type":"Feature","geometry":{"type":"Polygon","coordinates":[[[109.154986,13.155405],[109.152432,13.152041],[109.152526,13.150505],[109.151793,13.150234],[109.150256,13.147931],[109.149334,13.14845],[109.147064,13.147141],[109.146307,13.145967],[109.143493,13.146644],[109.142429,13.145447],[109.142524,13.142963],[109.141365,13.143325],[109.140561,13.142625],[109.140608,13.141247],[109.139308,13.139734],[109.139497,13.13856],[109.138953,13.136889],[109.139119,13.134157],[109.137747,13.132802],[109.136588,13.132373],[109.13569,13.130206],[109.13472,13.129641],[109.133822,13.130251],[109.13245,13.130386],[109.130866,13.132193],[109.130582,13.130589],[109.131717,13.129573],[109.133514,13.127202],[109.134933,13.12499],[109.13595,13.124403],[109.135382,13.123115],[109.136872,13.121219],[109.13621,13.119593],[109.136683,13.118419],[109.138031,13.116816],[109.139095,13.116748],[109.139639,13.115777],[109.139568,13.112525],[109.141436,13.110313],[109.142997,13.109522],[109.143068,13.1088],[109.144676,13.1067],[109.145125,13.103109],[109.146189,13.101868],[109.148341,13.100987],[109.15054,13.100851],[109.152479,13.099384],[109.152739,13.098368],[109.153898,13.097532],[109.153378,13.096087],[109.153969,13.095003],[109.155317,13.091526],[109.155175,13.090758],[109.153709,13.090013],[109.153519,13.089245],[109.152219,13.088681],[109.151037,13.087529],[109.151155,13.085407],[109.150564,13.083849],[109.150682,13.082674],[109.151841,13.081726],[109.152124,13.080552],[109.15106,13.079671],[109.151982,13.078768],[109.152053,13.076442],[109.150918,13.074929],[109.149902,13.074184],[109.150658,13.070617],[109.152077,13.069284],[109.153567,13.068313],[109.153921,13.066168],[109.156594,13.066078],[109.158769,13.065446],[109.160424,13.065604],[109.161134,13.065062],[109.162718,13.064994],[109.163711,13.061878],[109.165272,13.061314],[109.166785,13.061381],[109.168535,13.06233],[109.171089,13.060772],[109.172366,13.057407],[109.175062,13.058333],[109.175487,13.05953],[109.176859,13.060365],[109.177686,13.059394],[109.178845,13.059552],[109.179767,13.057159],[109.181162,13.056165],[109.182345,13.053185],[109.183291,13.052372],[109.19528,13.047856],[109.196178,13.048917],[109.198448,13.048895],[109.199536,13.050656],[109.202303,13.050678],[109.206701,13.051356],[109.209917,13.051672],[109.212967,13.05244],[109.218004,13.053207],[109.221527,13.05332],[109.221504,13.054698],[109.224601,13.053614],[109.235644,13.06023],[109.238884,13.062262],[109.239948,13.060952],[109.242526,13.062601],[109.244039,13.063233],[109.244748,13.064385],[109.246947,13.064339],[109.247349,13.065717],[109.248674,13.065672],[109.249572,13.066846],[109.25241,13.065604],[109.253592,13.065988],[109.255602,13.067704],[109.257399,13.068313],[109.257825,13.066055],[109.260592,13.067501],[109.259504,13.072559],[109.257683,13.082855],[109.256619,13.09349],[109.256501,13.095274],[109.256312,13.097645],[109.255129,13.098481],[109.254254,13.098142],[109.251795,13.099],[109.249998,13.097713],[109.247846,13.097984],[109.244725,13.098774],[109.24541,13.099948],[109.245481,13.103629],[109.244063,13.105864],[109.243755,13.107287],[109.241154,13.107806],[109.240752,13.108551],[109.235857,13.10828],[109.232901,13.109929],[109.231885,13.110945],[109.230537,13.111058],[109.226257,13.112435],[109.226044,13.11379],[109.22401,13.114693],[109.223372,13.115641],[109.22226,13.116183],[109.220203,13.115777],[109.218855,13.115032],[109.218051,13.115145],[109.217957,13.116906],[109.216609,13.120225],[109.21597,13.121015],[109.21642,13.122235],[109.215379,13.125035],[109.215947,13.126119],[109.215592,13.127112],[109.214433,13.126931],[109.214244,13.128377],[109.212707,13.128919],[109.211407,13.129844],[109.209349,13.128602],[109.207197,13.127993],[109.204289,13.127541],[109.202515,13.128964],[109.201759,13.129912],[109.201759,13.131154],[109.200576,13.13348],[109.200907,13.134993],[109.200032,13.136709],[109.198448,13.137793],[109.197171,13.139644],[109.195871,13.140051],[109.189628,13.14425],[109.178325,13.153621],[109.176197,13.14337],[109.168701,13.143167],[109.16111,13.143076],[109.159455,13.144454],[109.158036,13.146463],[109.157539,13.14766],[109.15605,13.14845],[109.155246,13.150483],[109.154986,13.155405]]]},"properties":{"@id":"relation/19392111","admin_level":"6","boundary":"administrative","name":"Xã Phú Hòa 2","type":"boundary"},"id":"relation/19392111"},
{"type":"Feature","geometry":{"type":"Polygon","coordinates":[[[109.111594,13.105119],[109.111783,13.102703],[109.111334,13.101551],[109.111476,13.100129],[109.110435,13.100197],[109.108827,13.099564],[109.107361,13.098232],[109.107196,13.095816],[109.10852,13.093558],[109.107456,13.089448],[109.10502,13.088432],[109.103341,13.089877],[109.101095,13.090239],[109.098872,13.088726],[109.099108,13.087936],[109.097453,13.08351],[109.095089,13.083984],[109.093528,13.083487],[109.091731,13.083397],[109.090383,13.081591],[109.090667,13.0801],[109.088657,13.080078],[109.088278,13.081523],[109.087332,13.0815],[109.086032,13.080597],[109.086387,13.079062],[109.08615,13.076804],[109.085062,13.075765],[109.08492,13.074862],[109.085748,13.07292],[109.084991,13.071362],[109.08284,13.071159],[109.083005,13.069036],[109.083549,13.067501],[109.082461,13.065401],[109.081279,13.06452],[109.080238,13.062036],[109.079174,13.060614],[109.08038,13.05883],[109.080499,13.057565],[109.081681,13.057475],[109.08291,13.056165],[109.083856,13.056007],[109.084708,13.053207],[109.083147,13.048736],[109.084968,13.047449],[109.086576,13.044379],[109.087072,13.04212],[109.087332,13.038395],[109.089035,13.034466],[109.091944,13.029182],[109.094143,13.026766],[109.095491,13.026156],[109.098186,13.025885],[109.100267,13.026472],[109.102253,13.027579],[109.104831,13.030695],[109.106936,13.03214],[109.108685,13.032727],[109.111996,13.032095],[109.113438,13.031079],[109.113959,13.029092],[109.113817,13.022047],[109.113533,13.020286],[109.112682,13.017757],[109.112516,13.016131],[109.113462,13.011705],[109.114739,13.008702],[109.116891,13.005044],[109.117671,13.003328],[109.119586,13.001838],[109.121596,13.001115],[109.124103,12.998202],[109.125971,12.996757],[109.128336,12.996554],[109.131977,12.995131],[109.134176,12.993912],[109.135241,12.993641],[109.138953,12.994251],[109.140798,12.994364],[109.144794,12.994973],[109.147159,12.99398],[109.150564,12.993122],[109.152408,12.991631],[109.155506,12.989735],[109.157279,12.989689],[109.161205,12.990728],[109.162836,12.991722],[109.165035,12.993799],[109.166974,12.994386],[109.169647,12.99477],[109.174825,12.996847],[109.175582,12.997751],[109.17518,12.99897],[109.177119,12.999647],[109.178703,13.000821],[109.179956,13.003644],[109.181115,13.005405],[109.181777,13.005879],[109.182841,13.006715],[109.184,13.009899],[109.185442,13.011615],[109.188611,13.013579],[109.191023,13.014008],[109.192962,13.013873],[109.195114,13.013308],[109.200269,13.010712],[109.202846,13.010283],[109.205448,13.010395],[109.207978,13.01017],[109.211359,13.011886],[109.214291,13.013624],[109.217909,13.015182],[109.221267,13.016379],[109.223537,13.016898],[109.224649,13.017486],[109.22628,13.019089],[109.229638,13.021369],[109.231483,13.022002],[109.233729,13.022182],[109.238624,13.021031],[109.242407,13.019676],[109.24489,13.019179],[109.247042,13.018998],[109.248839,13.019224],[109.250282,13.020286],[109.251795,13.022024],[109.253379,13.022769],[109.266953,13.031937],[109.269294,13.033043],[109.27206,13.035369],[109.273716,13.036475],[109.266574,13.050069],[109.262554,13.059801],[109.260592,13.067501],[109.257825,13.066055],[109.257399,13.068313],[109.255602,13.067704],[109.253592,13.065988],[109.25241,13.065604],[109.249572,13.066846],[109.248674,13.065672],[109.247349,13.065717],[109.246947,13.064339],[109.244748,13.064385],[109.244039,13.063233],[109.242526,13.062601],[109.239948,13.060952],[109.238884,13.062262],[109.235644,13.06023],[109.224601,13.053614],[109.221504,13.054698],[109.221527,13.05332],[109.218004,13.053207],[109.212967,13.05244],[109.209917,13.051672],[109.206701,13.051356],[109.202303,13.050678],[109.199536,13.050656],[109.198448,13.048895],[109.196178,13.048917],[109.19528,13.047856],[109.183291,13.052372],[109.182345,13.053185],[109.181162,13.056165],[109.179767,13.057159],[109.178845,13.059552],[109.177686,13.059394],[109.176859,13.060365],[109.175487,13.05953],[109.175062,13.058333],[109.172366,13.057407],[109.171089,13.060772],[109.168535,13.06233],[109.166785,13.061381],[109.165272,13.061314],[109.163711,13.061878],[109.162718,13.064994],[109.161134,13.065062],[109.160424,13.065604],[109.158769,13.065446],[109.156594,13.066078],[109.153921,13.066168],[109.153567,13.068313],[109.152077,13.069284],[109.150658,13.070617],[109.149902,13.074184],[109.150918,13.074929],[109.152053,13.076442],[109.151982,13.078768],[109.15106,13.079671],[109.152124,13.080552],[109.151841,13.081726],[109.150682,13.082674],[109.150564,13.083849],[109.151155,13.085407],[109.151037,13.087529],[109.152219,13.088681],[109.153519,13.089245],[109.153709,13.090013],[109.155175,13.090758],[109.155317,13.091526],[109.153969,13.095003],[109.153378,13.096087],[109.153898,13.097532],[109.152739,13.098368],[109.152479,13.099384],[109.15054,13.100851],[109.148341,13.100987],[109.146189,13.101868],[109.145125,13.103109],[109.144676,13.1067],[109.143068,13.1088],[109.142997,13.109522],[109.141436,13.110313],[109.139568,13.112525],[109.139639,13.115777],[109.139095,13.116748],[109.138031,13.116816],[109.136683,13.118419],[109.13621,13.119593],[109.136872,13.121219],[109.135382,13.123115],[109.13595,13.124403],[109.134933,13.12499],[109.133514,13.127202],[109.131717,13.129573],[109.130582,13.130589],[109.130866,13.132193],[109.127579,13.131402],[109.126657,13.132554],[109.124458,13.132667],[109.124363,13.132102],[109.115732,13.132486],[109.114621,13.132238],[109.11384,13.131154],[109.111972,13.13086],[109.11254,13.127835],[109.113509,13.125893],[109.113959,13.123973],[109.113959,13.121919],[109.113391,13.119886],[109.111145,13.115483],[109.113675,13.115122],[109.114242,13.110629],[109.114881,13.109183],[109.114573,13.108596],[109.112753,13.107829],[109.112563,13.106045],[109.111594,13.105119]]]},"properties":{"@id":"relation/19392112","admin_level":"6","boundary":"administrative","name":"Xã Phú Hòa 1","type":"boundary"},"id":"relation/19392112"},
{"type":"Feature","geometry":{"type":"MultiPolygon","coordinates":[[[[109.307045,13.226142],[109.307022,13.225664],[109.308918,13.224857],[109.309253,13.225768],[109.307045,13.226142]]],[[[109.330737,13.276815],[109.333133,13.275867],[109.334952,13.276346],[109.335585,13.275445],[109.337258,13.276035],[109.337662,13.276989],[109.341491,13.27726],[109.34135,13.278228],[109.34238,13.279898],[109.343546,13.280863],[109.342208,13.281903],[109.342276,13.283334],[109.339486,13.283717],[109.339432,13.282776],[109.338057,13.282104],[109.337112,13.285054],[109.333995,13.286362],[109.332075,13.288177],[109.331851,13.289258],[109.329816,13.288302],[109.328475,13.285412],[109.329331,13.284245],[109.32899,13.281736],[109.329644,13.278785],[109.330737,13.276815]]],[[[109.224341,13.30685],[109.226919,13.304366],[109.230324,13.303553],[109.230182,13.302673],[109.229165,13.301069],[109.229709,13.299715],[109.231246,13.297931],[109.232523,13.297592],[109.233114,13.296192],[109.234486,13.29495],[109.234013,13.293234],[109.232405,13.288921],[109.230371,13.286912],[109.228929,13.284405],[109.228527,13.283118],[109.228952,13.279664],[109.227108,13.278783],[109.225571,13.277518],[109.222733,13.278218],[109.218761,13.27657],[109.219707,13.275689],[109.220298,13.272483],[109.220842,13.270744],[109.219234,13.268915],[109.218193,13.266973],[109.21616,13.26659],[109.215024,13.26537],[109.212589,13.268057],[109.210271,13.268193],[109.208687,13.266748],[109.209184,13.266138],[109.210484,13.266228],[109.207032,13.262841],[109.206015,13.261057],[109.206157,13.259725],[109.204856,13.259816],[109.203532,13.258145],[109.202775,13.258099],[109.201593,13.2567],[109.20112,13.256858],[109.198827,13.255435],[109.199299,13.254735],[109.196911,13.252838],[109.195918,13.252929],[109.194972,13.251461],[109.194783,13.250219],[109.195232,13.249496],[109.196509,13.248977],[109.197762,13.240668],[109.203579,13.226149],[109.202823,13.224907],[109.201617,13.224049],[109.200529,13.217229],[109.201049,13.215175],[109.200576,13.21303],[109.201711,13.212939],[109.203485,13.213797],[109.204218,13.212488],[109.205519,13.211133],[109.206346,13.210749],[109.207339,13.207881],[109.207907,13.205556],[109.209326,13.202756],[109.208616,13.201807],[109.208522,13.200204],[109.210886,13.198894],[109.212329,13.199188],[109.213582,13.19824],[109.214528,13.198669],[109.216278,13.196027],[109.217531,13.196885],[109.222189,13.197743],[109.225051,13.198036],[109.225287,13.201152],[109.225051,13.202372],[109.225831,13.203252],[109.22881,13.20402],[109.229307,13.204743],[109.231364,13.206436],[109.233493,13.208717],[109.234462,13.209281],[109.235573,13.209191],[109.238766,13.206617],[109.242762,13.204991],[109.245812,13.206368],[109.24664,13.207114],[109.250944,13.206188],[109.253096,13.206685],[109.253143,13.205397],[109.255271,13.205849],[109.256761,13.206955],[109.259267,13.209462],[109.259717,13.210772],[109.261821,13.212126],[109.264068,13.212194],[109.266811,13.215604],[109.269365,13.221113],[109.278705,13.224003],[109.282228,13.225268],[109.286272,13.224591],[109.287596,13.224026],[109.288518,13.222378],[109.293366,13.220142],[109.294811,13.218812],[109.296915,13.220051],[109.297274,13.222278],[109.29836,13.224304],[109.299855,13.225561],[109.30279,13.227071],[109.305081,13.226334],[109.305581,13.227549],[109.306758,13.227768],[109.306776,13.230557],[109.304913,13.230438],[109.303097,13.236893],[109.302133,13.241234],[109.301907,13.244117],[109.302168,13.246431],[109.30313,13.249772],[109.303877,13.250731],[109.305481,13.251072],[109.308963,13.250749],[109.31021,13.251306],[109.311533,13.252433],[109.313242,13.252696],[109.31389,13.253654],[109.315625,13.254559],[109.316874,13.254435],[109.316567,13.256021],[109.314951,13.257691],[109.313921,13.262559],[109.313294,13.266325],[109.31167,13.269763],[109.311737,13.270513],[109.309468,13.273514],[109.309653,13.275717],[109.308937,13.277162],[109.307718,13.276903],[109.305404,13.278816],[109.303642,13.280875],[109.301369,13.282992],[109.297745,13.287812],[109.295265,13.292032],[109.293983,13.29481],[109.292936,13.296258],[109.288466,13.304802],[109.288199,13.306007],[109.286339,13.309388],[109.286209,13.310326],[109.28528,13.31205],[109.284976,13.313394],[109.282347,13.312269],[109.283222,13.309853],[109.283907,13.306105],[109.285799,13.302447],[109.286792,13.298811],[109.286839,13.297615],[109.287643,13.296305],[109.288589,13.293595],[109.289961,13.292195],[109.290032,13.291021],[109.291994,13.287679],[109.290481,13.28427],[109.288447,13.283389],[109.286272,13.284247],[109.283245,13.289283],[109.281259,13.292805],[109.279509,13.293234],[109.278894,13.294747],[109.26778,13.295447],[109.267733,13.296666],[109.266787,13.29827],[109.267189,13.300211],[109.264635,13.306127],[109.261443,13.307685],[109.259551,13.309221],[109.258274,13.309831],[109.255768,13.310147],[109.255129,13.309131],[109.253356,13.309131],[109.25066,13.310485],[109.246522,13.311953],[109.244275,13.310214],[109.2421,13.310079],[109.241485,13.308521],[109.24035,13.308566],[109.238577,13.309424],[109.237512,13.309266],[109.235597,13.307279],[109.234911,13.307279],[109.233469,13.308453],[109.230939,13.308995],[109.225949,13.307527],[109.224341,13.30685]]]]},"properties":{"@id":"relation/19392113","admin_level":"6","boundary":"administrative","name":"Xã Ô Loan","type":"boundary"},"id":"relation/19392113"},
{"type":"Feature","geometry":{"type":"MultiPolygon","coordinates":[[[[109.39409,12.833826],[109.392768,12.833578],[109.392668,12.831438],[109.391191,12.829081],[109.391694,12.827523],[109.391916,12.825439],[109.392867,12.826992],[109.39432,12.827755],[109.39426,12.828574],[109.395955,12.830056],[109.39569,12.831009],[109.396927,12.831368],[109.397333,12.832106],[109.39409,12.833826]]],[[[109.431563,12.945118],[109.428365,12.944529],[109.426899,12.945049],[109.421957,12.946336],[109.418528,12.947442],[109.417369,12.948232],[109.416116,12.94979],[109.4142,12.950784],[109.41115,12.950423],[109.409495,12.949768],[109.405498,12.947081],[109.404765,12.9462],[109.403914,12.944236],[109.402141,12.943942],[109.400154,12.94419],[109.397128,12.947307],[109.395094,12.950242],[109.394219,12.9511],[109.392398,12.952071],[109.39105,12.9532],[109.386889,12.956113],[109.38495,12.958326],[109.383081,12.959048],[109.38171,12.958055],[109.380811,12.958032],[109.379062,12.959116],[109.377997,12.959229],[109.374994,12.95889],[109.372677,12.959387],[109.369272,12.961464],[109.368019,12.962616],[109.366931,12.9644],[109.367191,12.966477],[109.36816,12.968803],[109.36764,12.970135],[109.366742,12.971106],[109.366434,12.972777],[109.367167,12.974403],[109.366458,12.975283],[109.362296,12.976232],[109.361421,12.976999],[109.360854,12.978603],[109.36005,12.979619],[109.357496,12.980815],[109.35577,12.980815],[109.353736,12.980115],[109.354469,12.978738],[109.353665,12.978286],[109.352625,12.976322],[109.350496,12.974064],[109.350473,12.97307],[109.349338,12.971354],[109.346855,12.973003],[109.343899,12.973296],[109.34326,12.971874],[109.345601,12.967629],[109.34274,12.960448],[109.342787,12.960042],[109.344892,12.95731],[109.344277,12.954871],[109.342456,12.954013],[109.342244,12.952455],[109.340896,12.950942],[109.339784,12.950535],[109.340565,12.949474],[109.339335,12.948752],[109.338862,12.947916],[109.339974,12.946674],[109.341794,12.943761],[109.342149,12.942136],[109.343852,12.94261],[109.344325,12.940329],[109.346145,12.938455],[109.346902,12.938274],[109.348084,12.936355],[109.347351,12.934391],[109.348226,12.93281],[109.348912,12.932675],[109.349834,12.930891],[109.349456,12.930191],[109.35052,12.928813],[109.351773,12.928159],[109.350402,12.926059],[109.351324,12.925584],[109.350969,12.924049],[109.350733,12.921136],[109.350118,12.919894],[109.35052,12.91942],[109.34974,12.917275],[109.349125,12.914362],[109.349078,12.912465],[109.348628,12.910343],[109.346524,12.910952],[109.345152,12.91023],[109.343875,12.910253],[109.342882,12.90953],[109.342054,12.910207],[109.340281,12.910772],[109.340967,12.909394],[109.340967,12.908085],[109.339808,12.905917],[109.337703,12.905104],[109.337301,12.904653],[109.336994,12.902417],[109.33619,12.901175],[109.335126,12.90104],[109.334606,12.90183],[109.33295,12.901627],[109.330822,12.897224],[109.329616,12.896185],[109.326755,12.894266],[109.325005,12.893814],[109.324036,12.89483],[109.32335,12.89474],[109.32238,12.895779],[109.320796,12.895869],[109.319685,12.895463],[109.31829,12.895801],[109.316374,12.894672],[109.315476,12.89343],[109.31356,12.889208],[109.313205,12.886837],[109.314624,12.884443],[109.316232,12.88406],[109.316611,12.882795],[109.317982,12.882163],[109.319188,12.881079],[109.320347,12.881485],[109.322593,12.881373],[109.324296,12.880379],[109.326093,12.880289],[109.32737,12.880605],[109.329995,12.880176],[109.330751,12.879205],[109.330042,12.878121],[109.329947,12.875886],[109.329214,12.873289],[109.328268,12.871392],[109.328505,12.869315],[109.328363,12.866312],[109.327843,12.865183],[109.32886,12.864686],[109.329096,12.862134],[109.328481,12.860034],[109.328245,12.857076],[109.327488,12.854299],[109.327606,12.851002],[109.328836,12.848902],[109.331856,12.848416],[109.333735,12.848601],[109.335881,12.848053],[109.338719,12.849065],[109.340943,12.849024],[109.342244,12.847444],[109.343663,12.847705],[109.345891,12.850653],[109.347551,12.852343],[109.349976,12.855881],[109.350816,12.856684],[109.352597,12.857537],[109.356521,12.858324],[109.35998,12.858193],[109.3631,12.85945],[109.364154,12.8607],[109.364156,12.863155],[109.365849,12.866636],[109.366963,12.868176],[109.367821,12.868524],[109.36999,12.866255],[109.372323,12.862469],[109.37397,12.861302],[109.375615,12.859346],[109.375881,12.857281],[109.376695,12.855729],[109.37939,12.854222],[109.386368,12.847452],[109.38913,12.844679],[109.390482,12.843591],[109.391459,12.844878],[109.390943,12.847791],[109.392322,12.849598],[109.392774,12.85094],[109.395903,12.853105],[109.39755,12.852718],[109.400607,12.854257],[109.401216,12.856303],[109.402068,12.857098],[109.402957,12.85946],[109.403052,12.860502],[109.401557,12.862531],[109.40155,12.863566],[109.400427,12.865486],[109.400718,12.866382],[109.401995,12.867386],[109.405032,12.867916],[109.410171,12.869545],[109.412544,12.869112],[109.413782,12.869363],[109.414526,12.871173],[109.417423,12.872046],[109.418875,12.872194],[109.421179,12.873252],[109.420629,12.874754],[109.419247,12.874683],[109.419054,12.875857],[109.420668,12.877409],[109.422079,12.876418],[109.423225,12.876701],[109.424186,12.877649],[109.426397,12.877798],[109.427113,12.878446],[109.428004,12.880487],[109.430195,12.881394],[109.436424,12.881432],[109.437932,12.880116],[109.437909,12.877926],[109.436986,12.875423],[109.438112,12.871231],[109.437863,12.869285],[109.436465,12.868109],[109.435348,12.866387],[109.434892,12.864834],[109.433244,12.863417],[109.430085,12.862155],[109.428435,12.860593],[109.427721,12.858829],[109.424725,12.856479],[109.424089,12.85511],[109.42004,12.850257],[109.419947,12.848458],[109.4207,12.847725],[109.422875,12.847869],[109.424575,12.84758],[109.424962,12.846855],[109.426111,12.84673],[109.428973,12.847611],[109.430459,12.848577],[109.431195,12.849494],[109.432695,12.85304],[109.433351,12.853749],[109.435924,12.854755],[109.437889,12.856823],[109.440243,12.856633],[109.442527,12.856834],[109.450498,12.858409],[109.452377,12.859067],[109.453378,12.86028],[109.453658,12.861771],[109.453421,12.863854],[109.453554,12.865949],[109.452963,12.867099],[109.451322,12.868657],[109.451189,12.87151],[109.45174,12.874111],[109.451215,12.87559],[109.45168,12.878523],[109.452959,12.879851],[109.454469,12.880456],[109.456972,12.880053],[109.458384,12.880269],[109.458996,12.881939],[109.457995,12.883366],[109.456664,12.884259],[109.455666,12.886647],[109.453975,12.887966],[109.454518,12.890063],[109.457067,12.892581],[109.458302,12.895801],[109.458655,12.89734],[109.457442,12.898001],[109.455358,12.897987],[109.453918,12.896987],[109.452752,12.897235],[109.450936,12.899178],[109.451978,12.90068],[109.45324,12.90363],[109.453622,12.906239],[109.453112,12.906934],[109.453327,12.908188],[109.455368,12.91187],[109.455785,12.913338],[109.45497,12.914012],[109.451801,12.91382],[109.451273,12.915393],[109.450204,12.915745],[109.448679,12.916912],[109.44531,12.915887],[109.444634,12.916567],[109.445068,12.917887],[109.444637,12.918633],[109.443061,12.918518],[109.442162,12.919929],[109.438215,12.924449],[109.43274,12.931943],[109.430383,12.935374],[109.429242,12.937367],[109.428689,12.938966],[109.428786,12.940224],[109.429547,12.941276],[109.430772,12.941005],[109.43161,12.94252],[109.43208,12.944133],[109.431563,12.945118]]]]},"properties":{"@id":"relation/19392114","admin_level":"6","boundary":"administrative","name":"Xã Hòa Xuân","type":"boundary"},"id":"relation/19392114"},
{"type":"Feature","geometry":{"type":"Polygon","coordinates":[[[109.194904,12.82838],[109.20115,12.828697],[109.206057,12.828811],[109.208644,12.829687],[109.210056,12.829793],[109.211428,12.829109],[109.214295,12.828136],[109.216128,12.827216],[109.217468,12.825899],[109.218318,12.82438],[109.219004,12.821136],[109.220007,12.819439],[109.22298,12.816667],[109.225624,12.815481],[109.227718,12.81342],[109.229417,12.812509],[109.231211,12.814034],[109.233024,12.816941],[109.240395,12.821342],[109.244263,12.824823],[109.246948,12.826061],[109.24847,12.82702],[109.250786,12.830267],[109.252435,12.832126],[109.255158,12.833326],[109.255159,12.83389],[109.253972,12.835244],[109.254011,12.835958],[109.255814,12.83667],[109.257233,12.837853],[109.259188,12.837475],[109.260875,12.838075],[109.262928,12.836009],[109.267657,12.834779],[109.269381,12.833687],[109.27122,12.832145],[109.272561,12.832106],[109.276588,12.833116],[109.279042,12.834184],[109.281342,12.833844],[109.283219,12.832452],[109.285404,12.831848],[109.287896,12.832221],[109.289507,12.833403],[109.292691,12.835016],[109.297292,12.836232],[109.29806,12.836832],[109.299558,12.839123],[109.301937,12.841075],[109.303163,12.84066],[109.304273,12.839456],[109.306151,12.838815],[109.308566,12.838831],[109.31033,12.83913],[109.311667,12.83989],[109.313233,12.84173],[109.314974,12.84277],[109.317044,12.843275],[109.317388,12.842635],[109.318419,12.838801],[109.319336,12.836901],[109.320952,12.835895],[109.322387,12.836607],[109.32337,12.838072],[109.324445,12.838709],[109.326899,12.839345],[109.328817,12.840658],[109.32974,12.84233],[109.330547,12.844509],[109.331319,12.847815],[109.331856,12.848416],[109.328836,12.848902],[109.327606,12.851002],[109.327488,12.854299],[109.328245,12.857076],[109.328481,12.860034],[109.329096,12.862134],[109.32886,12.864686],[109.327843,12.865183],[109.328363,12.866312],[109.328505,12.869315],[109.328268,12.871392],[109.329214,12.873289],[109.329947,12.875886],[109.330042,12.878121],[109.330751,12.879205],[109.329995,12.880176],[109.32737,12.880605],[109.326093,12.880289],[109.324296,12.880379],[109.322593,12.881373],[109.320347,12.881485],[109.319188,12.881079],[109.317982,12.882163],[109.316611,12.882795],[109.316232,12.88406],[109.314624,12.884443],[109.313205,12.886837],[109.31356,12.889208],[109.315476,12.89343],[109.316374,12.894672],[109.31829,12.895801],[109.317249,12.895643],[109.31427,12.896795],[109.312591,12.898217],[109.312685,12.899933],[109.312236,12.900769],[109.310699,12.90192],[109.309067,12.901898],[109.306513,12.90332],[109.305804,12.905917],[109.305899,12.907114],[109.305071,12.908943],[109.304693,12.910614],[109.305378,12.911923],[109.30597,12.914114],[109.304645,12.91522],[109.304267,12.917817],[109.304574,12.918878],[109.304102,12.919556],[109.303912,12.921588],[109.304362,12.922423],[109.304598,12.925562],[109.302446,12.927549],[109.301264,12.927933],[109.300413,12.929039],[109.298119,12.927888],[109.295683,12.928181],[109.292751,12.926601],[109.2919,12.926871],[109.290552,12.928091],[109.289724,12.929626],[109.288116,12.930417],[109.284664,12.930146],[109.283931,12.929559],[109.283222,12.928068],[109.281448,12.927617],[109.280597,12.926962],[109.279083,12.927459],[109.275915,12.92712],[109.273053,12.92852],[109.272391,12.927978],[109.271138,12.928136],[109.271067,12.929604],[109.268584,12.929152],[109.267426,12.929829],[109.266905,12.93132],[109.265203,12.93272],[109.264612,12.935723],[109.263429,12.935655],[109.263618,12.940916],[109.264541,12.943016],[109.266953,12.942361],[109.267165,12.9441],[109.26849,12.944778],[109.270807,12.943626],[109.271942,12.946223],[109.273266,12.946539],[109.273077,12.950242],[109.271658,12.949994],[109.270239,12.950919],[109.268111,12.951506],[109.267851,12.954193],[109.267757,12.961193],[109.267426,12.963],[109.266787,12.964016],[109.265841,12.964422],[109.264872,12.966003],[109.265463,12.967245],[109.266787,12.968035],[109.267213,12.968848],[109.267496,12.971287],[109.26577,12.972348],[109.265014,12.972167],[109.264753,12.970925],[109.260686,12.971987],[109.260686,12.974087],[109.259859,12.974561],[109.259078,12.975848],[109.259433,12.976457],[109.25844,12.978332],[109.256619,12.977835],[109.255815,12.976886],[109.254656,12.976706],[109.253663,12.978174],[109.253521,12.979438],[109.252717,12.979574],[109.252221,12.982599],[109.251133,12.98348],[109.249714,12.981606],[109.249052,12.981222],[109.245812,12.983841],[109.243968,12.984564],[109.240397,12.98707],[109.238837,12.98777],[109.236992,12.989238],[109.236094,12.987996],[109.234509,12.989418],[109.23101,12.987409],[109.227865,12.987815],[109.224814,12.987996],[109.224885,12.990073],[109.221031,12.990164],[109.219659,12.990389],[109.219612,12.988944],[109.215876,12.989644],[109.21571,12.989125],[109.213511,12.98917],[109.212518,12.988064],[109.213322,12.986912],[109.212754,12.98558],[109.211927,12.986054],[109.212045,12.983141],[109.211572,12.982509],[109.212187,12.980657],[109.21422,12.978128],[109.214386,12.976841],[109.213866,12.975825],[109.216018,12.976187],[109.216916,12.975938],[109.217649,12.976706],[109.220274,12.975441],[109.222875,12.975803],[109.223916,12.975238],[109.223679,12.971829],[109.224814,12.971919],[109.226091,12.973251],[109.228645,12.973025],[109.22855,12.971287],[109.231388,12.97097],[109.231317,12.970587],[109.232499,12.964829],[109.232949,12.960809],[109.234107,12.956903],[109.233091,12.95591],[109.231317,12.955368],[109.231388,12.954035],[109.232121,12.953426],[109.232665,12.951755],[109.234273,12.950739],[109.234438,12.948887],[109.232641,12.949406],[109.2303,12.949452],[109.230016,12.947848],[109.231554,12.946313],[109.231483,12.944642],[109.230206,12.944732],[109.229118,12.946561],[109.228409,12.94699],[109.226564,12.946719],[109.22576,12.945748],[109.227061,12.943536],[109.227179,12.941142],[109.226186,12.940036],[109.223632,12.940103],[109.221693,12.939449],[109.22122,12.937778],[109.220747,12.934504],[109.221858,12.931613],[109.222071,12.92852],[109.22252,12.92642],[109.222402,12.925223],[109.220392,12.926397],[109.218288,12.924884],[109.217815,12.923959],[109.217224,12.921001],[109.216467,12.919194],[109.215568,12.914227],[109.213984,12.912533],[109.212849,12.910794],[109.212163,12.909124],[109.212423,12.905827],[109.213606,12.904382],[109.213393,12.902914],[109.213748,12.897359],[109.212589,12.895508],[109.211099,12.896321],[109.209113,12.89404],[109.206819,12.889434],[109.205921,12.888463],[109.203579,12.887108],[109.200647,12.885753],[109.198164,12.881102],[109.198425,12.879363],[109.20008,12.875682],[109.200647,12.87286],[109.201546,12.871866],[109.200766,12.868863],[109.200907,12.867395],[109.201451,12.866718],[109.203083,12.863399],[109.203367,12.860938],[109.204525,12.859786],[109.204383,12.859041],[109.202634,12.856173],[109.199962,12.85308],[109.197881,12.849625],[109.196887,12.846193],[109.196769,12.843596],[109.196249,12.84197],[109.197006,12.83987],[109.1958,12.837974],[109.195752,12.837296],[109.19684,12.836596],[109.1958,12.835016],[109.195847,12.833232],[109.194904,12.82838]]]},"properties":{"@id":"relation/19392115","admin_level":"6","boundary":"administrative","name":"Xã Hòa Thịnh","type":"boundary"},"id":"relation/19392115"},
{"type":"Feature","geometry":{"type":"Polygon","coordinates":[[[109.115218,12.798071],[109.116271,12.797942],[109.119862,12.79823],[109.122745,12.797107],[109.124973,12.796521],[109.126405,12.795848],[109.132686,12.789545],[109.135073,12.787512],[109.137279,12.78477],[109.139028,12.78201],[109.139922,12.781288],[109.14219,12.781618],[109.143046,12.782866],[109.145336,12.787282],[109.146928,12.789183],[109.148082,12.791084],[109.150532,12.796104],[109.151627,12.798727],[109.153001,12.80093],[109.154912,12.802908],[109.155847,12.804215],[109.157486,12.807699],[109.157826,12.809405],[109.157986,12.812057],[109.158338,12.813184],[109.159333,12.813983],[109.162198,12.815035],[109.163632,12.817677],[109.164644,12.823116],[109.166834,12.825591],[109.168625,12.826536],[109.170635,12.827178],[109.171928,12.827294],[109.176781,12.826072],[109.178631,12.826139],[109.180052,12.826929],[109.182135,12.829493],[109.185293,12.827418],[109.187452,12.826987],[109.19091,12.828247],[109.194904,12.82838],[109.195847,12.833232],[109.1958,12.835016],[109.19684,12.836596],[109.195752,12.837296],[109.1958,12.837974],[109.197006,12.83987],[109.196249,12.84197],[109.196769,12.843596],[109.196887,12.846193],[109.197881,12.849625],[109.199962,12.85308],[109.202634,12.856173],[109.204383,12.859041],[109.204525,12.859786],[109.203367,12.860938],[109.203083,12.863399],[109.201451,12.866718],[109.200907,12.867395],[109.200766,12.868863],[109.201546,12.871866],[109.200647,12.87286],[109.20008,12.875682],[109.198425,12.879363],[109.198164,12.881102],[109.200647,12.885753],[109.203579,12.887108],[109.205921,12.888463],[109.206819,12.889434],[109.209113,12.89404],[109.211099,12.896321],[109.212589,12.895508],[109.213748,12.897359],[109.213393,12.902914],[109.213606,12.904382],[109.212423,12.905827],[109.212163,12.909124],[109.212849,12.910794],[109.213984,12.912533],[109.215568,12.914227],[109.216467,12.919194],[109.217224,12.921001],[109.217815,12.923959],[109.218288,12.924884],[109.220392,12.926397],[109.222402,12.925223],[109.22252,12.92642],[109.222071,12.92852],[109.221858,12.931613],[109.220747,12.934504],[109.22122,12.937778],[109.221693,12.939449],[109.223632,12.940103],[109.226186,12.940036],[109.227179,12.941142],[109.227061,12.943536],[109.22576,12.945748],[109.226564,12.946719],[109.228409,12.94699],[109.229118,12.946561],[109.230206,12.944732],[109.231483,12.944642],[109.231554,12.946313],[109.230016,12.947848],[109.2303,12.949452],[109.232641,12.949406],[109.234438,12.948887],[109.234273,12.950739],[109.232665,12.951755],[109.232121,12.953426],[109.231388,12.954035],[109.231317,12.955368],[109.233091,12.95591],[109.234107,12.956903],[109.232949,12.960809],[109.232499,12.964829],[109.231317,12.970587],[109.231388,12.97097],[109.22855,12.971287],[109.228645,12.973025],[109.226091,12.973251],[109.224814,12.971919],[109.223679,12.971829],[109.223916,12.975238],[109.222875,12.975803],[109.220274,12.975441],[109.217649,12.976706],[109.216916,12.975938],[109.216018,12.976187],[109.213866,12.975825],[109.213748,12.977338],[109.210863,12.978535],[109.209231,12.979732],[109.206677,12.979122],[109.204738,12.980228],[109.203911,12.979709],[109.201617,12.979709],[109.197999,12.978377],[109.198874,12.976886],[109.197195,12.976164],[109.192395,12.97569],[109.190645,12.973996],[109.189817,12.974583],[109.188635,12.972754],[109.187263,12.973861],[109.186057,12.973725],[109.185253,12.974267],[109.184,12.974245],[109.18173,12.972867],[109.180406,12.97097],[109.179034,12.969796],[109.178396,12.968351],[109.176528,12.970248],[109.175582,12.969322],[109.172886,12.970541],[109.172106,12.96948],[109.169883,12.969977],[109.168228,12.967538],[109.169599,12.966274],[109.169954,12.965461],[109.169528,12.963316],[109.169008,12.962503],[109.173123,12.957264],[109.174329,12.956429],[109.175322,12.954871],[109.176078,12.954419],[109.176433,12.953087],[109.174683,12.949768],[109.173335,12.948074],[109.172011,12.947374],[109.17064,12.945071],[109.169812,12.945726],[109.168251,12.94559],[109.165768,12.944936],[109.164421,12.945884],[109.163002,12.946087],[109.161796,12.945681],[109.159549,12.946065],[109.157823,12.946719],[109.156121,12.946561],[109.154915,12.946019],[109.154371,12.944597],[109.151864,12.943332],[109.151131,12.941797],[109.149239,12.940758],[109.147631,12.938862],[109.144084,12.939133],[109.142666,12.938839],[109.140656,12.941074],[109.138457,12.940961],[109.137865,12.94042],[109.136423,12.940442],[109.134957,12.937958],[109.133207,12.936491],[109.132403,12.936536],[109.130133,12.937439],[109.12739,12.937055],[109.126089,12.937665],[109.12441,12.936468],[109.122992,12.937665],[109.120627,12.938229],[109.119492,12.939945],[109.118924,12.941368],[109.118049,12.941503],[109.116749,12.940307],[109.114904,12.937507],[109.113013,12.937236],[109.110908,12.936152],[109.109182,12.935858],[109.106888,12.933646],[109.10476,12.931907],[109.104571,12.930529],[109.105115,12.926488],[109.105706,12.924681],[109.107858,12.920301],[109.109655,12.919127],[109.106439,12.915762],[109.10275,12.914227],[109.10171,12.914385],[109.10022,12.913165],[109.097571,12.912014],[109.096105,12.912398],[109.093764,12.911901],[109.094379,12.909101],[109.094119,12.906233],[109.094355,12.905172],[109.093433,12.903704],[109.092606,12.90174],[109.092535,12.89973],[109.093788,12.898421],[109.095254,12.896027],[109.096105,12.895146],[109.098352,12.893837],[109.099652,12.891985],[109.099463,12.890088],[109.101804,12.889185],[109.10301,12.890224],[109.104382,12.89054],[109.107077,12.888914],[109.109702,12.888643],[109.110695,12.88914],[109.114053,12.888147],[109.116985,12.88914],[109.117742,12.88616],[109.117506,12.88476],[109.114881,12.882727],[109.114313,12.881011],[109.114739,12.878663],[109.113367,12.876563],[109.111759,12.875795],[109.111121,12.873831],[109.111736,12.872182],[109.111476,12.870805],[109.109773,12.869428],[109.111428,12.868412],[109.113793,12.867644],[109.116583,12.867124],[109.115685,12.865928],[109.115165,12.864144],[109.114384,12.863331],[109.112847,12.860621],[109.111003,12.860012],[109.107243,12.859876],[109.104618,12.858747],[109.103483,12.858567],[109.100929,12.859109],[109.099132,12.859018],[109.097926,12.859289],[109.09646,12.858228],[109.095514,12.857009],[109.093599,12.856421],[109.091941,12.855416],[109.093113,12.854201],[109.094455,12.851842],[109.093994,12.850414],[109.094572,12.84942],[109.093811,12.848356],[109.093642,12.847153],[109.094788,12.846683],[109.097021,12.847041],[109.099176,12.846437],[109.099368,12.845849],[109.098702,12.843274],[109.097677,12.842711],[109.096117,12.840607],[109.095582,12.838976],[109.094448,12.837845],[109.093214,12.835675],[109.09269,12.833833],[109.092959,12.833179],[109.09203,12.830873],[109.091991,12.830052],[109.0909,12.82706],[109.091953,12.824877],[109.091812,12.823553],[109.092883,12.822133],[109.093823,12.82188],[109.094024,12.820636],[109.096425,12.819408],[109.097707,12.817274],[109.097661,12.816097],[109.098318,12.814268],[109.09827,12.810555],[109.098729,12.810008],[109.099692,12.807427],[109.099997,12.80567],[109.100952,12.80497],[109.103101,12.804386],[109.105252,12.804458],[109.106062,12.803216],[109.107119,12.802634],[109.108095,12.800013],[109.109481,12.798327],[109.111517,12.796886],[109.113062,12.796931],[109.114316,12.797951],[109.115218,12.798071]]]},"properties":{"@id":"relation/19392116","admin_level":"6","boundary":"administrative","name":"Xã Hòa Mỹ","type":"boundary"},"id":"relation/19392116"},
{"type":"Feature","geometry":{"type":"Polygon","coordinates":[[[109.329403,13.020647],[109.330326,13.020511],[109.332383,13.01954],[109.333211,13.01805],[109.333944,13.015747],[109.335008,13.015544],[109.335623,13.011231],[109.338555,13.011253],[109.338957,13.010373],[109.338366,13.007076],[109.338437,13.006399],[109.337774,13.002696],[109.340068,13.002334],[109.343166,13.002741],[109.344183,13.00317],[109.346807,12.995605],[109.346973,12.994747],[109.349456,12.988222],[109.348557,12.987341],[109.348888,12.985738],[109.350213,12.983977],[109.35156,12.983141],[109.352506,12.981719],[109.352861,12.980025],[109.353736,12.980115],[109.35577,12.980815],[109.357496,12.980815],[109.36005,12.979619],[109.360854,12.978603],[109.361421,12.976999],[109.362296,12.976232],[109.366458,12.975283],[109.367167,12.974403],[109.366434,12.972777],[109.366742,12.971106],[109.36764,12.970135],[109.36816,12.968803],[109.367191,12.966477],[109.366931,12.9644],[109.368019,12.962616],[109.369272,12.961464],[109.372677,12.959387],[109.374994,12.95889],[109.377997,12.959229],[109.379062,12.959116],[109.380811,12.958032],[109.38171,12.958055],[109.383081,12.959048],[109.38495,12.958326],[109.386889,12.956113],[109.39105,12.9532],[109.392398,12.952071],[109.394219,12.9511],[109.395094,12.950242],[109.397128,12.947307],[109.400154,12.94419],[109.402141,12.943942],[109.403914,12.944236],[109.404765,12.9462],[109.405498,12.947081],[109.409495,12.949768],[109.41115,12.950423],[109.4142,12.950784],[109.416116,12.94979],[109.417369,12.948232],[109.418528,12.947442],[109.421957,12.946336],[109.426899,12.945049],[109.428365,12.944529],[109.431563,12.945118],[109.431725,12.94661],[109.430795,12.946763],[109.429371,12.947694],[109.425541,12.951104],[109.424835,12.951517],[109.414994,12.961599],[109.409628,12.96694],[109.404696,12.972762],[109.399355,12.979584],[109.392547,12.987575],[109.388593,12.992593],[109.384087,12.998118],[109.376493,13.007853],[109.371264,13.015321],[109.370236,13.017003],[109.367551,13.020716],[109.362011,13.029607],[109.360123,13.032506],[109.356196,13.039544],[109.339006,13.030785],[109.336667,13.034234],[109.333352,13.028652],[109.332577,13.027712],[109.331022,13.02726],[109.329403,13.020647]]]},"properties":{"@id":"relation/19392117","UArea":"40.81","admin_level":"6","boundary":"administrative","name":"Phường Hòa Hiệp","population":"53597","type":"boundary"},"id":"relation/19392117"},
{"type":"Feature","geometry":{"type":"Polygon","coordinates":[[[108.996127,13.415212],[108.998208,13.412661],[108.998586,13.41117],[108.998421,13.410109],[108.999036,13.408212],[108.998799,13.406677],[108.999651,13.404712],[109.000005,13.403132],[109.0014,13.401348],[109.001731,13.398435],[109.003056,13.397171],[109.004687,13.3948],[109.006035,13.392361],[109.006886,13.391435],[109.006792,13.390148],[109.007265,13.387958],[109.008187,13.386558],[109.009984,13.385248],[109.011379,13.385293],[109.012443,13.383713],[109.014146,13.382403],[109.015045,13.3808],[109.017835,13.37721],[109.018379,13.375494],[109.019632,13.373642],[109.019797,13.372513],[109.021784,13.368923],[109.022848,13.368855],[109.023274,13.366687],[109.022872,13.365965],[109.023983,13.364294],[109.024243,13.362307],[109.02351,13.361449],[109.02403,13.35971],[109.026773,13.359597],[109.026939,13.358333],[109.026631,13.3563],[109.026821,13.355578],[109.025591,13.354426],[109.024787,13.353026],[109.02351,13.353975],[109.023321,13.352597],[109.024929,13.351514],[109.026395,13.351084],[109.026584,13.349233],[109.027246,13.348217],[109.028216,13.347878],[109.03032,13.346185],[109.031053,13.344581],[109.032165,13.344988],[109.033489,13.344672],[109.035854,13.342775],[109.03661,13.342956],[109.038242,13.341714],[109.042215,13.340314],[109.043728,13.338056],[109.044768,13.338665],[109.046305,13.338688],[109.048103,13.337649],[109.050917,13.336791],[109.051602,13.337062],[109.051508,13.338282],[109.054795,13.340065],[109.055126,13.340562],[109.057703,13.341375],[109.05846,13.341059],[109.059855,13.341375],[109.059004,13.343656],[109.059358,13.345191],[109.059217,13.34641],[109.058531,13.347585],[109.058578,13.349572],[109.060446,13.348894],[109.062314,13.347381],[109.065365,13.346546],[109.066547,13.345665],[109.069479,13.346185],[109.071087,13.345868],[109.072317,13.346094],[109.074705,13.345959],[109.077377,13.347607],[109.079884,13.348623],[109.080593,13.349843],[109.081563,13.353591],[109.080877,13.356391],[109.081279,13.359507],[109.082343,13.359846],[109.083171,13.359326],[109.085393,13.358717],[109.087593,13.358739],[109.088397,13.359168],[109.0892,13.358039],[109.091045,13.3577],[109.092014,13.356955],[109.093812,13.356323],[109.094261,13.354178],[109.095987,13.353184],[109.098683,13.353681],[109.10223,13.351717],[109.103743,13.350317],[109.104689,13.352078],[109.106202,13.353072],[109.107881,13.35332],[109.107243,13.351536],[109.107952,13.350588],[109.107125,13.34991],[109.10852,13.348759],[109.107834,13.348081],[109.107763,13.346365],[109.108141,13.34422],[109.109253,13.34431],[109.110388,13.343136],[109.109442,13.34264],[109.108851,13.341398],[109.109371,13.340449],[109.111286,13.340472],[109.111901,13.339162],[109.111523,13.338146],[109.11202,13.33713],[109.111665,13.334285],[109.112138,13.331395],[109.111145,13.331124],[109.110435,13.329633],[109.109253,13.32812],[109.110955,13.32742],[109.112209,13.327308],[109.111405,13.325546],[109.113036,13.323943],[109.113155,13.322634],[109.112611,13.321934],[109.11332,13.321685],[109.114455,13.323401],[109.116158,13.323446],[109.117222,13.324282],[109.119374,13.325366],[109.119326,13.323559],[109.12188,13.321121],[109.12415,13.321166],[109.127059,13.322927],[109.12869,13.322995],[109.13018,13.325456],[109.130866,13.325772],[109.131906,13.32295],[109.133183,13.322159],[109.133774,13.322588],[109.135217,13.321166],[109.137487,13.320488],[109.140041,13.320759],[109.141223,13.321324],[109.14198,13.319834],[109.143399,13.319314],[109.144203,13.318321],[109.146662,13.318817],[109.148625,13.31893],[109.148577,13.320421],[109.149854,13.322046],[109.151722,13.322566],[109.152786,13.322385],[109.155033,13.323243],[109.156523,13.322746],[109.159691,13.324101],[109.161205,13.32505],[109.162411,13.325298],[109.163948,13.324733],[109.163711,13.323988],[109.16636,13.323875],[109.167968,13.32435],[109.16863,13.323175],[109.169008,13.321279],[109.170427,13.320443],[109.171467,13.320466],[109.173643,13.32155],[109.175345,13.321527],[109.1757,13.322814],[109.177119,13.32173],[109.178916,13.324169],[109.178467,13.324688],[109.176055,13.325208],[109.174116,13.325908],[109.173288,13.326991],[109.174305,13.327601],[109.176244,13.327466],[109.176811,13.329453],[109.175984,13.331982],[109.175937,13.333088],[109.17648,13.334624],[109.178372,13.337198],[109.179082,13.337559],[109.180831,13.339456],[109.181801,13.339772],[109.18173,13.34063],[109.183503,13.342888],[109.185774,13.346388],[109.188067,13.347562],[109.189415,13.348556],[109.191165,13.350475],[109.191591,13.351965],[109.190716,13.352846],[109.190621,13.354381],[109.189675,13.354901],[109.188989,13.357407],[109.187831,13.358446],[109.186246,13.35892],[109.184118,13.360229],[109.182203,13.361787],[109.182487,13.363007],[109.182156,13.364339],[109.180098,13.366665],[109.18121,13.368155],[109.182085,13.368132],[109.182297,13.369849],[109.179909,13.371068],[109.180902,13.373529],[109.177497,13.373055],[109.174612,13.372355],[109.172815,13.37249],[109.17168,13.37319],[109.169457,13.373778],[109.168204,13.375719],[109.168535,13.376555],[109.170829,13.379106],[109.171136,13.380845],[109.172271,13.382832],[109.170332,13.384345],[109.17019,13.385248],[109.171609,13.386693],[109.173548,13.38798],[109.173052,13.390013],[109.174754,13.391232],[109.176409,13.391729],[109.176173,13.393106],[109.174896,13.393625],[109.175038,13.394935],[109.176055,13.39708],[109.175582,13.397667],[109.175629,13.399022],[109.174589,13.399541],[109.174683,13.402183],[109.174376,13.403245],[109.173028,13.403899],[109.171562,13.407783],[109.171988,13.408438],[109.169741,13.409432],[109.167069,13.411328],[109.16539,13.409138],[109.164397,13.410199],[109.163569,13.412435],[109.161559,13.412548],[109.161015,13.414783],[109.160519,13.415393],[109.159337,13.414919],[109.157989,13.416206],[109.156759,13.417831],[109.1556,13.417357],[109.155175,13.416409],[109.153709,13.416025],[109.154087,13.414738],[109.151935,13.411125],[109.147229,13.411215],[109.145882,13.412051],[109.143919,13.412231],[109.141956,13.413248],[109.140088,13.412977],[109.139497,13.413293],[109.138244,13.41257],[109.138173,13.414241],[109.136447,13.418464],[109.135548,13.41957],[109.135879,13.420857],[109.136825,13.422709],[109.134626,13.423431],[109.132947,13.424741],[109.133443,13.425667],[109.130842,13.42596],[109.129092,13.428828],[109.128052,13.42937],[109.127484,13.430815],[109.126562,13.43025],[109.123512,13.429799],[109.123819,13.430815],[109.12285,13.43366],[109.123441,13.434834],[109.122944,13.435466],[109.12363,13.436392],[109.122661,13.438131],[109.122046,13.438537],[109.121289,13.442692],[109.120627,13.443934],[109.118924,13.445153],[109.119303,13.446553],[109.11708,13.448586],[109.115756,13.449511],[109.114597,13.451092],[109.113793,13.45326],[109.111783,13.453056],[109.110199,13.452447],[109.108283,13.45414],[109.107314,13.455924],[109.105517,13.455043],[109.104334,13.455021],[109.10301,13.458114],[109.101,13.45843],[109.100906,13.459108],[109.099061,13.460869],[109.097902,13.460869],[109.096484,13.462743],[109.094639,13.462834],[109.09322,13.464166],[109.091991,13.464211],[109.091163,13.464843],[109.090667,13.466063],[109.088609,13.466582],[109.087049,13.467824],[109.084873,13.468682],[109.082674,13.468795],[109.080711,13.470014],[109.079505,13.47033],[109.074516,13.463917],[109.07052,13.462021],[109.069645,13.461366],[109.068912,13.459921],[109.06955,13.457505],[109.068391,13.457189],[109.066547,13.45825],[109.066689,13.459266],[109.065932,13.460756],[109.064868,13.460485],[109.063307,13.462224],[109.062267,13.462179],[109.06073,13.462946],[109.059713,13.464143],[109.058507,13.463308],[109.057301,13.463985],[109.05321,13.462585],[109.052879,13.460756],[109.051886,13.459401],[109.051768,13.457776],[109.05068,13.458182],[109.049025,13.456918],[109.047866,13.455134],[109.045596,13.452921],[109.043373,13.452943],[109.041742,13.45405],[109.041269,13.454772],[109.038928,13.455405],[109.038053,13.454637],[109.035995,13.453576],[109.035735,13.452989],[109.034198,13.452876],[109.0333,13.451092],[109.033371,13.449173],[109.035381,13.445628],[109.034837,13.443911],[109.031574,13.444792],[109.029847,13.444228],[109.029469,13.444747],[109.026939,13.445402],[109.026017,13.44416],[109.024574,13.444115],[109.023037,13.443302],[109.023794,13.442715],[109.024054,13.440976],[109.023155,13.43987],[109.02228,13.436257],[109.022422,13.434247],[109.023037,13.432328],[109.02455,13.431718],[109.025331,13.430702],[109.027246,13.430838],[109.027293,13.428986],[109.026017,13.428354],[109.025638,13.427609],[109.025946,13.426051],[109.023155,13.42368],[109.021051,13.423363],[109.009488,13.416951],[109.007359,13.41668],[109.005799,13.415957],[109.002654,13.416544],[108.99939,13.418464],[108.997664,13.417447],[108.995843,13.41686],[108.996127,13.415212]]]},"properties":{"@id":"relation/19392118","admin_level":"6","boundary":"administrative","name":"Xã Đồng Xuân","type":"boundary"},"id":"relation/19392118"},
{"type":"Feature","geometry":{"type":"Polygon","coordinates":[[[109.329403,13.020647],[109.328765,13.018321],[109.327488,13.017576],[109.320087,13.012337],[109.318952,13.010463],[109.317817,13.010124],[109.315925,13.010463],[109.313773,13.010305],[109.313655,13.007979],[109.312189,13.00825],[109.31025,13.008024],[109.310297,13.007392],[109.307105,13.008408],[109.304125,13.008318],[109.303156,13.007528],[109.302801,13.005789],[109.303132,13.004547],[109.30247,13.004005],[109.30072,13.004525],[109.299845,13.005315],[109.298757,13.004999],[109.297835,13.005337],[109.296984,13.004841],[109.29592,13.005089],[109.293153,13.004886],[109.291498,13.005879],[109.290339,13.006602],[109.284759,13.005089],[109.283789,13.00396],[109.283245,13.004186],[109.281472,13.00195],[109.279887,13.003734],[109.279131,13.00335],[109.275536,13.002402],[109.277404,12.997976],[109.278327,12.995244],[109.277996,12.993212],[109.276435,12.990796],[109.277475,12.989102],[109.276908,12.988109],[109.276482,12.984699],[109.27433,12.98488],[109.273361,12.984293],[109.273857,12.981493],[109.273503,12.979686],[109.273763,12.978941],[109.27608,12.97788],[109.276269,12.976187],[109.273645,12.973387],[109.272108,12.972258],[109.273124,12.967629],[109.273928,12.966522],[109.273243,12.966071],[109.274023,12.962232],[109.273999,12.960606],[109.274685,12.958845],[109.275844,12.954939],[109.274969,12.952906],[109.275655,12.949903],[109.275749,12.948232],[109.276931,12.94471],[109.278114,12.943987],[109.279485,12.943671],[109.28088,12.940171],[109.281661,12.939291],[109.282181,12.937597],[109.283458,12.937439],[109.288755,12.940781],[109.293933,12.9427],[109.295802,12.94419],[109.297362,12.944913],[109.298426,12.944281],[109.299774,12.944394],[109.299892,12.946381],[109.301973,12.947803],[109.303321,12.947736],[109.305047,12.945748],[109.306372,12.945094],[109.307696,12.943039],[109.308429,12.942971],[109.309138,12.940713],[109.307317,12.938433],[109.306632,12.938026],[109.306986,12.936355],[109.303983,12.933104],[109.3015,12.929468],[109.300413,12.929039],[109.301264,12.927933],[109.302446,12.927549],[109.304598,12.925562],[109.304362,12.922423],[109.303912,12.921588],[109.304102,12.919556],[109.304574,12.918878],[109.304267,12.917817],[109.304645,12.91522],[109.30597,12.914114],[109.305378,12.911923],[109.304693,12.910614],[109.305071,12.908943],[109.305899,12.907114],[109.305804,12.905917],[109.306513,12.90332],[109.309067,12.901898],[109.310699,12.90192],[109.312236,12.900769],[109.312685,12.899933],[109.312591,12.898217],[109.31427,12.896795],[109.317249,12.895643],[109.31829,12.895801],[109.319685,12.895463],[109.320796,12.895869],[109.32238,12.895779],[109.32335,12.89474],[109.324036,12.89483],[109.325005,12.893814],[109.326755,12.894266],[109.329616,12.896185],[109.330822,12.897224],[109.33295,12.901627],[109.334606,12.90183],[109.335126,12.90104],[109.33619,12.901175],[109.336994,12.902417],[109.337301,12.904653],[109.337703,12.905104],[109.339808,12.905917],[109.340967,12.908085],[109.340967,12.909394],[109.340281,12.910772],[109.342054,12.910207],[109.342882,12.90953],[109.343875,12.910253],[109.345152,12.91023],[109.346524,12.910952],[109.348628,12.910343],[109.349078,12.912465],[109.349125,12.914362],[109.34974,12.917275],[109.35052,12.91942],[109.350118,12.919894],[109.350733,12.921136],[109.350969,12.924049],[109.351324,12.925584],[109.350402,12.926059],[109.351773,12.928159],[109.35052,12.928813],[109.349456,12.930191],[109.349834,12.930891],[109.348912,12.932675],[109.348226,12.93281],[109.347351,12.934391],[109.348084,12.936355],[109.346902,12.938274],[109.346145,12.938455],[109.344325,12.940329],[109.343852,12.94261],[109.342149,12.942136],[109.341794,12.943761],[109.339974,12.946674],[109.338862,12.947916],[109.339335,12.948752],[109.340565,12.949474],[109.339784,12.950535],[109.340896,12.950942],[109.342244,12.952455],[109.342456,12.954013],[109.344277,12.954871],[109.344892,12.95731],[109.342787,12.960042],[109.34274,12.960448],[109.345601,12.967629],[109.34326,12.971874],[109.343899,12.973296],[109.346855,12.973003],[109.349338,12.971354],[109.350473,12.97307],[109.350496,12.974064],[109.352625,12.976322],[109.353665,12.978286],[109.354469,12.978738],[109.353736,12.980115],[109.352861,12.980025],[109.352506,12.981719],[109.35156,12.983141],[109.350213,12.983977],[109.348888,12.985738],[109.348557,12.987341],[109.349456,12.988222],[109.346973,12.994747],[109.346807,12.995605],[109.344183,13.00317],[109.343166,13.002741],[109.340068,13.002334],[109.337774,13.002696],[109.338437,13.006399],[109.338366,13.007076],[109.338957,13.010373],[109.338555,13.011253],[109.335623,13.011231],[109.335008,13.015544],[109.333944,13.015747],[109.333211,13.01805],[109.332383,13.01954],[109.330326,13.020511],[109.329403,13.020647]]]},"properties":{"@id":"relation/19392119","UArea":"21.89","admin_level":"6","boundary":"administrative","name":"Phường Đông Hòa","population":"132056","type":"boundary"},"id":"relation/19392119"},
{"type":"Feature","geometry":{"type":"MultiPolygon","coordinates":[[[[109.32055,13.167088],[109.321434,13.166703],[109.323034,13.167243],[109.322395,13.168515],[109.320887,13.168039],[109.32055,13.167088]]],[[[109.294885,13.171603],[109.29339,13.173627],[109.293319,13.175185],[109.292538,13.17584],[109.290599,13.176021],[109.290552,13.176653],[109.288944,13.177421],[109.287454,13.179069],[109.286154,13.179814],[109.285633,13.177376],[109.283222,13.178572],[109.282488,13.179204],[109.281164,13.178482],[109.281164,13.176924],[109.278067,13.174553],[109.277263,13.171798],[109.276482,13.170918],[109.276671,13.16875],[109.274307,13.168976],[109.27206,13.170195],[109.268821,13.170827],[109.267757,13.171934],[109.265557,13.17146],[109.264895,13.172227],[109.262554,13.172747],[109.260923,13.171753],[109.25468,13.16884],[109.253427,13.167734],[109.251606,13.167802],[109.250471,13.173672],[109.247089,13.173379],[109.246025,13.174034],[109.245316,13.173695],[109.244843,13.172543],[109.244725,13.166695],[109.244181,13.164256],[109.24359,13.16385],[109.24113,13.163286],[109.242242,13.161976],[109.242289,13.160847],[109.242951,13.159515],[109.24113,13.15755],[109.239641,13.156331],[109.237465,13.155315],[109.236188,13.154118],[109.232523,13.153215],[109.231932,13.15326],[109.23056,13.154818],[109.227486,13.156534],[109.224152,13.156986],[109.223277,13.157528],[109.221173,13.155857],[109.218737,13.15475],[109.215332,13.154028],[109.21396,13.154095],[109.211879,13.154908],[109.20987,13.156331],[109.209468,13.157302],[109.206299,13.161208],[109.204596,13.162518],[109.200718,13.164415],[109.199654,13.164685],[109.196013,13.166831],[109.192371,13.16674],[109.188824,13.168298],[109.186554,13.168434],[109.184355,13.166898],[109.183007,13.166266],[109.18173,13.158228],[109.179933,13.154592],[109.178325,13.153621],[109.189628,13.14425],[109.195871,13.140051],[109.197171,13.139644],[109.198448,13.137793],[109.200032,13.136709],[109.200907,13.134993],[109.200576,13.13348],[109.201759,13.131154],[109.201759,13.129912],[109.202515,13.128964],[109.204289,13.127541],[109.207197,13.127993],[109.209349,13.128602],[109.211407,13.129844],[109.212707,13.128919],[109.214244,13.128377],[109.214433,13.126931],[109.215592,13.127112],[109.215947,13.126119],[109.215379,13.125035],[109.21642,13.122235],[109.21597,13.121015],[109.216609,13.120225],[109.217957,13.116906],[109.218051,13.115145],[109.218855,13.115032],[109.220203,13.115777],[109.22226,13.116183],[109.223372,13.115641],[109.22401,13.114693],[109.226044,13.11379],[109.226257,13.112435],[109.230537,13.111058],[109.231885,13.110945],[109.232901,13.109929],[109.235857,13.10828],[109.240752,13.108551],[109.241154,13.107806],[109.243755,13.107287],[109.244063,13.105864],[109.245481,13.103629],[109.24541,13.099948],[109.244725,13.098774],[109.247846,13.097984],[109.249998,13.097713],[109.251795,13.099],[109.254254,13.098142],[109.255129,13.098481],[109.256312,13.097645],[109.256501,13.095274],[109.259717,13.095297],[109.261183,13.097871],[109.261656,13.097622],[109.261396,13.095342],[109.264683,13.093761],[109.264683,13.094913],[109.265392,13.095523],[109.266976,13.095297],[109.267898,13.09611],[109.266905,13.097781],[109.268088,13.097758],[109.269033,13.096945],[109.271233,13.096335],[109.271611,13.097126],[109.272793,13.096223],[109.27381,13.096177],[109.273928,13.094461],[109.275844,13.094371],[109.284049,13.101597],[109.290522,13.10639],[109.293575,13.1075],[109.296482,13.109102],[109.302136,13.112599],[109.307565,13.116618],[109.303253,13.123179],[109.30032,13.128017],[109.299251,13.130218],[109.297664,13.134314],[109.296069,13.137878],[109.294915,13.141426],[109.293002,13.148753],[109.292632,13.151614],[109.292198,13.157987],[109.292543,13.162763],[109.29357,13.167797],[109.294885,13.171603]]]]},"properties":{"@id":"relation/19392120","admin_level":"6","boundary":"administrative","name":"Phường Bình Kiến","type":"boundary"},"id":"relation/19392120"}
]}